# Blender 5.0.1
# www.blender.org
mtllib solar.mtl
o structure_small_3.6kW_var02
v 0.312326 5.357863 5.380045
v 0.312326 5.365448 5.379247
v 0.317718 5.361257 5.375854
v 0.312318 13.917898 -5.182148
v 0.312318 13.917103 -5.189734
v 0.317711 13.913708 -5.185543
v -0.312367 5.365448 5.379247
v -0.312367 5.357863 5.380045
v -0.317759 5.361257 5.375854
v -0.312374 13.917103 -5.189734
v -0.312374 13.917901 -5.182150
v -0.317767 13.913708 -5.185543
v -0.312367 5.322659 5.344597
v -0.317759 5.326850 5.347991
v -0.312367 5.323456 5.352182
v 0.312326 5.323456 5.352182
v 0.317718 5.326850 5.347991
v 0.312326 5.322659 5.344597
v 0.312318 13.875109 -5.216799
v 0.317711 13.879301 -5.213404
v 0.312318 13.882694 -5.217597
v -0.312374 13.882694 -5.217597
v -0.317767 13.879301 -5.213404
v -0.312374 13.875112 -5.216800
v -0.051590 5.365448 5.379247
v -0.040805 5.365448 5.379247
v -0.040805 5.357863 5.380045
v -0.051590 5.357863 5.380045
v 0.051549 5.365448 5.379247
v 0.051549 5.357863 5.380045
v 0.040762 5.357863 5.380045
v 0.040762 5.365448 5.379247
v 0.051542 13.917898 -5.182148
v 0.040755 13.917901 -5.182150
v 0.040755 13.917103 -5.189734
v 0.051542 13.917103 -5.189734
v -0.051598 13.917898 -5.182148
v -0.051598 13.917103 -5.189734
v -0.040812 13.917103 -5.189734
v -0.040812 13.917898 -5.182148
v -0.051590 5.322659 5.344597
v -0.051590 5.323456 5.352182
v -0.040805 5.323456 5.352182
v -0.040805 5.315075 5.345395
v -0.046198 5.318470 5.341204
v 0.051549 5.322659 5.344597
v 0.046156 5.318470 5.341204
v 0.040762 5.315075 5.345395
v 0.040762 5.323456 5.352182
v 0.051549 5.323456 5.352182
v 0.051542 13.875109 -5.216799
v 0.051542 13.882694 -5.217597
v 0.040755 13.882694 -5.217597
v 0.040755 13.874314 -5.224384
v 0.046149 13.870921 -5.220193
v -0.051598 13.875109 -5.216799
v -0.046206 13.870919 -5.220191
v -0.040812 13.874314 -5.224384
v -0.040812 13.882694 -5.217597
v -0.051598 13.882694 -5.217597
v -0.312367 4.995387 5.086517
v -0.312367 4.994592 5.078932
v -0.317759 4.998780 5.082325
v -0.312374 13.547044 -5.482464
v -0.312374 13.554627 -5.483262
v -0.317767 13.551230 -5.479069
v 0.312326 4.994592 5.078932
v 0.312326 4.995387 5.086517
v 0.317718 4.998780 5.082325
v 0.312318 13.554625 -5.483261
v 0.312318 13.547041 -5.482462
v 0.317711 13.551230 -5.479069
v 0.312326 5.037378 5.113582
v 0.317718 5.033188 5.110188
v 0.312326 5.029794 5.114380
v -0.312367 5.029794 5.114380
v -0.317759 5.033188 5.110188
v -0.312367 5.037378 5.113582
v -0.312374 13.589831 -5.447815
v -0.317767 13.585639 -5.451208
v -0.312374 13.589034 -5.455400
v 0.312318 13.589034 -5.455400
v 0.317711 13.585639 -5.451208
v 0.312318 13.589830 -5.447814
v 0.051549 4.994592 5.078932
v 0.040762 4.994592 5.078932
v 0.040762 4.995387 5.086517
v 0.051549 4.995387 5.086517
v -0.051590 4.994592 5.078932
v -0.051590 4.995387 5.086517
v -0.040805 4.995387 5.086517
v -0.040805 4.994592 5.078932
v -0.051598 13.547041 -5.482462
v -0.040812 13.547041 -5.482462
v -0.040812 13.554625 -5.483261
v -0.051598 13.554627 -5.483262
v 0.051542 13.547041 -5.482462
v 0.051542 13.554627 -5.483262
v 0.040755 13.554627 -5.483262
v 0.040755 13.547044 -5.482464
v 0.051549 5.037378 5.113582
v 0.051549 5.029794 5.114380
v 0.040762 5.029794 5.114380
v 0.040762 5.038176 5.121166
v 0.046156 5.041570 5.116976
v -0.051590 5.037378 5.113582
v -0.046198 5.041570 5.116976
v -0.040805 5.038176 5.121166
v -0.040805 5.029794 5.114380
v -0.051590 5.029794 5.114380
v -0.051598 13.589830 -5.447814
v -0.051598 13.589034 -5.455400
v -0.040812 13.589034 -5.455400
v -0.040812 13.597414 -5.448613
v -0.046206 13.594022 -5.444419
v 0.051542 13.589830 -5.447814
v 0.046149 13.594022 -5.444422
v 0.040755 13.597414 -5.448613
v 0.040755 13.589034 -5.455400
v 0.051542 13.589034 -5.455400
v -0.706170 1.449604 -0.000092
v -0.710462 1.453830 -0.000092
v -0.703825 1.453830 -0.037732
v -0.699792 1.449604 -0.036264
v -0.684714 1.453830 -0.070832
v -0.681426 1.449604 -0.068074
v -0.655435 1.453830 -0.095402
v -0.653289 1.449604 -0.091685
v -0.619518 1.453830 -0.108474
v -0.618773 1.449604 -0.104247
v -0.581297 1.453830 -0.108474
v -0.582043 1.449604 -0.104247
v -0.545381 1.453830 -0.095402
v -0.547527 1.449604 -0.091685
v -0.516102 1.453830 -0.070832
v -0.519390 1.449604 -0.068074
v -0.496991 1.453830 -0.037732
v -0.501024 1.449604 -0.036264
v -0.490354 1.453830 -0.000092
v -0.494646 1.449604 -0.000092
v -0.496991 1.453830 0.037548
v -0.501024 1.449604 0.036080
v -0.516102 1.453830 0.070651
v -0.519390 1.449604 0.067893
v -0.545381 1.453830 0.095218
v -0.547526 1.449604 0.091501
v -0.581297 1.453830 0.108291
v -0.582043 1.449604 0.104064
v -0.619518 1.453830 0.108291
v -0.618773 1.449604 0.104064
v -0.655435 1.453830 0.095218
v -0.653290 1.449604 0.091501
v -0.684714 1.453830 0.070651
v -0.681426 1.449604 0.067893
v -0.703825 1.453830 0.037551
v -0.699792 1.449604 0.036084
v -0.710462 1.465148 -0.000092
v -0.655120 1.469374 -0.000092
v -0.651820 1.469374 -0.018804
v -0.703825 1.465148 -0.037732
v -0.642319 1.469374 -0.035260
v -0.684714 1.465148 -0.070832
v -0.627764 1.469374 -0.047474
v -0.655435 1.465148 -0.095402
v -0.609909 1.469374 -0.053972
v -0.619518 1.465148 -0.108474
v -0.590907 1.469374 -0.053972
v -0.581297 1.465148 -0.108474
v -0.573052 1.469374 -0.047474
v -0.545381 1.465148 -0.095402
v -0.558497 1.469374 -0.035260
v -0.516102 1.465148 -0.070832
v -0.548996 1.469374 -0.018804
v -0.496991 1.465148 -0.037732
v -0.545696 1.469374 -0.000092
v -0.490354 1.465148 -0.000092
v -0.548996 1.469374 0.018620
v -0.496991 1.465148 0.037548
v -0.558497 1.469374 0.035080
v -0.516102 1.465148 0.070651
v -0.573051 1.469374 0.047290
v -0.545381 1.465148 0.095218
v -0.590908 1.469374 0.053789
v -0.581297 1.465148 0.108291
v -0.609908 1.469374 0.053789
v -0.619518 1.465148 0.108291
v -0.627765 1.469374 0.047290
v -0.655435 1.465148 0.095218
v -0.642320 1.469374 0.035078
v -0.684714 1.465148 0.070651
v -0.651820 1.469374 0.018624
v -0.703825 1.465148 0.037551
v -0.687663 1.472693 -0.002966
v -0.685490 1.469374 -0.000092
v -0.687663 1.472693 0.002782
v -0.646524 1.472693 -0.074220
v -0.641546 1.472693 -0.077095
v -0.642949 1.469374 -0.073776
v -0.559269 1.472693 -0.077095
v -0.554291 1.472693 -0.074220
v -0.557867 1.469374 -0.073776
v -0.513153 1.472693 -0.002966
v -0.513153 1.472693 0.002782
v -0.515325 1.469374 -0.000092
v -0.554291 1.472693 0.074036
v -0.559269 1.472693 0.076911
v -0.557867 1.469374 0.073592
v -0.641546 1.472693 0.076911
v -0.646524 1.472693 0.074036
v -0.642949 1.469374 0.073592
v -0.687663 1.530922 -0.002966
v -0.687663 1.530922 0.002782
v -0.685490 1.534240 -0.000092
v -0.646524 1.530922 -0.074220
v -0.642949 1.534240 -0.073776
v -0.641546 1.530922 -0.077095
v -0.559269 1.530922 -0.077095
v -0.557867 1.534240 -0.073776
v -0.554291 1.530922 -0.074220
v -0.513153 1.530922 -0.002966
v -0.515325 1.534240 -0.000092
v -0.513153 1.530922 0.002782
v -0.554291 1.530922 0.074036
v -0.557867 1.534240 0.073592
v -0.559269 1.530922 0.076911
v -0.641546 1.530922 0.076911
v -0.642949 1.534240 0.073592
v -0.646524 1.530922 0.074036
v -0.706170 1.469374 -0.000092
v -0.699792 1.469374 -0.036264
v -0.681426 1.469374 -0.068074
v -0.653289 1.469374 -0.091685
v -0.618773 1.469374 -0.104247
v -0.582043 1.469374 -0.104247
v -0.547527 1.469374 -0.091685
v -0.519390 1.469374 -0.068074
v -0.501024 1.469374 -0.036264
v -0.494646 1.469374 -0.000092
v -0.501024 1.469374 0.036080
v -0.519390 1.469374 0.067893
v -0.547526 1.469374 0.091501
v -0.582043 1.469374 0.104064
v -0.618773 1.469374 0.104064
v -0.653290 1.469374 0.091501
v -0.681426 1.469374 0.067893
v -0.699792 1.469374 0.036084
v -0.655120 1.540998 -0.000092
v -0.650102 1.545939 -0.000092
v -0.647105 1.545939 -0.017089
v -0.651820 1.540998 -0.018804
v -0.638475 1.545939 -0.032034
v -0.642319 1.540998 -0.035260
v -0.625256 1.545939 -0.043128
v -0.627764 1.540998 -0.047474
v -0.609037 1.545939 -0.049030
v -0.609909 1.540998 -0.053972
v -0.591778 1.545939 -0.049030
v -0.590907 1.540998 -0.053972
v -0.575560 1.545939 -0.043128
v -0.573052 1.540998 -0.047474
v -0.562341 1.545939 -0.032034
v -0.558497 1.540998 -0.035260
v -0.553711 1.545939 -0.017089
v -0.548996 1.540998 -0.018804
v -0.550714 1.545939 -0.000092
v -0.545696 1.540998 -0.000092
v -0.553711 1.545939 0.016904
v -0.548996 1.540998 0.018620
v -0.562342 1.545939 0.031855
v -0.558497 1.540998 0.035080
v -0.575558 1.545939 0.042944
v -0.573051 1.540998 0.047290
v -0.591779 1.545939 0.048847
v -0.590908 1.540998 0.053789
v -0.609036 1.545939 0.048847
v -0.609908 1.540998 0.053789
v -0.625258 1.545939 0.042944
v -0.627765 1.540998 0.047290
v -0.638476 1.545939 0.031853
v -0.642320 1.540998 0.035078
v -0.647104 1.545939 0.016908
v -0.651820 1.540998 0.018624
v -0.706170 1.449604 -0.907936
v -0.710462 1.453830 -0.907936
v -0.703825 1.453830 -0.945576
v -0.699792 1.449604 -0.944109
v -0.684714 1.453830 -0.978676
v -0.681426 1.449604 -0.975918
v -0.655435 1.453830 -1.003246
v -0.653289 1.449604 -0.999529
v -0.619519 1.453830 -1.016318
v -0.618773 1.449604 -1.012092
v -0.581297 1.453830 -1.016318
v -0.582043 1.449604 -1.012092
v -0.545381 1.453830 -1.003246
v -0.547527 1.449604 -0.999529
v -0.516102 1.453830 -0.978676
v -0.519390 1.449604 -0.975918
v -0.496991 1.453830 -0.945576
v -0.501024 1.449604 -0.944109
v -0.490354 1.453830 -0.907936
v -0.494646 1.449604 -0.907936
v -0.496991 1.453830 -0.870297
v -0.501024 1.449604 -0.871764
v -0.516102 1.453830 -0.837193
v -0.519390 1.449604 -0.839951
v -0.545381 1.453830 -0.812626
v -0.547526 1.449604 -0.816343
v -0.581297 1.453830 -0.799553
v -0.582043 1.449604 -0.803780
v -0.619518 1.453830 -0.799553
v -0.618773 1.449604 -0.803780
v -0.655435 1.453830 -0.812626
v -0.653290 1.449604 -0.816343
v -0.684714 1.453830 -0.837193
v -0.681426 1.449604 -0.839951
v -0.703825 1.453830 -0.870293
v -0.699792 1.449604 -0.871761
v -0.710462 1.465148 -0.907936
v -0.655120 1.469374 -0.907936
v -0.651820 1.469374 -0.926648
v -0.703825 1.465148 -0.945576
v -0.642319 1.469374 -0.943104
v -0.684714 1.465148 -0.978676
v -0.627764 1.469374 -0.955318
v -0.655435 1.465148 -1.003246
v -0.609909 1.469374 -0.961816
v -0.619519 1.465148 -1.016318
v -0.590907 1.469374 -0.961816
v -0.581297 1.465148 -1.016318
v -0.573052 1.469374 -0.955318
v -0.545381 1.465148 -1.003246
v -0.558497 1.469374 -0.943104
v -0.516102 1.465148 -0.978676
v -0.548996 1.469374 -0.926648
v -0.496991 1.465148 -0.945576
v -0.545696 1.469374 -0.907936
v -0.490354 1.465148 -0.907936
v -0.548996 1.469374 -0.889224
v -0.496991 1.465148 -0.870297
v -0.558497 1.469374 -0.872765
v -0.516102 1.465148 -0.837193
v -0.573051 1.469374 -0.860554
v -0.545381 1.465148 -0.812626
v -0.590908 1.469374 -0.854055
v -0.581297 1.465148 -0.799553
v -0.609908 1.469374 -0.854055
v -0.619518 1.465148 -0.799553
v -0.627765 1.469374 -0.860554
v -0.655435 1.465148 -0.812626
v -0.642319 1.469374 -0.872766
v -0.684714 1.465148 -0.837193
v -0.651820 1.469374 -0.889221
v -0.703825 1.465148 -0.870293
v -0.687663 1.472693 -0.910811
v -0.685490 1.469374 -0.907936
v -0.687663 1.472693 -0.905062
v -0.646524 1.472693 -0.982065
v -0.641546 1.472693 -0.984939
v -0.642949 1.469374 -0.981620
v -0.559269 1.472693 -0.984939
v -0.554291 1.472693 -0.982065
v -0.557867 1.469374 -0.981620
v -0.513153 1.472693 -0.910811
v -0.513153 1.472693 -0.905062
v -0.515325 1.469374 -0.907936
v -0.554291 1.472693 -0.833808
v -0.559269 1.472693 -0.830934
v -0.557867 1.469374 -0.834252
v -0.641546 1.472693 -0.830934
v -0.646524 1.472693 -0.833808
v -0.642949 1.469374 -0.834252
v -0.687663 1.530922 -0.910811
v -0.687663 1.530922 -0.905062
v -0.685490 1.534240 -0.907936
v -0.646524 1.530922 -0.982065
v -0.642949 1.534240 -0.981620
v -0.641546 1.530922 -0.984939
v -0.559269 1.530922 -0.984939
v -0.557867 1.534240 -0.981620
v -0.554291 1.530922 -0.982065
v -0.513153 1.530922 -0.910811
v -0.515325 1.534240 -0.907936
v -0.513153 1.530922 -0.905062
v -0.554291 1.530922 -0.833808
v -0.557867 1.534240 -0.834252
v -0.559269 1.530922 -0.830934
v -0.641546 1.530922 -0.830934
v -0.642949 1.534240 -0.834252
v -0.646524 1.530922 -0.833808
v -0.706170 1.469374 -0.907936
v -0.699792 1.469374 -0.944109
v -0.681426 1.469374 -0.975918
v -0.653289 1.469374 -0.999529
v -0.618773 1.469374 -1.012092
v -0.582043 1.469374 -1.012092
v -0.547527 1.469374 -0.999529
v -0.519390 1.469374 -0.975918
v -0.501024 1.469374 -0.944109
v -0.494646 1.469374 -0.907936
v -0.501024 1.469374 -0.871764
v -0.519390 1.469374 -0.839951
v -0.547526 1.469374 -0.816343
v -0.582043 1.469374 -0.803780
v -0.618773 1.469374 -0.803780
v -0.653290 1.469374 -0.816343
v -0.681426 1.469374 -0.839951
v -0.699792 1.469374 -0.871761
v -0.655120 1.540998 -0.907936
v -0.650102 1.545939 -0.907936
v -0.647105 1.545939 -0.924933
v -0.651820 1.540998 -0.926648
v -0.638475 1.545939 -0.939879
v -0.642319 1.540998 -0.943104
v -0.625256 1.545939 -0.950972
v -0.627764 1.540998 -0.955318
v -0.609037 1.545939 -0.956874
v -0.609909 1.540998 -0.961816
v -0.591779 1.545939 -0.956874
v -0.590907 1.540998 -0.961816
v -0.575560 1.545939 -0.950972
v -0.573052 1.540998 -0.955318
v -0.562341 1.545939 -0.939879
v -0.558497 1.540998 -0.943104
v -0.553711 1.545939 -0.924933
v -0.548996 1.540998 -0.926648
v -0.550714 1.545939 -0.907936
v -0.545696 1.540998 -0.907936
v -0.553711 1.545939 -0.890941
v -0.548996 1.540998 -0.889224
v -0.562342 1.545939 -0.875989
v -0.558497 1.540998 -0.872765
v -0.575558 1.545939 -0.864901
v -0.573051 1.540998 -0.860554
v -0.591779 1.545939 -0.858997
v -0.590908 1.540998 -0.854055
v -0.609037 1.545939 -0.858997
v -0.609908 1.540998 -0.854055
v -0.625258 1.545939 -0.864901
v -0.627765 1.540998 -0.860554
v -0.638476 1.545939 -0.875992
v -0.642319 1.540998 -0.872766
v -0.647104 1.545939 -0.890936
v -0.651820 1.540998 -0.889221
v -0.706170 1.449604 0.907751
v -0.710462 1.453830 0.907751
v -0.703825 1.453830 0.870112
v -0.699792 1.449604 0.871579
v -0.684714 1.453830 0.837012
v -0.681426 1.449604 0.839770
v -0.655435 1.453830 0.812441
v -0.653289 1.449604 0.816158
v -0.619518 1.453830 0.799370
v -0.618773 1.449604 0.803596
v -0.581297 1.453830 0.799370
v -0.582043 1.449604 0.803596
v -0.545381 1.453830 0.812441
v -0.547527 1.449604 0.816158
v -0.516102 1.453830 0.837012
v -0.519390 1.449604 0.839770
v -0.496991 1.453830 0.870112
v -0.501024 1.449604 0.871579
v -0.490354 1.453830 0.907751
v -0.494646 1.449604 0.907751
v -0.496991 1.453830 0.945391
v -0.501024 1.449604 0.943923
v -0.516102 1.453830 0.978495
v -0.519390 1.449604 0.975737
v -0.545381 1.453830 1.003061
v -0.547526 1.449604 0.999344
v -0.581297 1.453830 1.016134
v -0.582043 1.449604 1.011908
v -0.619518 1.453830 1.016134
v -0.618773 1.449604 1.011908
v -0.655435 1.453830 1.003061
v -0.653290 1.449604 0.999344
v -0.684714 1.453830 0.978495
v -0.681426 1.449604 0.975737
v -0.703825 1.453830 0.945394
v -0.699792 1.449604 0.943927
v -0.710462 1.465148 0.907751
v -0.655120 1.469374 0.907751
v -0.651820 1.469374 0.889039
v -0.703825 1.465148 0.870112
v -0.642319 1.469374 0.872583
v -0.684714 1.465148 0.837012
v -0.627764 1.469374 0.860369
v -0.655435 1.465148 0.812441
v -0.609909 1.469374 0.853871
v -0.619518 1.465148 0.799370
v -0.590907 1.469374 0.853871
v -0.581297 1.465148 0.799370
v -0.573052 1.469374 0.860369
v -0.545381 1.465148 0.812441
v -0.558497 1.469374 0.872583
v -0.516102 1.465148 0.837012
v -0.548996 1.469374 0.889039
v -0.496991 1.465148 0.870112
v -0.545696 1.469374 0.907751
v -0.490354 1.465148 0.907751
v -0.548996 1.469374 0.926464
v -0.496991 1.465148 0.945391
v -0.558497 1.469374 0.942923
v -0.516102 1.465148 0.978495
v -0.573051 1.469374 0.955133
v -0.545381 1.465148 1.003061
v -0.590907 1.469374 0.961633
v -0.581297 1.465148 1.016134
v -0.609908 1.469374 0.961633
v -0.619518 1.465148 1.016134
v -0.627765 1.469374 0.955133
v -0.655435 1.465148 1.003061
v -0.642320 1.469374 0.942922
v -0.684714 1.465148 0.978495
v -0.651820 1.469374 0.926467
v -0.703825 1.465148 0.945394
v -0.687663 1.472693 0.904877
v -0.685490 1.469374 0.907751
v -0.687663 1.472693 0.910626
v -0.646524 1.472693 0.833623
v -0.641546 1.472693 0.830749
v -0.642949 1.469374 0.834067
v -0.559269 1.472693 0.830749
v -0.554291 1.472693 0.833623
v -0.557867 1.469374 0.834067
v -0.513153 1.472693 0.904877
v -0.513153 1.472693 0.910626
v -0.515325 1.469374 0.907751
v -0.554291 1.472693 0.981880
v -0.559269 1.472693 0.984754
v -0.557867 1.469374 0.981435
v -0.641546 1.472693 0.984754
v -0.646524 1.472693 0.981880
v -0.642949 1.469374 0.981435
v -0.687663 1.530922 0.904877
v -0.687663 1.530922 0.910626
v -0.685490 1.534240 0.907751
v -0.646524 1.530922 0.833623
v -0.642949 1.534240 0.834067
v -0.641546 1.530922 0.830749
v -0.559269 1.530922 0.830749
v -0.557867 1.534240 0.834067
v -0.554291 1.530922 0.833623
v -0.513153 1.530922 0.904877
v -0.515325 1.534240 0.907751
v -0.513153 1.530922 0.910626
v -0.554291 1.530922 0.981880
v -0.557867 1.534240 0.981435
v -0.559269 1.530922 0.984754
v -0.641546 1.530922 0.984754
v -0.642949 1.534240 0.981435
v -0.646524 1.530922 0.981880
v -0.706170 1.469374 0.907751
v -0.699792 1.469374 0.871579
v -0.681426 1.469374 0.839770
v -0.653289 1.469374 0.816158
v -0.618773 1.469374 0.803596
v -0.582043 1.469374 0.803596
v -0.547527 1.469374 0.816158
v -0.519390 1.469374 0.839770
v -0.501024 1.469374 0.871579
v -0.494646 1.469374 0.907751
v -0.501024 1.469374 0.943923
v -0.519390 1.469374 0.975737
v -0.547526 1.469374 0.999344
v -0.582043 1.469374 1.011908
v -0.618773 1.469374 1.011908
v -0.653290 1.469374 0.999344
v -0.681426 1.469374 0.975737
v -0.699792 1.469374 0.943927
v -0.655120 1.540998 0.907751
v -0.650102 1.545939 0.907751
v -0.647105 1.545939 0.890754
v -0.651820 1.540998 0.889039
v -0.638475 1.545939 0.875809
v -0.642319 1.540998 0.872583
v -0.625256 1.545939 0.864716
v -0.627764 1.540998 0.860369
v -0.609037 1.545939 0.858813
v -0.609909 1.540998 0.853871
v -0.591778 1.545939 0.858813
v -0.590907 1.540998 0.853871
v -0.575560 1.545939 0.864716
v -0.573052 1.540998 0.860369
v -0.562341 1.545939 0.875809
v -0.558497 1.540998 0.872583
v -0.553711 1.545939 0.890754
v -0.548996 1.540998 0.889039
v -0.550714 1.545939 0.907751
v -0.545696 1.540998 0.907751
v -0.553711 1.545939 0.924747
v -0.548996 1.540998 0.926464
v -0.562342 1.545939 0.939698
v -0.558497 1.540998 0.942923
v -0.575558 1.545939 0.950787
v -0.573051 1.540998 0.955133
v -0.591779 1.545939 0.956690
v -0.590907 1.540998 0.961633
v -0.609036 1.545939 0.956690
v -0.609908 1.540998 0.961633
v -0.625258 1.545939 0.950787
v -0.627765 1.540998 0.955133
v -0.638476 1.545939 0.939696
v -0.642320 1.540998 0.942922
v -0.647104 1.545939 0.924752
v -0.651820 1.540998 0.926467
v 0.494527 1.449604 -0.000092
v 0.490235 1.453830 -0.000092
v 0.496872 1.453830 -0.037732
v 0.500905 1.449604 -0.036264
v 0.515983 1.453830 -0.070832
v 0.519271 1.449604 -0.068074
v 0.545262 1.453830 -0.095402
v 0.547408 1.449604 -0.091685
v 0.581178 1.453830 -0.108474
v 0.581924 1.449604 -0.104247
v 0.619399 1.453830 -0.108474
v 0.618654 1.449604 -0.104247
v 0.655316 1.453830 -0.095402
v 0.653170 1.449604 -0.091685
v 0.684595 1.453830 -0.070832
v 0.681307 1.449604 -0.068074
v 0.703706 1.453830 -0.037732
v 0.699673 1.449604 -0.036264
v 0.710343 1.453830 -0.000092
v 0.706051 1.449604 -0.000092
v 0.703706 1.453830 0.037548
v 0.699673 1.449604 0.036080
v 0.684595 1.453830 0.070651
v 0.681307 1.449604 0.067893
v 0.655316 1.453830 0.095218
v 0.653171 1.449604 0.091501
v 0.619400 1.453830 0.108291
v 0.618654 1.449604 0.104064
v 0.581178 1.453830 0.108291
v 0.581924 1.449604 0.104064
v 0.545262 1.453830 0.095218
v 0.547407 1.449604 0.091501
v 0.515983 1.453830 0.070651
v 0.519271 1.449604 0.067893
v 0.496872 1.453830 0.037551
v 0.500905 1.449604 0.036084
v 0.490235 1.465148 -0.000092
v 0.545577 1.469374 -0.000092
v 0.548877 1.469374 -0.018804
v 0.496872 1.465148 -0.037732
v 0.558378 1.469374 -0.035260
v 0.515983 1.465148 -0.070832
v 0.572933 1.469374 -0.047474
v 0.545262 1.465148 -0.095402
v 0.590788 1.469374 -0.053972
v 0.581178 1.465148 -0.108474
v 0.609790 1.469374 -0.053972
v 0.619399 1.465148 -0.108474
v 0.627645 1.469374 -0.047474
v 0.655316 1.465148 -0.095402
v 0.642200 1.469374 -0.035260
v 0.684595 1.465148 -0.070832
v 0.651701 1.469374 -0.018804
v 0.703706 1.465148 -0.037732
v 0.655001 1.469374 -0.000092
v 0.710343 1.465148 -0.000092
v 0.651701 1.469374 0.018620
v 0.703706 1.465148 0.037548
v 0.642199 1.469374 0.035079
v 0.684595 1.465148 0.070651
v 0.627646 1.469374 0.047290
v 0.655316 1.465148 0.095218
v 0.609789 1.469374 0.053789
v 0.619400 1.465148 0.108291
v 0.590789 1.469374 0.053789
v 0.581178 1.465148 0.108291
v 0.572932 1.469374 0.047290
v 0.545262 1.465148 0.095218
v 0.558377 1.469374 0.035078
v 0.515983 1.465148 0.070651
v 0.548877 1.469374 0.018624
v 0.496872 1.465148 0.037551
v 0.513034 1.472693 -0.002966
v 0.515207 1.469374 -0.000092
v 0.513034 1.472693 0.002782
v 0.554172 1.472693 -0.074220
v 0.559151 1.472693 -0.077095
v 0.557748 1.469374 -0.073776
v 0.641427 1.472693 -0.077095
v 0.646405 1.472693 -0.074220
v 0.642830 1.469374 -0.073776
v 0.687544 1.472693 -0.002966
v 0.687544 1.472693 0.002782
v 0.685371 1.469374 -0.000092
v 0.646406 1.472693 0.074036
v 0.641427 1.472693 0.076911
v 0.642830 1.469374 0.073592
v 0.559150 1.472693 0.076911
v 0.554172 1.472693 0.074036
v 0.557748 1.469374 0.073592
v 0.513034 1.530922 -0.002966
v 0.513034 1.530922 0.002782
v 0.515207 1.534240 -0.000092
v 0.554173 1.530922 -0.074220
v 0.557748 1.534240 -0.073776
v 0.559151 1.530922 -0.077095
v 0.641427 1.530922 -0.077095
v 0.642830 1.534240 -0.073776
v 0.646406 1.530922 -0.074220
v 0.687544 1.530922 -0.002966
v 0.685371 1.534240 -0.000092
v 0.687544 1.530922 0.002782
v 0.646405 1.530922 0.074036
v 0.642830 1.534240 0.073592
v 0.641427 1.530922 0.076911
v 0.559150 1.530922 0.076911
v 0.557748 1.534240 0.073592
v 0.554172 1.530922 0.074036
v 0.494527 1.469374 -0.000092
v 0.500905 1.469374 -0.036264
v 0.519271 1.469374 -0.068074
v 0.547408 1.469374 -0.091685
v 0.581924 1.469374 -0.104247
v 0.618654 1.469374 -0.104247
v 0.653170 1.469374 -0.091685
v 0.681307 1.469374 -0.068074
v 0.699673 1.469374 -0.036264
v 0.706051 1.469374 -0.000092
v 0.699673 1.469374 0.036080
v 0.681307 1.469374 0.067893
v 0.653171 1.469374 0.091501
v 0.618654 1.469374 0.104064
v 0.581924 1.469374 0.104064
v 0.547407 1.469374 0.091501
v 0.519271 1.469374 0.067893
v 0.500905 1.469374 0.036084
v 0.545577 1.540997 -0.000092
v 0.550595 1.545939 -0.000092
v 0.553592 1.545939 -0.017089
v 0.548877 1.540997 -0.018804
v 0.562222 1.545939 -0.032034
v 0.558378 1.540997 -0.035260
v 0.575441 1.545939 -0.043128
v 0.572933 1.540997 -0.047474
v 0.591659 1.545939 -0.049030
v 0.590788 1.540997 -0.053972
v 0.608918 1.545939 -0.049030
v 0.609790 1.540997 -0.053972
v 0.625136 1.545939 -0.043128
v 0.627645 1.540997 -0.047474
v 0.638356 1.545939 -0.032034
v 0.642200 1.540997 -0.035260
v 0.646986 1.545939 -0.017089
v 0.651701 1.540997 -0.018804
v 0.649983 1.545939 -0.000092
v 0.655001 1.540997 -0.000092
v 0.646985 1.545939 0.016904
v 0.651701 1.540997 0.018620
v 0.638355 1.545939 0.031855
v 0.642199 1.540997 0.035079
v 0.625139 1.545939 0.042944
v 0.627646 1.540997 0.047290
v 0.608918 1.545939 0.048847
v 0.609789 1.540997 0.053789
v 0.591660 1.545939 0.048847
v 0.590789 1.540997 0.053789
v 0.575439 1.545939 0.042944
v 0.572932 1.540997 0.047290
v 0.562221 1.545939 0.031853
v 0.558377 1.540997 0.035078
v 0.553593 1.545939 0.016908
v 0.548877 1.540997 0.018624
v 0.494527 1.449604 -0.907936
v 0.490235 1.453830 -0.907936
v 0.496872 1.453830 -0.945576
v 0.500905 1.449604 -0.944109
v 0.515983 1.453830 -0.978676
v 0.519271 1.449604 -0.975918
v 0.545262 1.453830 -1.003246
v 0.547408 1.449604 -0.999529
v 0.581178 1.453830 -1.016318
v 0.581924 1.449604 -1.012092
v 0.619399 1.453830 -1.016318
v 0.618654 1.449604 -1.012092
v 0.655316 1.453830 -1.003246
v 0.653170 1.449604 -0.999529
v 0.684595 1.453830 -0.978676
v 0.681307 1.449604 -0.975918
v 0.703706 1.453830 -0.945576
v 0.699673 1.449604 -0.944109
v 0.710343 1.453830 -0.907936
v 0.706051 1.449604 -0.907936
v 0.703706 1.453830 -0.870297
v 0.699673 1.449604 -0.871764
v 0.684595 1.453830 -0.837193
v 0.681307 1.449604 -0.839951
v 0.655316 1.453830 -0.812626
v 0.653171 1.449604 -0.816343
v 0.619400 1.453830 -0.799553
v 0.618654 1.449604 -0.803780
v 0.581178 1.453830 -0.799553
v 0.581924 1.449604 -0.803780
v 0.545262 1.453830 -0.812626
v 0.547407 1.449604 -0.816343
v 0.515983 1.453830 -0.837193
v 0.519271 1.449604 -0.839951
v 0.496872 1.453830 -0.870293
v 0.500905 1.449604 -0.871761
v 0.490235 1.465148 -0.907936
v 0.545577 1.469374 -0.907936
v 0.548877 1.469374 -0.926648
v 0.496872 1.465148 -0.945576
v 0.558378 1.469374 -0.943104
v 0.515983 1.465148 -0.978676
v 0.572933 1.469374 -0.955318
v 0.545262 1.465148 -1.003246
v 0.590788 1.469374 -0.961816
v 0.581178 1.465148 -1.016318
v 0.609790 1.469374 -0.961816
v 0.619399 1.465148 -1.016318
v 0.627645 1.469374 -0.955318
v 0.655316 1.465148 -1.003246
v 0.642200 1.469374 -0.943104
v 0.684595 1.465148 -0.978676
v 0.651701 1.469374 -0.926648
v 0.703706 1.465148 -0.945576
v 0.655001 1.469374 -0.907936
v 0.710343 1.465148 -0.907936
v 0.651701 1.469374 -0.889224
v 0.703706 1.465148 -0.870297
v 0.642199 1.469374 -0.872765
v 0.684595 1.465148 -0.837193
v 0.627646 1.469374 -0.860554
v 0.655316 1.465148 -0.812626
v 0.609789 1.469374 -0.854055
v 0.619400 1.465148 -0.799553
v 0.590789 1.469374 -0.854055
v 0.581178 1.465148 -0.799553
v 0.572932 1.469374 -0.860554
v 0.545262 1.465148 -0.812626
v 0.558377 1.469374 -0.872766
v 0.515983 1.465148 -0.837193
v 0.548877 1.469374 -0.889221
v 0.496872 1.465148 -0.870293
v 0.513034 1.472693 -0.910811
v 0.515207 1.469374 -0.907936
v 0.513034 1.472693 -0.905062
v 0.554172 1.472693 -0.982065
v 0.559150 1.472693 -0.984939
v 0.557748 1.469374 -0.981620
v 0.641427 1.472693 -0.984939
v 0.646405 1.472693 -0.982065
v 0.642830 1.469374 -0.981620
v 0.687544 1.472693 -0.910811
v 0.687544 1.472693 -0.905062
v 0.685371 1.469374 -0.907936
v 0.646406 1.472693 -0.833808
v 0.641427 1.472693 -0.830934
v 0.642830 1.469374 -0.834252
v 0.559150 1.472693 -0.830934
v 0.554172 1.472693 -0.833808
v 0.557748 1.469374 -0.834252
v 0.513034 1.530922 -0.910811
v 0.513034 1.530922 -0.905062
v 0.515207 1.534240 -0.907936
v 0.554172 1.530922 -0.982065
v 0.557748 1.534240 -0.981620
v 0.559150 1.530922 -0.984939
v 0.641427 1.530922 -0.984939
v 0.642830 1.534240 -0.981620
v 0.646406 1.530922 -0.982065
v 0.687544 1.530922 -0.910811
v 0.685371 1.534240 -0.907936
v 0.687544 1.530922 -0.905062
v 0.646405 1.530922 -0.833808
v 0.642830 1.534240 -0.834252
v 0.641427 1.530922 -0.830934
v 0.559150 1.530922 -0.830934
v 0.557748 1.534240 -0.834252
v 0.554172 1.530922 -0.833808
v 0.494527 1.469374 -0.907936
v 0.500905 1.469374 -0.944109
v 0.519271 1.469374 -0.975918
v 0.547408 1.469374 -0.999529
v 0.581924 1.469374 -1.012092
v 0.618654 1.469374 -1.012092
v 0.653170 1.469374 -0.999529
v 0.681307 1.469374 -0.975918
v 0.699673 1.469374 -0.944109
v 0.706051 1.469374 -0.907936
v 0.699673 1.469374 -0.871764
v 0.681307 1.469374 -0.839951
v 0.653171 1.469374 -0.816343
v 0.618654 1.469374 -0.803780
v 0.581924 1.469374 -0.803780
v 0.547407 1.469374 -0.816343
v 0.519271 1.469374 -0.839951
v 0.500905 1.469374 -0.871761
v 0.545577 1.540997 -0.907936
v 0.550595 1.545939 -0.907936
v 0.553592 1.545939 -0.924933
v 0.548877 1.540997 -0.926648
v 0.562222 1.545939 -0.939879
v 0.558378 1.540997 -0.943104
v 0.575441 1.545939 -0.950972
v 0.572933 1.540997 -0.955318
v 0.591659 1.545939 -0.956874
v 0.590788 1.540997 -0.961816
v 0.608918 1.545939 -0.956874
v 0.609790 1.540997 -0.961816
v 0.625136 1.545939 -0.950972
v 0.627645 1.540997 -0.955318
v 0.638356 1.545939 -0.939879
v 0.642200 1.540997 -0.943104
v 0.646986 1.545939 -0.924933
v 0.651701 1.540997 -0.926648
v 0.649983 1.545939 -0.907936
v 0.655001 1.540997 -0.907936
v 0.646985 1.545939 -0.890941
v 0.651701 1.540997 -0.889224
v 0.638355 1.545939 -0.875989
v 0.642199 1.540997 -0.872765
v 0.625139 1.545939 -0.864901
v 0.627646 1.540997 -0.860554
v 0.608918 1.545939 -0.858997
v 0.609789 1.540997 -0.854055
v 0.591660 1.545939 -0.858997
v 0.590789 1.540997 -0.854055
v 0.575439 1.545939 -0.864901
v 0.572932 1.540997 -0.860554
v 0.562221 1.545939 -0.875992
v 0.558377 1.540997 -0.872766
v 0.553592 1.545939 -0.890936
v 0.548877 1.540997 -0.889221
v 0.494527 1.449604 0.907751
v 0.490235 1.453830 0.907751
v 0.496872 1.453830 0.870112
v 0.500905 1.449604 0.871579
v 0.515983 1.453830 0.837012
v 0.519271 1.449604 0.839770
v 0.545262 1.453830 0.812441
v 0.547408 1.449604 0.816158
v 0.581178 1.453830 0.799370
v 0.581924 1.449604 0.803596
v 0.619399 1.453830 0.799370
v 0.618654 1.449604 0.803596
v 0.655316 1.453830 0.812441
v 0.653170 1.449604 0.816158
v 0.684595 1.453830 0.837012
v 0.681307 1.449604 0.839770
v 0.703706 1.453830 0.870112
v 0.699673 1.449604 0.871579
v 0.710343 1.453830 0.907751
v 0.706051 1.449604 0.907751
v 0.703706 1.453830 0.945391
v 0.699673 1.449604 0.943924
v 0.684595 1.453830 0.978495
v 0.681307 1.449604 0.975737
v 0.655316 1.453830 1.003061
v 0.653171 1.449604 0.999344
v 0.619400 1.453830 1.016134
v 0.618654 1.449604 1.011908
v 0.581178 1.453830 1.016134
v 0.581924 1.449604 1.011908
v 0.545262 1.453830 1.003061
v 0.547407 1.449604 0.999344
v 0.515983 1.453830 0.978495
v 0.519271 1.449604 0.975737
v 0.496872 1.453830 0.945394
v 0.500905 1.449604 0.943927
v 0.490235 1.465148 0.907751
v 0.545577 1.469374 0.907751
v 0.548877 1.469374 0.889039
v 0.496872 1.465148 0.870112
v 0.558378 1.469374 0.872583
v 0.515983 1.465148 0.837012
v 0.572933 1.469374 0.860369
v 0.545262 1.465148 0.812441
v 0.590788 1.469374 0.853871
v 0.581178 1.465148 0.799370
v 0.609790 1.469374 0.853871
v 0.619399 1.465148 0.799370
v 0.627645 1.469374 0.860369
v 0.655316 1.465148 0.812441
v 0.642200 1.469374 0.872583
v 0.684595 1.465148 0.837012
v 0.651701 1.469374 0.889039
v 0.703706 1.465148 0.870112
v 0.655001 1.469374 0.907751
v 0.710343 1.465148 0.907751
v 0.651701 1.469374 0.926463
v 0.703706 1.465148 0.945391
v 0.642199 1.469374 0.942923
v 0.684595 1.465148 0.978495
v 0.627646 1.469374 0.955133
v 0.655316 1.465148 1.003061
v 0.609789 1.469374 0.961633
v 0.619400 1.465148 1.016134
v 0.590789 1.469374 0.961633
v 0.581178 1.465148 1.016134
v 0.572932 1.469374 0.955133
v 0.545262 1.465148 1.003061
v 0.558377 1.469374 0.942922
v 0.515983 1.465148 0.978495
v 0.548877 1.469374 0.926467
v 0.496872 1.465148 0.945394
v 0.513034 1.472693 0.904877
v 0.515207 1.469374 0.907751
v 0.513034 1.472693 0.910626
v 0.554172 1.472693 0.833623
v 0.559151 1.472693 0.830749
v 0.557748 1.469374 0.834067
v 0.641427 1.472693 0.830749
v 0.646405 1.472693 0.833623
v 0.642830 1.469374 0.834067
v 0.687544 1.472693 0.904877
v 0.687544 1.472693 0.910626
v 0.685371 1.469374 0.907751
v 0.646406 1.472693 0.981880
v 0.641427 1.472693 0.984754
v 0.642830 1.469374 0.981435
v 0.559151 1.472693 0.984754
v 0.554173 1.472693 0.981880
v 0.557748 1.469374 0.981435
v 0.513034 1.530922 0.904877
v 0.513034 1.530922 0.910626
v 0.515207 1.534240 0.907751
v 0.554173 1.530922 0.833623
v 0.557748 1.534240 0.834067
v 0.559151 1.530922 0.830749
v 0.641427 1.530922 0.830749
v 0.642830 1.534240 0.834067
v 0.646406 1.530922 0.833623
v 0.687544 1.530922 0.904877
v 0.685371 1.534240 0.907751
v 0.687544 1.530922 0.910626
v 0.646405 1.530922 0.981880
v 0.642830 1.534240 0.981435
v 0.641427 1.530922 0.984754
v 0.559151 1.530922 0.984754
v 0.557748 1.534240 0.981435
v 0.554172 1.530922 0.981880
v 0.494527 1.469374 0.907751
v 0.500905 1.469374 0.871579
v 0.519271 1.469374 0.839770
v 0.547408 1.469374 0.816158
v 0.581924 1.469374 0.803596
v 0.618654 1.469374 0.803596
v 0.653170 1.469374 0.816158
v 0.681307 1.469374 0.839770
v 0.699673 1.469374 0.871579
v 0.706051 1.469374 0.907751
v 0.699673 1.469374 0.943924
v 0.681307 1.469374 0.975737
v 0.653171 1.469374 0.999344
v 0.618654 1.469374 1.011908
v 0.581924 1.469374 1.011908
v 0.547407 1.469374 0.999344
v 0.519271 1.469374 0.975737
v 0.500905 1.469374 0.943927
v 0.545577 1.540997 0.907751
v 0.550595 1.545939 0.907751
v 0.553592 1.545939 0.890754
v 0.548877 1.540997 0.889039
v 0.562222 1.545939 0.875809
v 0.558378 1.540997 0.872583
v 0.575441 1.545939 0.864716
v 0.572933 1.540997 0.860369
v 0.591660 1.545939 0.858813
v 0.590788 1.540997 0.853871
v 0.608918 1.545939 0.858813
v 0.609790 1.540997 0.853871
v 0.625136 1.545939 0.864716
v 0.627645 1.540997 0.860369
v 0.638356 1.545939 0.875809
v 0.642200 1.540997 0.872583
v 0.646986 1.545939 0.890754
v 0.651701 1.540997 0.889039
v 0.649983 1.545939 0.907751
v 0.655001 1.540997 0.907751
v 0.646985 1.545939 0.924747
v 0.651701 1.540997 0.926463
v 0.638355 1.545939 0.939698
v 0.642199 1.540997 0.942923
v 0.625139 1.545939 0.950787
v 0.627646 1.540997 0.955133
v 0.608918 1.545939 0.956690
v 0.609789 1.540997 0.961633
v 0.591660 1.545939 0.956690
v 0.590789 1.540997 0.961633
v 0.575439 1.545939 0.950787
v 0.572932 1.540997 0.955133
v 0.562221 1.545939 0.939696
v 0.558377 1.540997 0.942922
v 0.553593 1.545939 0.924752
v 0.548877 1.540997 0.926467
v -0.105822 1.449604 -0.878651
v -0.110113 1.453830 -0.878651
v -0.103476 1.453830 -0.916291
v -0.099443 1.449604 -0.914823
v -0.084366 1.453830 -0.949391
v -0.081078 1.449604 -0.946633
v -0.055086 1.453830 -0.973961
v -0.052941 1.449604 -0.970244
v -0.019170 1.453830 -0.987033
v -0.018425 1.449604 -0.982806
v 0.019051 1.453830 -0.987033
v 0.018306 1.449604 -0.982806
v 0.054967 1.453830 -0.973961
v 0.052822 1.449604 -0.970244
v 0.084246 1.453830 -0.949391
v 0.080958 1.449604 -0.946633
v 0.103357 1.453830 -0.916291
v 0.099324 1.449604 -0.914823
v 0.109994 1.453830 -0.878651
v 0.105702 1.449604 -0.878651
v 0.103357 1.453830 -0.841011
v 0.099324 1.449604 -0.842479
v 0.084247 1.453830 -0.807908
v 0.080958 1.449604 -0.810666
v 0.054967 1.453830 -0.783341
v 0.052822 1.449604 -0.787058
v 0.019051 1.453830 -0.770268
v 0.018306 1.449604 -0.774495
v -0.019170 1.453830 -0.770268
v -0.018425 1.449604 -0.774495
v -0.055086 1.453830 -0.783341
v -0.052941 1.449604 -0.787058
v -0.084366 1.453830 -0.807908
v -0.081078 1.449604 -0.810666
v -0.103476 1.453830 -0.841008
v -0.099443 1.449604 -0.842475
v -0.110113 1.465148 -0.878651
v -0.054771 1.469374 -0.878651
v -0.051472 1.469374 -0.897363
v -0.103476 1.465148 -0.916291
v -0.041971 1.469374 -0.913819
v -0.084366 1.465148 -0.949391
v -0.027415 1.469374 -0.926033
v -0.055086 1.465148 -0.973961
v -0.009561 1.469374 -0.932531
v -0.019170 1.465148 -0.987033
v 0.009441 1.469374 -0.932531
v 0.019051 1.465148 -0.987033
v 0.027296 1.469374 -0.926033
v 0.054967 1.465148 -0.973961
v 0.041851 1.469374 -0.913819
v 0.084246 1.465148 -0.949391
v 0.051353 1.469374 -0.897363
v 0.103357 1.465148 -0.916291
v 0.054652 1.469374 -0.878651
v 0.109994 1.465148 -0.878651
v 0.051353 1.469374 -0.859939
v 0.103357 1.465148 -0.841011
v 0.041851 1.469374 -0.843479
v 0.084247 1.465148 -0.807908
v 0.027298 1.469374 -0.831269
v 0.054967 1.465148 -0.783341
v 0.009441 1.469374 -0.824770
v 0.019051 1.465148 -0.770268
v -0.009560 1.469374 -0.824770
v -0.019170 1.465148 -0.770268
v -0.027417 1.469374 -0.831269
v -0.055086 1.465148 -0.783341
v -0.041971 1.469374 -0.843481
v -0.084366 1.465148 -0.807908
v -0.051472 1.469374 -0.859935
v -0.103476 1.465148 -0.841008
v -0.087314 1.472693 -0.881525
v -0.085142 1.469374 -0.878651
v -0.087314 1.472693 -0.875777
v -0.046176 1.472693 -0.952779
v -0.041198 1.472693 -0.955654
v -0.042601 1.469374 -0.952335
v 0.041079 1.472693 -0.955654
v 0.046057 1.472693 -0.952779
v 0.042482 1.469374 -0.952335
v 0.087196 1.472693 -0.881525
v 0.087196 1.472693 -0.875777
v 0.085023 1.469374 -0.878651
v 0.046057 1.472693 -0.804523
v 0.041079 1.472693 -0.801648
v 0.042482 1.469374 -0.804967
v -0.041198 1.472693 -0.801648
v -0.046176 1.472693 -0.804523
v -0.042601 1.469374 -0.804967
v -0.087314 1.530922 -0.881525
v -0.087314 1.530922 -0.875777
v -0.085142 1.534240 -0.878651
v -0.046176 1.530922 -0.952779
v -0.042601 1.534240 -0.952335
v -0.041198 1.530922 -0.955654
v 0.041079 1.530922 -0.955654
v 0.042482 1.534240 -0.952335
v 0.046057 1.530922 -0.952779
v 0.087196 1.530922 -0.881525
v 0.085023 1.534240 -0.878651
v 0.087196 1.530922 -0.875777
v 0.046057 1.530922 -0.804523
v 0.042482 1.534240 -0.804967
v 0.041079 1.530922 -0.801648
v -0.041198 1.530922 -0.801648
v -0.042601 1.534240 -0.804967
v -0.046176 1.530922 -0.804523
v -0.105822 1.469374 -0.878651
v -0.099443 1.469374 -0.914823
v -0.081078 1.469374 -0.946633
v -0.052941 1.469374 -0.970244
v -0.018425 1.469374 -0.982806
v 0.018306 1.469374 -0.982806
v 0.052822 1.469374 -0.970244
v 0.080958 1.469374 -0.946633
v 0.099324 1.469374 -0.914823
v 0.105702 1.469374 -0.878651
v 0.099324 1.469374 -0.842479
v 0.080958 1.469374 -0.810666
v 0.052822 1.469374 -0.787058
v 0.018306 1.469374 -0.774495
v -0.018425 1.469374 -0.774495
v -0.052941 1.469374 -0.787058
v -0.081078 1.469374 -0.810666
v -0.099443 1.469374 -0.842475
v -0.054771 1.540997 -0.878651
v -0.049753 1.545939 -0.878651
v -0.046756 1.545939 -0.895648
v -0.051472 1.540997 -0.897363
v -0.038127 1.545939 -0.910593
v -0.041971 1.540997 -0.913819
v -0.024907 1.545939 -0.921687
v -0.027415 1.540997 -0.926033
v -0.008689 1.545939 -0.927589
v -0.009561 1.540997 -0.932531
v 0.008570 1.545939 -0.927589
v 0.009441 1.540997 -0.932531
v 0.024788 1.545939 -0.921687
v 0.027296 1.540997 -0.926033
v 0.038008 1.545939 -0.910593
v 0.041851 1.540997 -0.913819
v 0.046637 1.545939 -0.895648
v 0.051353 1.540997 -0.897363
v 0.049634 1.545939 -0.878651
v 0.054652 1.540997 -0.878651
v 0.046637 1.545939 -0.861655
v 0.051353 1.540997 -0.859939
v 0.038007 1.545939 -0.846704
v 0.041851 1.540997 -0.843479
v 0.024790 1.545939 -0.835615
v 0.027298 1.540997 -0.831269
v 0.008569 1.545939 -0.829712
v 0.009441 1.540997 -0.824770
v -0.008688 1.545939 -0.829712
v -0.009560 1.540997 -0.824770
v -0.024909 1.545939 -0.835615
v -0.027417 1.540997 -0.831269
v -0.038127 1.545939 -0.846706
v -0.041971 1.540997 -0.843481
v -0.046756 1.545939 -0.861651
v -0.051472 1.540997 -0.859935
v -0.105821 1.449604 0.878466
v -0.110113 1.453830 0.878466
v -0.103476 1.453830 0.840826
v -0.099443 1.449604 0.842294
v -0.084366 1.453830 0.807726
v -0.081078 1.449604 0.810484
v -0.055086 1.453830 0.783156
v -0.052941 1.449604 0.786873
v -0.019170 1.453830 0.770084
v -0.018425 1.449604 0.774311
v 0.019051 1.453830 0.770084
v 0.018306 1.449604 0.774311
v 0.054967 1.453830 0.783156
v 0.052822 1.449604 0.786873
v 0.084247 1.453830 0.807726
v 0.080959 1.449604 0.810484
v 0.103357 1.453830 0.840826
v 0.099324 1.449604 0.842294
v 0.109994 1.453830 0.878466
v 0.105703 1.449604 0.878466
v 0.103357 1.453830 0.916106
v 0.099324 1.449604 0.914638
v 0.084247 1.453830 0.949209
v 0.080958 1.449604 0.946451
v 0.054967 1.453830 0.973776
v 0.052823 1.449604 0.970059
v 0.019051 1.453830 0.986849
v 0.018306 1.449604 0.982622
v -0.019170 1.453830 0.986849
v -0.018425 1.449604 0.982622
v -0.055086 1.453830 0.973776
v -0.052941 1.449604 0.970059
v -0.084366 1.453830 0.949209
v -0.081077 1.449604 0.946451
v -0.103476 1.453830 0.916109
v -0.099443 1.449604 0.914642
v -0.110113 1.465148 0.878466
v -0.054771 1.469374 0.878466
v -0.051472 1.469374 0.859754
v -0.103476 1.465148 0.840826
v -0.041970 1.469374 0.843298
v -0.084366 1.465148 0.807726
v -0.027415 1.469374 0.831084
v -0.055086 1.465148 0.783156
v -0.009560 1.469374 0.824586
v -0.019170 1.465148 0.770084
v 0.009442 1.469374 0.824586
v 0.019051 1.465148 0.770084
v 0.027296 1.469374 0.831084
v 0.054967 1.465148 0.783156
v 0.041851 1.469374 0.843298
v 0.084247 1.465148 0.807726
v 0.051353 1.469374 0.859754
v 0.103357 1.465148 0.840826
v 0.054652 1.469374 0.878466
v 0.109994 1.465148 0.878466
v 0.051353 1.469374 0.897178
v 0.103357 1.465148 0.916106
v 0.041851 1.469374 0.913637
v 0.084247 1.465148 0.949209
v 0.027298 1.469374 0.925848
v 0.054967 1.465148 0.973776
v 0.009441 1.469374 0.932347
v 0.019051 1.465148 0.986849
v -0.009560 1.469374 0.932347
v -0.019170 1.465148 0.986849
v -0.027417 1.469374 0.925848
v -0.055086 1.465148 0.973776
v -0.041971 1.469374 0.913636
v -0.084366 1.465148 0.949209
v -0.051471 1.469374 0.897182
v -0.103476 1.465148 0.916109
v -0.087314 1.472693 0.875592
v -0.085142 1.469374 0.878466
v -0.087314 1.472693 0.881340
v -0.046176 1.472693 0.804338
v -0.041198 1.472693 0.801463
v -0.042601 1.469374 0.804782
v 0.041079 1.472693 0.801463
v 0.046057 1.472693 0.804338
v 0.042482 1.469374 0.804782
v 0.087196 1.472693 0.875592
v 0.087196 1.472693 0.881340
v 0.085023 1.469374 0.878466
v 0.046057 1.472693 0.952594
v 0.041079 1.472693 0.955469
v 0.042482 1.469374 0.952150
v -0.041198 1.472693 0.955469
v -0.046176 1.472693 0.952594
v -0.042601 1.469374 0.952150
v -0.087314 1.530922 0.875592
v -0.087314 1.530922 0.881340
v -0.085142 1.534240 0.878466
v -0.046176 1.530922 0.804338
v -0.042601 1.534240 0.804782
v -0.041198 1.530922 0.801463
v 0.041079 1.530922 0.801463
v 0.042482 1.534240 0.804782
v 0.046057 1.530922 0.804338
v 0.087196 1.530922 0.875592
v 0.085023 1.534240 0.878466
v 0.087196 1.530922 0.881340
v 0.046057 1.530922 0.952594
v 0.042482 1.534240 0.952150
v 0.041079 1.530922 0.955469
v -0.041198 1.530922 0.955469
v -0.042601 1.534240 0.952150
v -0.046176 1.530922 0.952594
v -0.105821 1.469374 0.878466
v -0.099443 1.469374 0.842294
v -0.081078 1.469374 0.810484
v -0.052941 1.469374 0.786873
v -0.018425 1.469374 0.774311
v 0.018306 1.469374 0.774311
v 0.052822 1.469374 0.786873
v 0.080959 1.469374 0.810484
v 0.099324 1.469374 0.842294
v 0.105703 1.469374 0.878466
v 0.099324 1.469374 0.914638
v 0.080958 1.469374 0.946451
v 0.052823 1.469374 0.970059
v 0.018306 1.469374 0.982622
v -0.018425 1.469374 0.982622
v -0.052941 1.469374 0.970059
v -0.081077 1.469374 0.946451
v -0.099443 1.469374 0.914642
v -0.054771 1.540997 0.878466
v -0.049753 1.545939 0.878466
v -0.046756 1.545939 0.861469
v -0.051472 1.540997 0.859754
v -0.038127 1.545939 0.846524
v -0.041970 1.540997 0.843298
v -0.024907 1.545939 0.835430
v -0.027415 1.540997 0.831084
v -0.008689 1.545939 0.829528
v -0.009560 1.540997 0.824586
v 0.008570 1.545939 0.829528
v 0.009442 1.540997 0.824586
v 0.024788 1.545939 0.835430
v 0.027296 1.540997 0.831084
v 0.038008 1.545939 0.846524
v 0.041851 1.540997 0.843298
v 0.046637 1.545939 0.861469
v 0.051353 1.540997 0.859754
v 0.049634 1.545939 0.878466
v 0.054652 1.540997 0.878466
v 0.046637 1.545939 0.895462
v 0.051353 1.540997 0.897178
v 0.038007 1.545939 0.910413
v 0.041851 1.540997 0.913637
v 0.024790 1.545939 0.921502
v 0.027298 1.540997 0.925848
v 0.008569 1.545939 0.927405
v 0.009441 1.540997 0.932347
v -0.008688 1.545939 0.927405
v -0.009560 1.540997 0.932347
v -0.024909 1.545939 0.921502
v -0.027417 1.540997 0.925848
v -0.038127 1.545939 0.910410
v -0.041971 1.540997 0.913636
v -0.046756 1.545939 0.895466
v -0.051471 1.540997 0.897182
v 0.000015 1.449627 0.366067
v 0.000015 8.642434 0.366067
v -0.047765 1.449627 0.362935
v -0.047765 8.642434 0.362935
v -0.094729 1.449627 0.353593
v -0.094729 8.642434 0.353593
v -0.140072 1.449627 0.338201
v -0.140072 8.642434 0.338201
v -0.183017 1.449627 0.317023
v -0.183017 8.642434 0.317023
v -0.222831 1.449627 0.290420
v -0.222831 8.642434 0.290420
v -0.258832 1.449627 0.258848
v -0.258832 8.642434 0.258848
v -0.290404 1.449627 0.222848
v -0.290404 8.642434 0.222848
v -0.317007 1.449627 0.183034
v -0.317007 8.642434 0.183034
v -0.338185 1.449627 0.140088
v -0.338185 8.642434 0.140088
v -0.353577 1.449627 0.094746
v -0.353577 8.642434 0.094746
v -0.362919 1.449627 0.047782
v -0.362919 8.642434 0.047782
v -0.366050 1.449627 0.000001
v -0.366050 8.642434 0.000001
v -0.362919 1.449627 -0.047781
v -0.362919 8.642434 -0.047781
v -0.353577 1.449627 -0.094744
v -0.353577 8.642434 -0.094744
v -0.338185 1.449627 -0.140087
v -0.338185 8.642434 -0.140087
v -0.317007 1.449627 -0.183032
v -0.317007 8.642434 -0.183032
v -0.290404 1.449627 -0.222846
v -0.290404 8.642434 -0.222846
v -0.258832 1.449627 -0.258847
v -0.258832 8.642434 -0.258847
v -0.222831 1.449627 -0.290419
v -0.222831 8.642434 -0.290419
v -0.183017 1.449627 -0.317022
v -0.183017 8.642434 -0.317022
v -0.140072 1.449627 -0.338200
v -0.140072 8.642434 -0.338200
v -0.094729 1.449627 -0.353592
v -0.094729 8.642434 -0.353592
v -0.047766 1.449627 -0.362934
v -0.047766 8.642434 -0.362934
v 0.000015 1.449627 -0.366066
v 0.000015 8.642434 -0.366066
v 0.047796 1.449627 -0.362934
v 0.047796 8.642434 -0.362934
v 0.094760 1.449627 -0.353592
v 0.094760 8.642434 -0.353592
v 0.140103 1.449627 -0.338200
v 0.140103 8.642434 -0.338200
v 0.183048 1.449627 -0.317022
v 0.183048 8.642434 -0.317022
v 0.222862 1.449627 -0.290419
v 0.222862 8.642434 -0.290419
v 0.258863 1.449627 -0.258847
v 0.258863 8.642434 -0.258847
v 0.290435 1.449627 -0.222846
v 0.290435 8.642434 -0.222846
v 0.317038 1.449627 -0.183033
v 0.317038 8.642434 -0.183033
v 0.338217 1.449627 -0.140087
v 0.338217 8.642434 -0.140087
v 0.353608 1.449627 -0.094744
v 0.353608 8.642434 -0.094744
v 0.362950 1.449627 -0.047781
v 0.362950 8.642434 -0.047781
v 0.366081 1.449627 0.000001
v 0.366081 8.642434 0.000001
v 0.362950 1.449627 0.047782
v 0.362950 8.642434 0.047782
v 0.353608 1.449627 0.094746
v 0.353608 8.642434 0.094746
v 0.338216 1.449627 0.140088
v 0.338216 8.642434 0.140088
v 0.317038 1.449627 0.183034
v 0.317038 8.642434 0.183034
v 0.290435 1.449627 0.222848
v 0.290435 8.642434 0.222848
v 0.258863 1.449627 0.258849
v 0.258863 8.642434 0.258849
v 0.222862 1.449627 0.290421
v 0.222862 8.642434 0.290421
v 0.183048 1.449627 0.317024
v 0.183048 8.642434 0.317024
v 0.140102 1.449627 0.338202
v 0.140102 8.642434 0.338202
v 0.094760 1.449627 0.353593
v 0.094760 8.642434 0.353593
v 0.047796 1.449627 0.362935
v 0.047796 8.642434 0.362935
v -0.307160 1.411463 -0.265744
v -0.265744 1.411463 -0.307160
v -0.209706 1.411463 -0.251122
v -0.802826 1.443280 1.098570
v -0.796480 1.449627 1.098570
v -0.796480 1.443280 1.104916
v 0.796480 1.443280 1.104916
v 0.796480 1.449627 1.098570
v 0.802826 1.443280 1.098570
v -0.802826 1.443280 -1.098570
v -0.796480 1.443280 -1.104916
v -0.796480 1.449627 -1.098570
v 0.802826 1.443280 -1.098570
v 0.796480 1.449627 -1.098570
v 0.796480 1.443280 -1.104916
v -0.802826 1.397402 -1.098570
v -0.796480 1.391056 -1.098570
v -0.796480 1.397402 -1.104916
v -0.802826 1.397402 1.098570
v -0.796480 1.397402 1.104916
v -0.796480 1.391056 1.098570
v 0.796480 1.397402 1.104916
v 0.802826 1.397402 1.098570
v 0.796480 1.391056 1.098570
v 0.802826 1.397402 -1.098570
v 0.796480 1.397402 -1.104916
v 0.796480 1.391056 -1.098570
v -0.251122 1.411463 -0.209706
v -0.307160 2.371492 -0.265744
v -0.303780 2.376994 -0.269124
v -0.269124 2.376994 -0.303780
v -0.265744 2.371492 -0.307160
v -0.682607 1.411463 -0.738518
v -0.691732 1.411463 -0.738518
v -0.682607 1.560070 -0.738518
v -0.691732 1.560392 -0.738518
v -0.213086 2.376994 -0.247742
v -0.209706 2.371520 -0.251122
v -0.738518 1.411463 -0.691732
v -0.738518 1.411463 -0.682607
v -0.738518 1.560392 -0.691732
v -0.738518 1.560070 -0.682607
v -0.251122 2.371520 -0.209706
v -0.247742 2.376994 -0.213086
v 0.247742 2.376994 0.213086
v 0.251122 2.371520 0.209706
v 0.738518 1.560070 0.682607
v 0.738518 1.560392 0.691732
v 0.738518 1.411463 0.682607
v 0.738518 1.411463 0.691732
v 0.209706 2.371520 0.251122
v 0.213086 2.376994 0.247742
v 0.691732 1.560392 0.738518
v 0.682607 1.560070 0.738518
v 0.691732 1.411463 0.738518
v 0.682607 1.411463 0.738518
v 0.265744 2.371492 0.307160
v 0.269124 2.376994 0.303780
v 0.303780 2.376994 0.269123
v 0.307160 2.371492 0.265744
v 0.251122 1.411463 0.209706
v 0.209706 1.411463 0.251122
v 0.265744 1.411463 0.307160
v 0.307160 1.411463 0.265744
v 0.265744 1.411463 -0.307160
v 0.307160 1.411463 -0.265744
v 0.251122 1.411463 -0.209706
v 0.209706 1.411463 -0.251122
v 0.265744 2.371492 -0.307160
v 0.269123 2.376994 -0.303780
v 0.303780 2.376994 -0.269124
v 0.307160 2.371492 -0.265744
v 0.738518 1.411463 -0.682607
v 0.738518 1.411463 -0.691732
v 0.738518 1.560070 -0.682607
v 0.738518 1.560392 -0.691732
v 0.247742 2.376994 -0.213086
v 0.251122 2.371520 -0.209706
v 0.691732 1.411463 -0.738518
v 0.682607 1.411463 -0.738518
v 0.691732 1.560392 -0.738518
v 0.682607 1.560070 -0.738518
v 0.209706 2.371520 -0.251122
v 0.213086 2.376994 -0.247742
v -0.265744 1.411463 0.307160
v -0.307160 1.411463 0.265744
v -0.251122 1.411463 0.209706
v -0.209706 1.411463 0.251122
v -0.265744 2.371492 0.307160
v -0.269123 2.376994 0.303780
v -0.303780 2.376994 0.269124
v -0.307160 2.371492 0.265744
v -0.738518 1.411463 0.682607
v -0.738518 1.411463 0.691732
v -0.738518 1.560070 0.682607
v -0.738518 1.560392 0.691732
v -0.247742 2.376994 0.213086
v -0.251122 2.371520 0.209706
v -0.691732 1.411463 0.738518
v -0.682607 1.411463 0.738518
v -0.691732 1.560392 0.738518
v -0.682607 1.560070 0.738518
v -0.209706 2.371520 0.251122
v -0.213086 2.376994 0.247742
v -0.457617 8.686953 0.452932
v 0.457617 8.686953 0.452932
v -0.457617 8.686953 -0.462302
v 0.457617 8.686953 -0.462302
v -0.457617 9.848155 -0.154031
v 0.457617 9.848155 -0.154031
v -0.457617 9.848155 -0.462302
v 0.457617 9.848155 -0.462302
v -0.588582 9.535941 -0.278123
v -0.568079 9.517632 -0.287451
v 0.588585 9.535941 -0.278123
v 0.568082 9.517632 -0.287451
v -0.588582 9.529103 -0.258814
v -0.568079 9.509006 -0.263086
v 0.588585 9.529103 -0.258814
v 0.568082 9.509006 -0.263086
v -0.588582 9.527496 -0.238394
v -0.568079 9.506977 -0.237317
v 0.588585 9.527496 -0.238394
v 0.568082 9.506977 -0.237317
v -0.588582 9.531230 -0.218249
v -0.568079 9.511687 -0.211901
v 0.588585 9.531230 -0.218249
v 0.568082 9.511687 -0.211901
v -0.588582 9.540048 -0.199762
v -0.568079 9.522816 -0.188571
v 0.588585 9.540048 -0.199762
v 0.568082 9.522816 -0.188571
v -0.588582 9.553351 -0.184187
v -0.568079 9.539602 -0.168916
v 0.588585 9.553351 -0.184187
v 0.568082 9.539602 -0.168916
v -0.588582 9.570233 -0.172583
v -0.568079 9.560905 -0.154275
v 0.588585 9.570233 -0.172583
v 0.568082 9.560905 -0.154275
v -0.588582 9.589543 -0.165746
v -0.568079 9.585271 -0.145647
v 0.588585 9.589543 -0.165746
v 0.568082 9.585271 -0.145647
v -0.588582 9.609964 -0.164138
v -0.568079 9.611039 -0.143619
v 0.588585 9.609964 -0.164138
v 0.568082 9.611039 -0.143619
v -0.588582 9.630104 -0.167871
v -0.568079 9.636455 -0.148329
v 0.588585 9.630104 -0.167871
v 0.568082 9.636455 -0.148329
v -0.588582 9.648594 -0.176690
v -0.568079 9.659785 -0.159458
v 0.588585 9.648594 -0.176690
v 0.568082 9.659785 -0.159458
v -0.588582 9.664171 -0.189994
v -0.568079 9.679440 -0.176245
v 0.588585 9.664171 -0.189994
v 0.568082 9.679440 -0.176245
v -0.588582 9.675773 -0.206875
v -0.568079 9.694080 -0.197547
v 0.588585 9.675773 -0.206875
v 0.568082 9.694080 -0.197547
v -0.588582 9.682611 -0.226185
v -0.568079 9.702709 -0.221913
v 0.588585 9.682611 -0.226185
v 0.568082 9.702709 -0.221913
v -0.588582 9.684217 -0.246607
v -0.568079 9.704737 -0.247681
v 0.588585 9.684217 -0.246607
v 0.568082 9.704737 -0.247681
v -0.588582 9.680485 -0.266749
v -0.568079 9.700027 -0.273097
v 0.588585 9.680485 -0.266749
v 0.568082 9.700027 -0.273097
v -0.588582 9.671665 -0.285238
v -0.568079 9.688899 -0.296427
v 0.588585 9.671665 -0.285238
v 0.568082 9.688899 -0.296427
v -0.588582 9.658362 -0.300813
v -0.568079 9.672112 -0.316083
v 0.588585 9.658362 -0.300813
v 0.568082 9.672112 -0.316083
v -0.588582 9.641481 -0.312415
v -0.568079 9.650810 -0.330723
v 0.588585 9.641481 -0.312415
v 0.568082 9.650810 -0.330723
v -0.588582 9.622169 -0.319254
v -0.568079 9.626444 -0.339352
v 0.588585 9.622169 -0.319254
v 0.568082 9.626444 -0.339352
v -0.588582 9.601750 -0.320860
v -0.568079 9.600675 -0.341380
v 0.588585 9.601750 -0.320860
v 0.568082 9.600675 -0.341380
v -0.588582 9.581611 -0.317128
v -0.568079 9.575259 -0.336669
v 0.588585 9.581611 -0.317128
v 0.568082 9.575259 -0.336669
v -0.588582 9.563120 -0.308309
v -0.568079 9.551929 -0.325541
v 0.588585 9.563120 -0.308309
v 0.568082 9.551929 -0.325541
v -0.588582 9.547544 -0.295005
v -0.568079 9.532274 -0.308754
v 0.588585 9.547544 -0.295005
v 0.568082 9.532274 -0.308754
v -0.457617 8.624171 -0.462302
v -0.457617 8.613739 -0.451870
v -0.457617 8.624171 0.452932
v -0.457617 8.613739 0.442500
v 0.457617 8.624171 0.452932
v 0.457617 8.613739 0.442500
v 0.457617 8.624171 -0.462302
v 0.457617 8.613739 -0.451870
v -0.530830 8.686953 -0.451870
v -0.520398 8.686953 -0.462302
v -0.520398 8.686953 0.452932
v -0.530830 8.686953 0.441577
v -0.530830 9.837724 -0.451870
v -0.520398 9.848155 -0.462302
v -0.520398 9.848155 -0.154031
v -0.530830 9.837724 -0.158146
v -0.520398 8.613739 -0.451870
v -0.520398 8.624171 -0.462302
v -0.530830 8.624171 -0.451870
v -0.520398 8.624171 0.452932
v -0.520398 8.613739 0.442500
v -0.530830 8.624171 0.441613
v 0.530830 8.686953 0.441577
v 0.520398 8.686953 0.452932
v 0.520398 8.686953 -0.462302
v 0.530830 8.686953 -0.451870
v 0.530830 9.837724 -0.158146
v 0.520398 9.848155 -0.154031
v 0.520398 9.848155 -0.462302
v 0.530830 9.837724 -0.451870
v 0.520398 8.613739 0.442500
v 0.520398 8.624171 0.452932
v 0.530830 8.624171 0.441613
v 0.520398 8.624171 -0.462302
v 0.520398 8.613739 -0.451870
v 0.530830 8.624171 -0.451870
v -0.047766 8.642434 -0.336383
v -0.047766 1.449627 -0.336383
v 0.047796 1.449627 -0.336383
v 0.047796 8.642434 -0.336383
v -0.047766 1.449627 -0.402178
v -0.030292 1.449627 -0.419652
v -0.030292 8.642434 -0.419652
v -0.047766 8.642434 -0.402178
v 0.030322 1.449627 -0.419652
v 0.047796 1.449627 -0.402178
v 0.047796 8.642434 -0.402178
v 0.030322 8.642434 -0.419652
v -0.265751 9.517632 -0.287451
v 0.265754 9.517632 -0.287451
v 0.265754 9.509006 -0.263086
v -0.265751 9.509006 -0.263086
v -0.265751 9.506977 -0.237317
v 0.265754 9.506977 -0.237317
v -0.265751 9.511687 -0.211901
v 0.265754 9.511687 -0.211901
v -0.265751 9.522816 -0.188571
v 0.265754 9.522816 -0.188571
v -0.265751 9.539602 -0.168916
v 0.265754 9.539602 -0.168916
v -0.265751 9.560905 -0.154275
v 0.265754 9.560905 -0.154275
v -0.265751 9.585271 -0.145647
v 0.265754 9.585271 -0.145647
v -0.265751 9.611039 -0.143619
v 0.265754 9.611039 -0.143619
v -0.265751 9.636455 -0.148329
v 0.265754 9.636455 -0.148329
v -0.265751 9.659785 -0.159458
v 0.265754 9.659785 -0.159458
v -0.265751 9.679440 -0.176245
v 0.265754 9.679440 -0.176245
v -0.265751 9.694080 -0.197547
v 0.265754 9.694080 -0.197547
v -0.265751 9.702709 -0.221913
v 0.265754 9.702709 -0.221913
v -0.265751 9.704737 -0.247681
v 0.265754 9.704737 -0.247681
v -0.265751 9.700027 -0.273097
v 0.265754 9.700027 -0.273097
v -0.265751 9.688899 -0.296427
v 0.265754 9.688899 -0.296427
v -0.265751 9.672112 -0.316083
v 0.265754 9.672112 -0.316083
v -0.265751 9.650810 -0.330723
v 0.265754 9.650810 -0.330723
v -0.265751 9.626444 -0.339352
v 0.265754 9.626444 -0.339352
v -0.265751 9.600675 -0.341380
v 0.265754 9.600675 -0.341380
v -0.265751 9.575259 -0.336669
v 0.265754 9.575259 -0.336669
v -0.265751 9.551929 -0.325541
v 0.265754 9.551929 -0.325541
v -0.265751 9.532274 -0.308754
v 0.265754 9.532274 -0.308754
v -0.253653 9.468686 -0.312392
v -0.244857 9.462345 -0.315623
v 0.244860 9.462345 -0.315623
v 0.253656 9.468686 -0.312392
v 0.253656 9.455272 -0.274508
v 0.244860 9.448310 -0.275988
v -0.244857 9.448310 -0.275988
v -0.253653 9.455272 -0.274508
v -0.253653 9.452120 -0.234443
v -0.244857 9.445012 -0.234070
v 0.244860 9.445012 -0.234070
v 0.253656 9.452120 -0.234443
v -0.253653 9.459443 -0.194927
v -0.244857 9.452674 -0.192727
v 0.244860 9.452674 -0.192727
v 0.253656 9.459443 -0.194927
v -0.253653 9.476744 -0.158653
v -0.244857 9.470775 -0.154776
v 0.244860 9.470775 -0.154776
v 0.253656 9.476744 -0.158653
v -0.253653 9.502845 -0.128093
v -0.244857 9.498083 -0.122804
v 0.244860 9.498083 -0.122804
v 0.253656 9.502845 -0.128093
v -0.253653 9.535966 -0.105330
v -0.244857 9.532735 -0.098988
v 0.244860 9.532735 -0.098988
v 0.253656 9.535966 -0.105330
v -0.253653 9.573851 -0.091915
v -0.244857 9.572371 -0.084953
v 0.244860 9.572371 -0.084953
v 0.253656 9.573851 -0.091915
v -0.253653 9.613914 -0.088761
v -0.244857 9.614287 -0.081653
v 0.244860 9.614287 -0.081653
v 0.253656 9.613914 -0.088761
v -0.253653 9.653431 -0.096085
v -0.244857 9.655630 -0.089316
v 0.244860 9.655630 -0.089316
v 0.253656 9.653431 -0.096085
v -0.253653 9.689704 -0.113387
v -0.244857 9.693581 -0.107418
v 0.244860 9.693581 -0.107418
v 0.253656 9.689704 -0.113387
v -0.253653 9.720264 -0.139487
v -0.244857 9.725554 -0.134725
v 0.244860 9.725554 -0.134725
v 0.253656 9.720264 -0.139487
v -0.253653 9.743028 -0.172608
v -0.244857 9.749369 -0.169377
v 0.244860 9.749369 -0.169377
v 0.253656 9.743028 -0.172608
v -0.253653 9.756443 -0.210492
v -0.244857 9.763405 -0.209012
v 0.244860 9.763405 -0.209012
v 0.253656 9.756443 -0.210492
v -0.253653 9.759596 -0.250557
v -0.244857 9.766704 -0.250930
v 0.244860 9.766704 -0.250930
v 0.253656 9.759596 -0.250557
v -0.253653 9.752273 -0.290073
v -0.244857 9.759042 -0.292273
v 0.244860 9.759042 -0.292273
v 0.253656 9.752273 -0.290073
v -0.253653 9.734972 -0.326347
v -0.244857 9.740940 -0.330224
v 0.244860 9.740940 -0.330224
v 0.253656 9.734972 -0.326347
v -0.253653 9.708871 -0.356907
v -0.244857 9.713633 -0.362197
v 0.244860 9.713633 -0.362197
v 0.253656 9.708871 -0.356907
v -0.253653 9.675750 -0.379670
v -0.244857 9.678981 -0.386012
v 0.244860 9.678981 -0.386012
v 0.253656 9.675750 -0.379670
v -0.253653 9.637865 -0.393086
v -0.244857 9.639345 -0.400048
v 0.244860 9.639345 -0.400048
v 0.253656 9.637865 -0.393086
v -0.253653 9.597800 -0.396239
v -0.244857 9.597427 -0.403347
v 0.244860 9.597427 -0.403347
v 0.253656 9.597800 -0.396239
v -0.253653 9.558284 -0.388915
v -0.244857 9.556085 -0.395685
v 0.244860 9.556085 -0.395685
v 0.253656 9.558284 -0.388915
v -0.253653 9.522010 -0.371613
v -0.244857 9.518134 -0.377582
v 0.244860 9.518134 -0.377582
v 0.253656 9.522010 -0.371613
v -0.253653 9.491450 -0.345512
v -0.244857 9.486161 -0.350275
v 0.244860 9.486161 -0.350275
v 0.253656 9.491450 -0.345512
v 0.047796 7.908036 -0.336383
v 0.047796 8.019215 -0.336383
v -0.047766 8.019215 -0.336383
v -0.047766 7.908036 -0.336383
v -0.030292 7.891674 -0.419652
v -0.030292 8.011900 -0.648496
v -0.047766 7.908036 -0.402178
v -0.047766 8.019215 -0.631022
v 0.047796 8.019215 -0.631022
v 0.047796 7.908036 -0.402178
v 0.030322 8.011900 -0.648496
v 0.030322 7.891674 -0.419652
v -0.047766 8.310197 -0.402178
v -0.047766 8.199018 -0.631022
v 0.030322 8.206334 -0.648496
v 0.030322 8.326560 -0.419652
v 0.047796 8.199018 -0.336383
v 0.047796 8.310197 -0.336383
v -0.047766 8.310197 -0.336383
v -0.047766 8.199018 -0.336383
v -0.030292 8.326560 -0.419652
v -0.030292 8.206334 -0.648496
v 0.047796 8.310197 -0.402178
v 0.047796 8.199018 -0.631022
v 0.045293 9.830959 -1.192103
v 0.042583 9.828483 -1.190423
v -0.042634 10.683727 -2.246562
v -0.045345 10.682599 -2.243789
v 0.042575 10.683727 -2.246562
v 0.045286 10.682599 -2.243789
v 0.042583 9.930502 -1.010658
v 0.045293 9.931870 -1.014274
v 0.045294 9.932209 -1.012765
v -0.042636 10.880774 -2.184146
v -0.045347 10.877522 -2.182057
v -0.045347 10.879068 -2.182040
v 0.045286 10.877522 -2.182057
v 0.042575 10.880774 -2.184146
v 0.045286 10.879068 -2.182040
v 0.042562 10.351381 -1.705850
v 0.045273 10.353103 -1.707975
v 0.045273 10.362603 -1.697963
v 0.042562 10.360391 -1.696356
v 0.045273 10.369188 -1.685835
v 0.042562 10.366635 -1.684855
v 0.045273 10.372805 -1.670775
v 0.042562 10.369691 -1.672129
v 0.045273 10.372620 -1.663085
v 0.042562 10.369349 -1.659045
v 0.045273 10.366729 -1.643099
v 0.042562 10.365632 -1.646496
v 0.045273 10.360918 -1.633616
v 0.042562 10.358793 -1.635337
v 0.045273 10.352851 -1.625961
v 0.042562 10.349299 -1.626328
v 0.045273 10.334526 -1.616043
v 0.042562 10.337797 -1.620083
v 0.045273 10.327043 -1.614264
v 0.042562 10.325071 -1.617028
v 0.045273 10.311560 -1.614669
v 0.042562 10.311988 -1.617370
v 0.045273 10.298327 -1.618589
v 0.042562 10.299438 -1.621087
v 0.045273 10.286559 -1.625801
v 0.042562 10.288280 -1.627926
v 0.045273 10.277058 -1.635813
v 0.042562 10.279270 -1.637420
v 0.045273 10.270473 -1.647941
v 0.042562 10.273026 -1.648921
v 0.045273 10.266858 -1.663001
v 0.042562 10.269971 -1.661647
v 0.045273 10.267041 -1.670691
v 0.042562 10.270312 -1.674731
v 0.045273 10.272933 -1.690677
v 0.042562 10.274031 -1.687279
v 0.045273 10.278745 -1.700159
v 0.042562 10.280869 -1.698439
v 0.045273 10.286812 -1.707815
v 0.042562 10.290362 -1.707448
v 0.045273 10.305135 -1.717733
v 0.042562 10.301864 -1.713693
v 0.045273 10.312619 -1.719512
v 0.042562 10.314590 -1.716748
v 0.045273 10.328102 -1.719107
v 0.042562 10.327674 -1.716406
v 0.045273 10.341334 -1.715187
v 0.042562 10.340222 -1.712689
v 0.042562 10.461961 -1.842404
v 0.045273 10.463681 -1.844529
v 0.045273 10.473183 -1.834517
v 0.042562 10.470970 -1.832910
v 0.045273 10.479768 -1.822389
v 0.042562 10.477215 -1.821409
v 0.045273 10.483382 -1.807329
v 0.042562 10.480269 -1.808682
v 0.045273 10.483199 -1.799639
v 0.042562 10.479928 -1.795599
v 0.045273 10.477308 -1.779653
v 0.042562 10.476211 -1.783050
v 0.045273 10.471498 -1.770170
v 0.042562 10.469373 -1.771891
v 0.045273 10.463429 -1.762514
v 0.042562 10.459878 -1.762881
v 0.045273 10.445106 -1.752597
v 0.042562 10.448377 -1.756637
v 0.045273 10.437621 -1.750818
v 0.042562 10.435650 -1.753581
v 0.045273 10.422138 -1.751223
v 0.042562 10.422566 -1.753924
v 0.045273 10.408907 -1.755143
v 0.042562 10.410018 -1.757641
v 0.045273 10.397139 -1.762354
v 0.042562 10.398859 -1.764479
v 0.045273 10.387637 -1.772367
v 0.042562 10.389850 -1.773973
v 0.045273 10.381052 -1.784494
v 0.042562 10.383605 -1.785475
v 0.045273 10.377437 -1.799555
v 0.042562 10.380549 -1.798201
v 0.045273 10.377620 -1.807245
v 0.042562 10.380892 -1.811285
v 0.045273 10.383513 -1.827232
v 0.042562 10.384609 -1.823833
v 0.045273 10.389323 -1.836713
v 0.042562 10.391449 -1.834992
v 0.045273 10.397389 -1.844367
v 0.042562 10.400941 -1.844002
v 0.045273 10.415714 -1.854287
v 0.042562 10.412443 -1.850247
v 0.045273 10.423198 -1.856066
v 0.042562 10.425169 -1.853302
v 0.045273 10.438681 -1.855660
v 0.042562 10.438252 -1.852960
v 0.045273 10.451913 -1.851741
v 0.042562 10.450802 -1.849243
v 0.042562 10.572539 -1.978958
v 0.045273 10.574261 -1.981082
v 0.045273 10.583761 -1.971071
v 0.042562 10.581549 -1.969464
v 0.045273 10.590346 -1.958942
v 0.042562 10.587793 -1.957962
v 0.045273 10.593962 -1.943882
v 0.042562 10.590849 -1.945236
v 0.045273 10.593779 -1.936192
v 0.042562 10.590507 -1.932153
v 0.045273 10.587887 -1.916206
v 0.042562 10.586789 -1.919603
v 0.045273 10.582076 -1.906724
v 0.042562 10.579951 -1.908444
v 0.045273 10.574008 -1.899068
v 0.042562 10.570457 -1.899435
v 0.045273 10.555684 -1.889150
v 0.042562 10.558956 -1.893190
v 0.045273 10.548201 -1.887372
v 0.042562 10.546229 -1.890135
v 0.045273 10.532718 -1.887777
v 0.042562 10.533146 -1.890477
v 0.045273 10.519485 -1.891697
v 0.042562 10.520597 -1.894194
v 0.045273 10.507717 -1.898908
v 0.042562 10.509438 -1.901033
v 0.045273 10.498216 -1.908920
v 0.042562 10.500428 -1.910527
v 0.045273 10.491631 -1.921049
v 0.042562 10.494184 -1.922029
v 0.045273 10.488015 -1.936109
v 0.042562 10.491129 -1.934755
v 0.045273 10.488199 -1.943799
v 0.042562 10.491471 -1.947838
v 0.045273 10.494093 -1.963786
v 0.042562 10.495189 -1.960387
v 0.045273 10.499903 -1.973267
v 0.042562 10.502028 -1.971546
v 0.045273 10.507968 -1.980921
v 0.042562 10.511520 -1.980555
v 0.045273 10.526293 -1.990841
v 0.042562 10.523022 -1.986801
v 0.045273 10.533777 -1.992619
v 0.042562 10.535748 -1.989856
v 0.045273 10.549260 -1.992214
v 0.042562 10.548832 -1.989513
v 0.045273 10.562492 -1.988294
v 0.042562 10.561380 -1.985796
v 0.042562 10.683119 -2.115511
v 0.045273 10.684839 -2.117636
v 0.045273 10.694341 -2.107625
v 0.042562 10.692128 -2.106018
v 0.045273 10.700926 -2.095496
v 0.042562 10.698373 -2.094516
v 0.045273 10.704388 -2.081075
v 0.042562 10.701428 -2.081790
v 0.045273 10.704125 -2.070659
v 0.042562 10.701086 -2.068706
v 0.045273 10.699185 -2.053935
v 0.042562 10.697369 -2.056157
v 0.045273 10.692656 -2.043278
v 0.042562 10.690531 -2.044998
v 0.045273 10.684587 -2.035622
v 0.042562 10.681036 -2.035989
v 0.045273 10.666264 -2.025704
v 0.042562 10.669535 -2.029744
v 0.045273 10.658780 -2.023926
v 0.042562 10.656808 -2.026689
v 0.045273 10.643296 -2.024331
v 0.042562 10.643724 -2.027031
v 0.045273 10.630065 -2.028250
v 0.042562 10.631176 -2.030748
v 0.045273 10.618297 -2.035462
v 0.042562 10.620016 -2.037587
v 0.045273 10.608795 -2.045474
v 0.042562 10.611007 -2.047081
v 0.045273 10.602210 -2.057602
v 0.042562 10.604763 -2.058582
v 0.045273 10.598596 -2.072663
v 0.042562 10.601707 -2.071309
v 0.045273 10.598779 -2.080352
v 0.042562 10.602050 -2.084392
v 0.045273 10.604671 -2.100340
v 0.042562 10.605767 -2.096941
v 0.045273 10.610481 -2.109820
v 0.042562 10.612606 -2.108100
v 0.045273 10.619495 -2.118374
v 0.042562 10.622099 -2.117109
v 0.045274 10.634992 -2.126773
v 0.042562 10.633601 -2.123355
v 0.045273 10.644968 -2.129157
v 0.042562 10.646328 -2.126410
v 0.045273 10.659839 -2.128768
v 0.042562 10.659410 -2.126067
v 0.045273 10.673071 -2.124848
v 0.042562 10.671960 -2.122350
v 0.042562 10.240803 -1.569297
v 0.045273 10.242524 -1.571422
v 0.045273 10.252025 -1.561410
v 0.042562 10.249812 -1.559803
v 0.045273 10.258610 -1.549281
v 0.042562 10.256057 -1.548301
v 0.045273 10.262224 -1.534222
v 0.042562 10.259112 -1.535575
v 0.045273 10.262041 -1.526531
v 0.042562 10.258770 -1.522491
v 0.045273 10.256150 -1.506546
v 0.042562 10.255053 -1.509942
v 0.045273 10.250339 -1.497063
v 0.042562 10.248214 -1.498783
v 0.045273 10.242271 -1.489407
v 0.042562 10.238721 -1.489774
v 0.045273 10.223948 -1.479489
v 0.042562 10.227219 -1.483529
v 0.045273 10.216463 -1.477711
v 0.042562 10.214492 -1.480474
v 0.045273 10.200980 -1.478116
v 0.042562 10.201408 -1.480816
v 0.045273 10.187749 -1.482035
v 0.042562 10.188860 -1.484533
v 0.045273 10.175981 -1.489247
v 0.042562 10.177701 -1.491372
v 0.045273 10.166479 -1.499259
v 0.042562 10.168692 -1.500866
v 0.045273 10.159893 -1.511387
v 0.042562 10.162446 -1.512368
v 0.045273 10.156279 -1.526448
v 0.042562 10.159391 -1.525094
v 0.045273 10.156463 -1.534138
v 0.042562 10.159734 -1.538178
v 0.045273 10.162354 -1.554123
v 0.042562 10.163451 -1.550726
v 0.045273 10.168165 -1.563605
v 0.042562 10.170290 -1.561885
v 0.045273 10.176233 -1.571262
v 0.042562 10.179783 -1.570894
v 0.045273 10.194556 -1.581179
v 0.042562 10.191284 -1.577139
v 0.045273 10.202040 -1.582958
v 0.042562 10.204011 -1.580195
v 0.045273 10.217523 -1.582553
v 0.042562 10.217094 -1.579852
v 0.045273 10.230756 -1.578633
v 0.042562 10.229643 -1.576135
v 0.042562 10.130224 -1.432743
v 0.045273 10.131945 -1.434868
v 0.045273 10.141445 -1.424856
v 0.042562 10.139234 -1.423249
v 0.045273 10.148030 -1.412728
v 0.042562 10.145477 -1.411748
v 0.045273 10.151646 -1.397668
v 0.042562 10.148534 -1.399021
v 0.045273 10.151462 -1.389977
v 0.042562 10.148190 -1.385938
v 0.045273 10.145571 -1.369992
v 0.042562 10.144474 -1.373389
v 0.045273 10.139760 -1.360509
v 0.042562 10.137635 -1.362229
v 0.045273 10.131693 -1.352853
v 0.042562 10.128141 -1.353220
v 0.045273 10.113368 -1.342936
v 0.042562 10.116639 -1.346975
v 0.045273 10.105885 -1.341157
v 0.042562 10.103913 -1.343920
v 0.045273 10.090402 -1.341562
v 0.042562 10.090830 -1.344263
v 0.045273 10.077169 -1.345481
v 0.042562 10.078281 -1.347980
v 0.045273 10.065401 -1.352694
v 0.042562 10.067122 -1.354819
v 0.045273 10.055900 -1.362705
v 0.042562 10.058112 -1.364312
v 0.045273 10.049314 -1.374833
v 0.042562 10.051867 -1.375814
v 0.045273 10.045700 -1.389894
v 0.042562 10.048812 -1.388540
v 0.045273 10.045883 -1.397584
v 0.042562 10.049154 -1.401624
v 0.045273 10.051775 -1.417569
v 0.042562 10.052872 -1.414172
v 0.045273 10.057587 -1.427052
v 0.042562 10.059711 -1.425331
v 0.045273 10.065654 -1.434708
v 0.042562 10.069204 -1.434341
v 0.045273 10.083977 -1.444626
v 0.042562 10.080706 -1.440586
v 0.045273 10.091461 -1.446404
v 0.042562 10.093432 -1.443641
v 0.045273 10.106944 -1.445999
v 0.042562 10.106516 -1.443298
v 0.045273 10.120176 -1.442080
v 0.042562 10.119064 -1.439582
v 0.042562 10.019645 -1.296189
v 0.045273 10.021366 -1.298314
v 0.045273 10.030867 -1.288302
v 0.042562 10.028654 -1.286695
v 0.045273 10.037452 -1.276174
v 0.042562 10.034899 -1.275194
v 0.045273 10.041066 -1.261114
v 0.042562 10.037954 -1.262468
v 0.045273 10.040883 -1.253424
v 0.042562 10.037612 -1.249384
v 0.045273 10.034992 -1.233438
v 0.042562 10.033895 -1.236835
v 0.045273 10.029181 -1.223955
v 0.042562 10.027056 -1.225676
v 0.045273 10.020115 -1.215351
v 0.042562 10.017563 -1.216667
v 0.045274 10.004783 -1.207042
v 0.042562 10.006061 -1.210422
v 0.045273 9.994649 -1.204620
v 0.042562 9.993334 -1.207367
v 0.045273 9.979823 -1.205008
v 0.042562 9.980251 -1.207709
v 0.045273 9.966590 -1.208928
v 0.042562 9.967703 -1.211426
v 0.045273 9.954822 -1.216140
v 0.042562 9.956543 -1.218265
v 0.045273 9.945321 -1.226152
v 0.042562 9.947533 -1.227759
v 0.045273 9.938735 -1.238280
v 0.042562 9.941289 -1.239260
v 0.045273 9.935264 -1.252745
v 0.042562 9.938233 -1.251986
v 0.045274 9.935521 -1.262999
v 0.042562 9.938576 -1.265070
v 0.045273 9.940514 -1.279903
v 0.042562 9.942293 -1.277618
v 0.045273 9.947007 -1.290498
v 0.042562 9.949132 -1.288777
v 0.045273 9.955074 -1.298154
v 0.042562 9.958625 -1.297787
v 0.045273 9.973397 -1.308072
v 0.042562 9.970126 -1.304032
v 0.045273 9.980882 -1.309851
v 0.042562 9.982853 -1.307087
v 0.045273 9.996365 -1.309446
v 0.042562 9.995936 -1.306745
v 0.045273 10.009597 -1.305526
v 0.042562 10.008485 -1.303028
v -0.042636 9.958625 -1.297787
v -0.045347 9.955074 -1.298154
v -0.042636 9.949132 -1.288777
v -0.045347 9.947007 -1.290498
v -0.042636 9.942293 -1.277618
v -0.045347 9.940514 -1.279903
v -0.042636 9.938576 -1.265070
v -0.045347 9.935521 -1.262999
v -0.042636 9.938233 -1.251986
v -0.045347 9.935264 -1.252745
v -0.042636 9.941289 -1.239260
v -0.045347 9.938735 -1.238280
v -0.042636 9.947533 -1.227759
v -0.045347 9.945321 -1.226152
v -0.042636 9.956543 -1.218265
v -0.045347 9.954822 -1.216140
v -0.042636 9.967703 -1.211426
v -0.045347 9.966590 -1.208928
v -0.042636 9.980251 -1.207709
v -0.045347 9.979823 -1.205008
v -0.042636 9.993334 -1.207367
v -0.045347 9.994649 -1.204620
v -0.042636 10.006061 -1.210422
v -0.045347 10.004783 -1.207042
v -0.042636 10.017563 -1.216667
v -0.045347 10.020115 -1.215351
v -0.042636 10.027056 -1.225676
v -0.045347 10.029181 -1.223955
v -0.042636 10.033895 -1.236835
v -0.045347 10.034992 -1.233438
v -0.042636 10.037612 -1.249384
v -0.045347 10.040883 -1.253424
v -0.045347 10.041066 -1.261114
v -0.042636 10.037954 -1.262468
v -0.042636 10.034899 -1.275194
v -0.045347 10.037452 -1.276174
v -0.045347 10.030867 -1.288302
v -0.042636 10.028654 -1.286695
v -0.045347 10.021366 -1.298314
v -0.042636 10.019645 -1.296189
v -0.045347 10.120176 -1.442080
v -0.042636 10.119064 -1.439582
v -0.045347 10.106944 -1.445999
v -0.042636 10.106516 -1.443298
v -0.045347 10.091461 -1.446404
v -0.042636 10.093432 -1.443641
v -0.045347 10.083977 -1.444626
v -0.042636 10.080706 -1.440586
v -0.045347 10.065654 -1.434708
v -0.042636 10.069204 -1.434341
v -0.045347 10.057587 -1.427052
v -0.042636 10.059711 -1.425331
v -0.045347 10.051775 -1.417569
v -0.042636 10.052872 -1.414172
v -0.045347 10.045883 -1.397584
v -0.042636 10.049154 -1.401624
v -0.045347 10.045700 -1.389894
v -0.042636 10.048812 -1.388540
v -0.045347 10.049314 -1.374833
v -0.042636 10.051867 -1.375814
v -0.045347 10.055900 -1.362705
v -0.042636 10.058112 -1.364312
v -0.045347 10.065401 -1.352694
v -0.042636 10.067122 -1.354819
v -0.045347 10.077169 -1.345481
v -0.042636 10.078281 -1.347980
v -0.045347 10.090402 -1.341562
v -0.042636 10.090830 -1.344263
v -0.045347 10.105885 -1.341157
v -0.042636 10.103913 -1.343920
v -0.045347 10.113368 -1.342936
v -0.042636 10.116639 -1.346975
v -0.045347 10.131693 -1.352853
v -0.042636 10.128141 -1.353220
v -0.045347 10.139760 -1.360509
v -0.042636 10.137635 -1.362229
v -0.045347 10.145571 -1.369992
v -0.042636 10.144474 -1.373389
v -0.045347 10.151462 -1.389977
v -0.042636 10.148190 -1.385938
v -0.045347 10.151646 -1.397668
v -0.042636 10.148534 -1.399021
v -0.042636 10.145477 -1.411748
v -0.045347 10.148030 -1.412728
v -0.045347 10.141445 -1.424856
v -0.042636 10.139234 -1.423249
v -0.042636 10.130224 -1.432743
v -0.045347 10.131945 -1.434868
v -0.045347 10.230756 -1.578633
v -0.042636 10.229643 -1.576135
v -0.045347 10.217523 -1.582553
v -0.042636 10.217094 -1.579852
v -0.045347 10.202040 -1.582958
v -0.042636 10.204011 -1.580195
v -0.045347 10.194556 -1.581179
v -0.042636 10.191284 -1.577139
v -0.045347 10.176233 -1.571262
v -0.042636 10.179783 -1.570894
v -0.045347 10.168165 -1.563605
v -0.042636 10.170290 -1.561885
v -0.045347 10.162354 -1.554123
v -0.042636 10.163451 -1.550726
v -0.045347 10.156463 -1.534138
v -0.042636 10.159734 -1.538178
v -0.045347 10.156279 -1.526448
v -0.042636 10.159391 -1.525094
v -0.045347 10.159893 -1.511387
v -0.042636 10.162446 -1.512368
v -0.045347 10.166479 -1.499259
v -0.042636 10.168692 -1.500866
v -0.045347 10.175981 -1.489247
v -0.042636 10.177701 -1.491372
v -0.045347 10.187749 -1.482035
v -0.042636 10.188860 -1.484533
v -0.045347 10.200980 -1.478116
v -0.042636 10.201408 -1.480816
v -0.045347 10.216463 -1.477711
v -0.042636 10.214492 -1.480474
v -0.045347 10.223948 -1.479489
v -0.042636 10.227219 -1.483529
v -0.045347 10.242271 -1.489407
v -0.042636 10.238721 -1.489774
v -0.045347 10.250339 -1.497063
v -0.042636 10.248214 -1.498783
v -0.045347 10.256150 -1.506546
v -0.042636 10.255053 -1.509942
v -0.045347 10.262041 -1.526531
v -0.042636 10.258770 -1.522491
v -0.045347 10.262224 -1.534222
v -0.042636 10.259112 -1.535575
v -0.042636 10.256057 -1.548301
v -0.045347 10.258610 -1.549281
v -0.045347 10.252025 -1.561410
v -0.042636 10.249812 -1.559803
v -0.042636 10.240803 -1.569297
v -0.045347 10.242524 -1.571422
v -0.045347 10.673071 -2.124848
v -0.042636 10.671960 -2.122350
v -0.045347 10.659839 -2.128768
v -0.042636 10.659410 -2.126067
v -0.045347 10.644968 -2.129157
v -0.042636 10.646328 -2.126410
v -0.045347 10.634992 -2.126773
v -0.042636 10.633601 -2.123355
v -0.045347 10.619495 -2.118374
v -0.042636 10.622099 -2.117109
v -0.045347 10.610481 -2.109820
v -0.042636 10.612606 -2.108100
v -0.045347 10.604671 -2.100340
v -0.042636 10.605767 -2.096941
v -0.045347 10.598779 -2.080352
v -0.042636 10.602050 -2.084392
v -0.045347 10.598596 -2.072663
v -0.042636 10.601707 -2.071309
v -0.045347 10.602210 -2.057602
v -0.042636 10.604763 -2.058582
v -0.045347 10.608795 -2.045474
v -0.042636 10.611007 -2.047081
v -0.045347 10.618297 -2.035462
v -0.042636 10.620016 -2.037587
v -0.045347 10.630065 -2.028250
v -0.042636 10.631176 -2.030748
v -0.045347 10.643296 -2.024331
v -0.042636 10.643724 -2.027031
v -0.045347 10.658780 -2.023926
v -0.042636 10.656808 -2.026689
v -0.045347 10.666264 -2.025704
v -0.042636 10.669535 -2.029744
v -0.045347 10.684587 -2.035622
v -0.042636 10.681036 -2.035989
v -0.045347 10.692656 -2.043278
v -0.042636 10.690531 -2.044998
v -0.045347 10.699185 -2.053935
v -0.042636 10.697369 -2.056157
v -0.045347 10.704125 -2.070659
v -0.042636 10.701086 -2.068706
v -0.045347 10.704388 -2.081075
v -0.042636 10.701428 -2.081790
v -0.042636 10.698373 -2.094516
v -0.045347 10.700926 -2.095496
v -0.045347 10.694341 -2.107625
v -0.042636 10.692128 -2.106018
v -0.042636 10.683119 -2.115511
v -0.045347 10.684839 -2.117636
v -0.045347 10.562492 -1.988294
v -0.042636 10.561380 -1.985796
v -0.045347 10.549260 -1.992214
v -0.042636 10.548832 -1.989513
v -0.045347 10.533777 -1.992619
v -0.042636 10.535748 -1.989856
v -0.045347 10.526293 -1.990841
v -0.042636 10.523022 -1.986801
v -0.045347 10.507968 -1.980921
v -0.042636 10.511520 -1.980555
v -0.045347 10.499903 -1.973267
v -0.042636 10.502028 -1.971546
v -0.045347 10.494093 -1.963786
v -0.042636 10.495189 -1.960387
v -0.045347 10.488199 -1.943799
v -0.042636 10.491471 -1.947838
v -0.045347 10.488015 -1.936109
v -0.042636 10.491129 -1.934755
v -0.045347 10.491631 -1.921049
v -0.042636 10.494184 -1.922029
v -0.045347 10.498216 -1.908920
v -0.042636 10.500428 -1.910527
v -0.045347 10.507717 -1.898908
v -0.042636 10.509438 -1.901033
v -0.045347 10.519485 -1.891697
v -0.042636 10.520597 -1.894194
v -0.045347 10.532718 -1.887777
v -0.042636 10.533146 -1.890477
v -0.045347 10.548201 -1.887372
v -0.042636 10.546229 -1.890135
v -0.045347 10.555684 -1.889150
v -0.042636 10.558956 -1.893190
v -0.045347 10.574008 -1.899068
v -0.042636 10.570457 -1.899435
v -0.045347 10.582076 -1.906724
v -0.042636 10.579951 -1.908444
v -0.045347 10.587887 -1.916206
v -0.042636 10.586789 -1.919603
v -0.045347 10.593779 -1.936192
v -0.042636 10.590507 -1.932153
v -0.045347 10.593962 -1.943882
v -0.042636 10.590849 -1.945236
v -0.042636 10.587793 -1.957962
v -0.045347 10.590346 -1.958942
v -0.045347 10.583761 -1.971071
v -0.042636 10.581549 -1.969464
v -0.042636 10.572539 -1.978958
v -0.045347 10.574261 -1.981082
v -0.045347 10.451913 -1.851741
v -0.042636 10.450802 -1.849243
v -0.045347 10.438681 -1.855660
v -0.042636 10.438252 -1.852960
v -0.045347 10.423198 -1.856066
v -0.042636 10.425169 -1.853302
v -0.045347 10.415714 -1.854287
v -0.042636 10.412443 -1.850247
v -0.045347 10.397389 -1.844367
v -0.042636 10.400941 -1.844002
v -0.045347 10.389323 -1.836713
v -0.042636 10.391449 -1.834992
v -0.045347 10.383513 -1.827232
v -0.042636 10.384609 -1.823833
v -0.045347 10.377620 -1.807245
v -0.042636 10.380892 -1.811285
v -0.045347 10.377437 -1.799555
v -0.042636 10.380549 -1.798201
v -0.045347 10.381052 -1.784494
v -0.042636 10.383605 -1.785475
v -0.045347 10.387637 -1.772367
v -0.042636 10.389850 -1.773973
v -0.045347 10.397139 -1.762354
v -0.042636 10.398859 -1.764479
v -0.045347 10.408907 -1.755143
v -0.042636 10.410018 -1.757641
v -0.045347 10.422138 -1.751223
v -0.042636 10.422566 -1.753924
v -0.045347 10.437621 -1.750818
v -0.042636 10.435650 -1.753581
v -0.045347 10.445106 -1.752597
v -0.042636 10.448377 -1.756637
v -0.045347 10.463429 -1.762514
v -0.042636 10.459878 -1.762881
v -0.045347 10.471498 -1.770170
v -0.042636 10.469373 -1.771891
v -0.045347 10.477308 -1.779653
v -0.042636 10.476211 -1.783050
v -0.045347 10.483199 -1.799639
v -0.042636 10.479928 -1.795599
v -0.045347 10.483382 -1.807329
v -0.042636 10.480269 -1.808682
v -0.042636 10.477215 -1.821409
v -0.045347 10.479768 -1.822389
v -0.045347 10.473183 -1.834517
v -0.042636 10.470970 -1.832910
v -0.042636 10.461961 -1.842404
v -0.045347 10.463681 -1.844529
v -0.045347 10.341334 -1.715187
v -0.042636 10.340222 -1.712689
v -0.045347 10.328102 -1.719107
v -0.042636 10.327674 -1.716406
v -0.045347 10.312619 -1.719512
v -0.042636 10.314590 -1.716748
v -0.045347 10.305135 -1.717733
v -0.042636 10.301864 -1.713693
v -0.045347 10.286812 -1.707815
v -0.042636 10.290362 -1.707448
v -0.045347 10.278745 -1.700159
v -0.042636 10.280869 -1.698439
v -0.045347 10.272933 -1.690677
v -0.042636 10.274031 -1.687279
v -0.045347 10.267041 -1.670691
v -0.042636 10.270312 -1.674731
v -0.045347 10.266858 -1.663001
v -0.042636 10.269971 -1.661647
v -0.045347 10.270473 -1.647941
v -0.042636 10.273026 -1.648921
v -0.045347 10.277058 -1.635813
v -0.042636 10.279270 -1.637420
v -0.045347 10.286559 -1.625801
v -0.042636 10.288280 -1.627926
v -0.045347 10.298327 -1.618589
v -0.042636 10.299438 -1.621087
v -0.045347 10.311560 -1.614669
v -0.042636 10.311988 -1.617370
v -0.045347 10.327043 -1.614264
v -0.042636 10.325071 -1.617028
v -0.045347 10.334526 -1.616043
v -0.042636 10.337797 -1.620083
v -0.045347 10.352851 -1.625961
v -0.042636 10.349299 -1.626328
v -0.045347 10.360918 -1.633616
v -0.042636 10.358793 -1.635337
v -0.045347 10.366729 -1.643099
v -0.042636 10.365632 -1.646496
v -0.045347 10.372620 -1.663085
v -0.042636 10.369349 -1.659045
v -0.045347 10.372805 -1.670775
v -0.042636 10.369691 -1.672129
v -0.042636 10.366635 -1.684855
v -0.045347 10.369188 -1.685835
v -0.045347 10.362603 -1.697963
v -0.042636 10.360391 -1.696356
v -0.042636 10.351381 -1.705850
v -0.045347 10.353103 -1.707975
v -0.045347 9.931870 -1.014274
v -0.042636 9.930503 -1.010658
v -0.045347 9.932209 -1.012765
v -0.045347 9.830959 -1.192103
v -0.042636 9.828483 -1.190423
v -0.042636 9.970126 -1.304032
v -0.045347 9.973397 -1.308072
v -0.042636 9.982853 -1.307087
v -0.045347 9.980882 -1.309851
v -0.042636 9.995936 -1.306745
v -0.045347 9.996365 -1.309446
v -0.042636 10.008485 -1.303028
v -0.045347 10.009597 -1.305526
v 0.097094 10.130224 -1.432743
v 0.103476 10.126173 -1.427741
v 0.103476 10.134026 -1.419466
v 0.097094 10.139234 -1.423249
v 0.103476 10.139469 -1.409440
v 0.097094 10.145477 -1.411748
v 0.103476 10.142132 -1.398349
v 0.097094 10.148534 -1.399021
v 0.103476 10.141833 -1.386945
v 0.097094 10.148190 -1.385938
v 0.103476 10.138594 -1.376007
v 0.097094 10.144474 -1.373389
v 0.103476 10.132633 -1.366280
v 0.097094 10.137635 -1.362229
v 0.103476 10.124357 -1.358427
v 0.097094 10.128141 -1.353220
v 0.103476 10.114334 -1.352985
v 0.097094 10.116639 -1.346975
v 0.103476 10.103240 -1.350322
v 0.097094 10.103913 -1.343920
v 0.103476 10.091837 -1.350620
v 0.097094 10.090830 -1.344263
v 0.103476 10.080899 -1.353860
v 0.097094 10.078281 -1.347980
v 0.103476 10.071173 -1.359821
v 0.097094 10.067122 -1.354819
v 0.103476 10.063320 -1.368096
v 0.097094 10.058112 -1.364312
v 0.103476 10.057876 -1.378121
v 0.097094 10.051867 -1.375814
v 0.103476 10.055214 -1.389213
v 0.097094 10.048812 -1.388540
v 0.103476 10.055511 -1.400616
v 0.097094 10.049154 -1.401624
v 0.103476 10.058752 -1.411553
v 0.097094 10.052872 -1.414172
v 0.103476 10.064714 -1.421281
v 0.097094 10.059711 -1.425331
v 0.103476 10.072988 -1.429133
v 0.097094 10.069204 -1.434341
v 0.103476 10.083012 -1.434577
v 0.097094 10.080706 -1.440586
v 0.103476 10.094105 -1.437240
v 0.097094 10.093432 -1.443641
v 0.103476 10.105509 -1.436941
v 0.097094 10.106516 -1.443298
v 0.103476 10.116446 -1.433701
v 0.097094 10.119064 -1.439582
v -0.103555 10.116446 -1.433701
v -0.097174 10.119064 -1.439582
v -0.103555 10.105509 -1.436941
v -0.097174 10.106516 -1.443298
v -0.103555 10.094105 -1.437240
v -0.097174 10.093432 -1.443641
v -0.103555 10.083012 -1.434577
v -0.097174 10.080706 -1.440586
v -0.103555 10.072988 -1.429133
v -0.097174 10.069204 -1.434341
v -0.103555 10.064714 -1.421281
v -0.097174 10.059711 -1.425331
v -0.103555 10.058752 -1.411553
v -0.097174 10.052872 -1.414172
v -0.103555 10.055511 -1.400616
v -0.097174 10.049154 -1.401624
v -0.103555 10.055214 -1.389213
v -0.097174 10.048812 -1.388540
v -0.103555 10.057876 -1.378121
v -0.097174 10.051867 -1.375814
v -0.103555 10.063320 -1.368096
v -0.097174 10.058112 -1.364312
v -0.103555 10.071173 -1.359821
v -0.097174 10.067122 -1.354819
v -0.103555 10.080899 -1.353860
v -0.097174 10.078281 -1.347980
v -0.103555 10.091837 -1.350620
v -0.097174 10.090830 -1.344263
v -0.103555 10.103240 -1.350322
v -0.097174 10.103913 -1.343920
v -0.103555 10.114334 -1.352985
v -0.097174 10.116639 -1.346975
v -0.103555 10.124357 -1.358427
v -0.097174 10.128141 -1.353220
v -0.103555 10.132633 -1.366280
v -0.097174 10.137635 -1.362229
v -0.103555 10.138594 -1.376007
v -0.097174 10.144474 -1.373389
v -0.103555 10.141833 -1.386945
v -0.097174 10.148190 -1.385938
v -0.103555 10.142132 -1.398349
v -0.097174 10.148534 -1.399021
v -0.097174 10.145477 -1.411748
v -0.103555 10.139469 -1.409440
v -0.103555 10.134026 -1.419466
v -0.097174 10.139234 -1.423249
v -0.097174 10.130224 -1.432743
v -0.103555 10.126173 -1.427741
v -0.097174 8.065510 -0.468227
v -0.103555 8.070908 -0.471733
v -0.097174 8.059875 -0.480040
v -0.103555 8.065997 -0.482029
v -0.097174 8.057490 -0.492909
v -0.103555 8.063918 -0.493246
v -0.097174 8.058517 -0.505956
v -0.103555 8.064814 -0.504617
v -0.097174 8.062886 -0.518293
v -0.103555 8.068623 -0.515372
v -0.097174 8.070299 -0.529080
v -0.103555 8.075082 -0.524773
v -0.097174 8.080251 -0.537580
v -0.103555 8.083755 -0.532181
v -0.097174 8.092064 -0.543214
v -0.103555 8.094053 -0.537093
v -0.097174 8.104933 -0.545599
v -0.103555 8.105269 -0.539172
v -0.097174 8.117980 -0.544573
v -0.103555 8.116642 -0.538277
v 0.097094 8.117980 -0.544573
v 0.103476 8.116642 -0.538277
v 0.097094 8.104933 -0.545599
v 0.103476 8.105269 -0.539172
v 0.097094 8.092064 -0.543214
v 0.103476 8.094053 -0.537093
v 0.097094 8.080251 -0.537580
v 0.103476 8.083755 -0.532181
v 0.097094 8.070299 -0.529080
v 0.103476 8.075082 -0.524773
v 0.097094 8.062886 -0.518293
v 0.103476 8.068623 -0.515372
v 0.097094 8.058517 -0.505956
v 0.103476 8.064814 -0.504617
v 0.097094 8.057490 -0.492909
v 0.103476 8.063918 -0.493246
v 0.097094 8.059875 -0.480040
v 0.103476 8.065997 -0.482029
v 0.097094 8.065510 -0.468227
v 0.103476 8.070908 -0.471733
v 0.097094 8.074009 -0.458275
v 0.103476 8.078316 -0.463059
v 0.097094 8.084796 -0.450862
v 0.103476 8.087718 -0.456597
v 0.097094 8.097133 -0.446493
v 0.103476 8.098472 -0.452789
v 0.097094 8.110180 -0.445466
v 0.103476 8.109843 -0.451894
v 0.097094 8.123049 -0.447852
v 0.103476 8.121059 -0.453973
v 0.097094 8.134862 -0.453486
v 0.103476 8.131357 -0.458885
v 0.097094 8.144814 -0.461986
v 0.103476 8.140030 -0.466292
v 0.097094 8.152227 -0.472772
v 0.103476 8.146492 -0.475694
v 0.097094 8.156596 -0.485109
v 0.103476 8.150300 -0.486448
v 0.097094 8.157623 -0.498157
v 0.103476 8.151196 -0.497820
v 0.097094 8.155238 -0.511026
v 0.103476 8.149117 -0.509037
v 0.097094 8.149603 -0.522838
v 0.103476 8.144205 -0.519332
v 0.097094 8.141104 -0.532790
v 0.103476 8.136797 -0.528007
v 0.103476 8.127396 -0.534469
v 0.097094 8.130318 -0.540204
v -0.103555 8.078316 -0.463059
v -0.097174 8.074009 -0.458275
v -0.103555 8.087718 -0.456597
v -0.097174 8.084796 -0.450862
v -0.103555 8.098472 -0.452789
v -0.097174 8.097133 -0.446493
v -0.103555 8.109843 -0.451894
v -0.097174 8.110180 -0.445466
v -0.103555 8.121059 -0.453973
v -0.097174 8.123049 -0.447852
v -0.103555 8.131357 -0.458885
v -0.097174 8.134862 -0.453486
v -0.103555 8.140030 -0.466292
v -0.097174 8.144814 -0.461986
v -0.103555 8.146492 -0.475694
v -0.097174 8.152227 -0.472772
v -0.103555 8.150300 -0.486448
v -0.097174 8.156596 -0.485109
v -0.103555 8.151196 -0.497820
v -0.097174 8.157623 -0.498157
v -0.103555 8.149117 -0.509037
v -0.097174 8.155238 -0.511026
v -0.097174 8.149603 -0.522838
v -0.103555 8.144205 -0.519332
v -0.103555 8.136797 -0.528007
v -0.097174 8.141104 -0.532790
v -0.097174 8.130318 -0.540204
v -0.103555 8.127396 -0.534469
v 0.051112 10.175360 -1.464216
v 0.051112 10.114213 -1.496739
v 0.051112 10.194819 -1.400537
v 0.051112 10.117157 -1.301217
v -0.051243 8.104549 -0.397303
v -0.051243 8.023791 -0.420472
v -0.051243 7.990333 -0.480851
v -0.051243 8.013502 -0.561610
v 0.051112 8.013502 -0.561610
v 0.051112 7.990333 -0.480851
v 0.051112 8.023791 -0.420472
v 0.051112 8.104549 -0.397303
v -0.051243 10.117157 -1.301217
v -0.051243 10.194819 -1.400537
v -0.051243 10.114213 -1.496739
v -0.051243 10.175360 -1.464216
v 0.087791 10.170860 -1.460507
v 0.082403 10.175360 -1.464216
v 0.082403 10.194819 -1.400537
v 0.087791 10.188848 -1.401646
v 0.087791 10.113958 -1.305873
v 0.082403 10.117157 -1.301217
v 0.087791 10.113653 -1.490934
v 0.082403 10.114213 -1.496739
v 0.087791 8.103890 -0.403097
v 0.082403 8.104549 -0.397303
v 0.087791 8.027422 -0.425036
v 0.082403 8.023791 -0.420472
v 0.087791 7.996127 -0.481510
v 0.082403 7.990333 -0.480851
v 0.087791 8.018065 -0.557979
v 0.082403 8.013502 -0.561610
v -0.087921 10.170860 -1.460507
v -0.082533 10.175360 -1.464216
v -0.082533 10.194819 -1.400537
v -0.087921 10.188848 -1.401646
v -0.087921 10.113958 -1.305873
v -0.082533 10.117157 -1.301217
v -0.087921 10.113653 -1.490934
v -0.082533 10.114213 -1.496739
v -0.087921 8.103890 -0.403097
v -0.082533 8.104549 -0.397303
v -0.087921 8.027422 -0.425036
v -0.082533 8.023791 -0.420472
v -0.087921 7.996127 -0.481510
v -0.082533 7.990333 -0.480851
v -0.087921 8.018065 -0.557979
v -0.082533 8.013502 -0.561610
v -1.327452 0.175498 -1.597788
v -1.318765 0.175498 -1.652633
v -1.299254 0.175498 -1.690927
v -1.268863 0.175498 -1.721318
v -1.230570 0.175498 -1.740829
v -1.175725 0.175498 -1.749516
v 1.327452 0.175498 -1.597788
v 1.318765 0.175498 -1.652633
v 1.299254 0.175498 -1.690927
v 1.268863 0.175498 -1.721318
v 1.175725 0.175498 -1.749516
v 1.230570 0.175498 -1.740829
v -1.175725 0.175498 1.749516
v -1.230570 0.175498 1.740829
v -1.268863 0.175498 1.721318
v -1.299254 0.175498 1.690927
v -1.318765 0.175498 1.652633
v -1.327452 0.175498 1.597788
v 1.175725 0.175498 1.749516
v 1.230570 0.175498 1.740829
v 1.268863 0.175498 1.721318
v 1.299254 0.175498 1.690927
v 1.327452 0.175498 1.597788
v 1.318765 0.175498 1.652633
v -1.169180 1.392825 1.666359
v -1.175404 1.335365 1.745445
v -1.174475 1.358546 1.733634
v -1.173027 1.376943 1.715237
v -1.171202 1.388755 1.692056
v -1.244295 1.392825 1.591244
v -1.269992 1.388755 1.593266
v -1.293173 1.376943 1.595091
v -1.311570 1.358546 1.596538
v -1.323382 1.335365 1.597468
v -1.204553 1.392825 1.660757
v -1.229296 1.335365 1.736910
v -1.225601 1.358546 1.725536
v -1.219845 1.376943 1.707822
v -1.212592 1.388755 1.685500
v -1.219375 1.392825 1.653204
v -1.266441 1.335365 1.717984
v -1.259412 1.358546 1.708309
v -1.248463 1.376943 1.693240
v -1.234668 1.388755 1.674252
v -1.231140 1.392825 1.641439
v -1.295920 1.335365 1.688505
v -1.286245 1.358546 1.681476
v -1.271176 1.376943 1.670528
v -1.252189 1.388755 1.656732
v -1.238693 1.392825 1.626617
v -1.314846 1.335365 1.651360
v -1.303473 1.358546 1.647665
v -1.285758 1.376943 1.641909
v -1.263437 1.388755 1.634656
v 1.244295 1.392825 1.591244
v 1.269992 1.388755 1.593266
v 1.293173 1.376943 1.595091
v 1.311570 1.358546 1.596538
v 1.323382 1.335365 1.597468
v 1.169180 1.392825 1.666359
v 1.171202 1.388755 1.692056
v 1.173027 1.376943 1.715237
v 1.174475 1.358546 1.733634
v 1.175404 1.335365 1.745445
v 1.238693 1.392825 1.626617
v 1.263437 1.388755 1.634656
v 1.285758 1.376943 1.641909
v 1.303473 1.358546 1.647665
v 1.314846 1.335365 1.651360
v 1.231140 1.392825 1.641439
v 1.252189 1.388755 1.656732
v 1.271176 1.376943 1.670528
v 1.286245 1.358546 1.681476
v 1.295920 1.335365 1.688505
v 1.219375 1.392825 1.653204
v 1.234668 1.388755 1.674252
v 1.248463 1.376943 1.693240
v 1.259412 1.358546 1.708309
v 1.266441 1.335365 1.717984
v 1.204553 1.392825 1.660757
v 1.212592 1.388755 1.685500
v 1.219845 1.376943 1.707822
v 1.225601 1.358546 1.725536
v 1.229296 1.335365 1.736910
v -1.244295 1.392825 -1.591244
v -1.323382 1.335365 -1.597468
v -1.311570 1.358546 -1.596538
v -1.293173 1.376943 -1.595091
v -1.269992 1.388755 -1.593266
v -1.169180 1.392825 -1.666359
v -1.171202 1.388755 -1.692056
v -1.173027 1.376943 -1.715237
v -1.174475 1.358546 -1.733634
v -1.175404 1.335365 -1.745445
v -1.238693 1.392825 -1.626617
v -1.314846 1.335365 -1.651360
v -1.303473 1.358546 -1.647665
v -1.285758 1.376943 -1.641909
v -1.263437 1.388755 -1.634656
v -1.231140 1.392825 -1.641439
v -1.295920 1.335365 -1.688505
v -1.286245 1.358546 -1.681476
v -1.271176 1.376943 -1.670528
v -1.252189 1.388755 -1.656732
v -1.219375 1.392825 -1.653204
v -1.266441 1.335365 -1.717984
v -1.259412 1.358546 -1.708309
v -1.248463 1.376943 -1.693240
v -1.234668 1.388755 -1.674252
v -1.204553 1.392825 -1.660757
v -1.229296 1.335365 -1.736910
v -1.225601 1.358546 -1.725536
v -1.219845 1.376943 -1.707822
v -1.212592 1.388755 -1.685500
v 1.169180 1.392825 -1.666359
v 1.171202 1.388755 -1.692056
v 1.173027 1.376943 -1.715237
v 1.174475 1.358546 -1.733634
v 1.175404 1.335365 -1.745445
v 1.244295 1.392825 -1.591244
v 1.269992 1.388755 -1.593266
v 1.293173 1.376943 -1.595091
v 1.311570 1.358546 -1.596538
v 1.323382 1.335365 -1.597468
v 1.204553 1.392825 -1.660757
v 1.212592 1.388755 -1.685500
v 1.219845 1.376943 -1.707822
v 1.225601 1.358546 -1.725536
v 1.229296 1.335365 -1.736910
v 1.219375 1.392825 -1.653204
v 1.234668 1.388755 -1.674252
v 1.248463 1.376943 -1.693240
v 1.259412 1.358546 -1.708309
v 1.266441 1.335365 -1.717984
v 1.231140 1.392825 -1.641439
v 1.252189 1.388755 -1.656732
v 1.271176 1.376943 -1.670528
v 1.286245 1.358546 -1.681476
v 1.295920 1.335365 -1.688505
v 1.238693 1.392825 -1.626617
v 1.263437 1.388755 -1.634656
v 1.285758 1.376943 -1.641909
v 1.303473 1.358546 -1.647665
v 1.314846 1.335365 -1.651360
v 1.289962 1.309668 1.643275
v 1.297260 1.309668 1.595412
v 1.274752 1.309668 1.673126
v 1.251062 1.309668 1.696816
v 1.221211 1.309668 1.712026
v 1.173348 1.309668 1.719323
v -1.297260 1.309668 1.595412
v -1.289962 1.309668 1.643275
v -1.274752 1.309668 1.673126
v -1.251062 1.309668 1.696816
v -1.221211 1.309668 1.712026
v -1.173348 1.309668 1.719323
v 1.221211 1.309668 -1.712026
v 1.173348 1.309668 -1.719323
v 1.251062 1.309668 -1.696816
v 1.274752 1.309668 -1.673126
v 1.289962 1.309668 -1.643275
v 1.297260 1.309668 -1.595412
v -1.173348 1.309668 -1.719323
v -1.221211 1.309668 -1.712026
v -1.251062 1.309668 -1.696816
v -1.274752 1.309668 -1.673126
v -1.289962 1.309668 -1.643275
v -1.297260 1.309668 -1.595412
v -1.173348 1.236393 1.719323
v 1.173348 1.236393 1.719323
v -1.289962 1.236393 1.643275
v 1.297260 1.236393 1.595412
v 1.297260 1.236393 -1.595412
v 1.221211 1.236393 1.712026
v -1.221211 1.236393 -1.712026
v 1.289962 1.236393 -1.643275
v -1.221211 1.236393 1.712026
v -1.297260 1.236393 1.595412
v -1.297260 1.236393 -1.595412
v -1.251062 1.236393 1.696816
v -1.274752 1.236393 1.673126
v 1.289962 1.236393 1.643275
v 1.274752 1.236393 1.673126
v 1.251062 1.236393 1.696816
v -1.289962 1.236393 -1.643275
v -1.173348 1.236393 -1.719323
v 1.173348 1.236393 -1.719323
v -1.274752 1.236393 -1.673126
v -1.251062 1.236393 -1.696816
v 1.221211 1.236393 -1.712026
v 1.251062 1.236393 -1.696816
v 1.274752 1.236393 -1.673126
v -1.174998 1.309668 1.740287
v -1.175611 1.318783 1.748072
v -1.326008 1.318783 1.597675
v -1.318223 1.309668 1.597062
v -1.227682 1.309668 1.731943
v -1.230118 1.318783 1.739439
v -1.263371 1.309668 1.713758
v -1.268004 1.318783 1.720135
v -1.291695 1.309668 1.685435
v -1.298071 1.318783 1.690068
v -1.309879 1.309668 1.649746
v -1.317375 1.318783 1.652182
v 1.318223 1.309668 1.597062
v 1.326008 1.318783 1.597675
v 1.175611 1.318783 1.748072
v 1.174998 1.309668 1.740287
v 1.317375 1.318783 1.652182
v 1.309879 1.309668 1.649746
v 1.298071 1.318783 1.690068
v 1.291695 1.309668 1.685435
v 1.268004 1.318783 1.720135
v 1.263371 1.309668 1.713758
v 1.230118 1.318783 1.739439
v 1.227682 1.309668 1.731943
v -1.318223 1.309668 -1.597062
v -1.326008 1.318783 -1.597675
v -1.175611 1.318783 -1.748072
v -1.174998 1.309668 -1.740287
v -1.309879 1.309668 -1.649746
v -1.317375 1.318783 -1.652182
v -1.291695 1.309668 -1.685435
v -1.298071 1.318783 -1.690068
v -1.263371 1.309668 -1.713758
v -1.268004 1.318783 -1.720135
v -1.227682 1.309668 -1.731943
v -1.230118 1.318783 -1.739439
v 1.174998 1.309668 -1.740287
v 1.175611 1.318783 -1.748072
v 1.326008 1.318783 -1.597675
v 1.318223 1.309668 -1.597062
v 1.230118 1.318783 -1.739439
v 1.227682 1.309668 -1.731943
v 1.268004 1.318783 -1.720135
v 1.263371 1.309668 -1.713758
v 1.298071 1.318783 -1.690068
v 1.291695 1.309668 -1.685435
v 1.317375 1.318783 -1.652182
v 1.309879 1.309668 -1.649746
v -1.175725 1.227165 1.749516
v -1.174998 1.236393 1.740287
v -1.227682 1.236393 1.731943
v -1.230570 1.227165 1.740829
v 1.174998 1.236393 1.740287
v 1.175725 1.227165 1.749516
v -1.318765 1.227165 1.652633
v -1.309879 1.236393 1.649746
v -1.318223 1.236393 1.597062
v -1.327452 1.227165 1.597788
v -1.318223 1.236393 -1.597062
v -1.327452 1.227165 -1.597788
v -1.268863 1.227165 1.721318
v -1.263371 1.236393 1.713758
v -1.291695 1.236393 1.685435
v -1.299254 1.227165 1.690927
v 1.318223 1.236393 1.597062
v 1.327452 1.227165 1.597788
v 1.309879 1.236393 1.649746
v 1.318765 1.227165 1.652633
v 1.327452 1.227165 -1.597788
v 1.318223 1.236393 -1.597062
v 1.230570 1.227165 1.740829
v 1.227682 1.236393 1.731943
v 1.299254 1.227165 1.690927
v 1.291695 1.236393 1.685435
v 1.263371 1.236393 1.713758
v 1.268863 1.227165 1.721318
v -1.309879 1.236393 -1.649746
v -1.318765 1.227165 -1.652633
v -1.230570 1.227165 -1.740829
v -1.227682 1.236393 -1.731943
v -1.174998 1.236393 -1.740287
v -1.175725 1.227165 -1.749516
v 1.174998 1.236393 -1.740287
v 1.175725 1.227165 -1.749516
v -1.299254 1.227165 -1.690927
v -1.291695 1.236393 -1.685435
v -1.268863 1.227165 -1.721318
v -1.263371 1.236393 -1.713758
v 1.230570 1.227165 -1.740829
v 1.227682 1.236393 -1.731943
v 1.309879 1.236393 -1.649746
v 1.318765 1.227165 -1.652633
v 1.263371 1.236393 -1.713758
v 1.268863 1.227165 -1.721318
v 1.299254 1.227165 -1.690927
v 1.291695 1.236393 -1.685435
v 4.847651 5.358382 5.380845
v 4.847651 5.363502 5.380306
v 4.851291 5.360673 5.378015
v 4.847643 13.917141 -5.182558
v 4.847643 13.916604 -5.187678
v 4.851284 13.914312 -5.184849
v 4.425983 5.363502 5.380306
v 4.425983 5.358382 5.380845
v 4.422344 5.360673 5.378015
v 4.425976 13.916602 -5.187678
v 4.425976 13.917142 -5.182559
v 4.422336 13.914312 -5.184849
v 4.425983 5.334619 5.356916
v 4.422344 5.337449 5.359207
v 4.425983 5.335157 5.362037
v 4.847651 5.335157 5.362037
v 4.851291 5.337449 5.359207
v 4.847651 5.334619 5.356916
v 4.847643 13.888257 -5.205946
v 4.851284 13.891087 -5.203655
v 4.847643 13.893379 -5.206485
v 4.425976 13.893379 -5.206485
v 4.422336 13.891087 -5.203655
v 4.425976 13.888259 -5.205947
v 4.602007 5.363502 5.380306
v 4.609288 5.363502 5.380306
v 4.609288 5.358382 5.380845
v 4.602007 5.358382 5.380845
v 4.671627 5.363502 5.380306
v 4.671627 5.358382 5.380845
v 4.664345 5.358382 5.380845
v 4.664345 5.363502 5.380306
v 4.671620 13.917141 -5.182558
v 4.664339 13.917142 -5.182559
v 4.664339 13.916602 -5.187678
v 4.671620 13.916602 -5.187678
v 4.602000 13.917141 -5.182558
v 4.602000 13.916602 -5.187678
v 4.609281 13.916604 -5.187678
v 4.609281 13.917141 -5.182558
v 4.602007 5.334619 5.356916
v 4.602007 5.335157 5.362037
v 4.609288 5.335157 5.362037
v 4.609288 5.329500 5.357455
v 4.605648 5.331791 5.354627
v 4.671627 5.334619 5.356916
v 4.667986 5.331791 5.354627
v 4.664345 5.329500 5.357455
v 4.664345 5.335157 5.362037
v 4.671627 5.335157 5.362037
v 4.671620 13.888257 -5.205946
v 4.671620 13.893379 -5.206485
v 4.664339 13.893379 -5.206485
v 4.664339 13.887722 -5.211067
v 4.667980 13.885432 -5.208237
v 4.602000 13.888257 -5.205946
v 4.605640 13.885429 -5.208236
v 4.609281 13.887722 -5.211067
v 4.609281 13.893379 -5.206485
v 4.602000 13.893379 -5.206485
v 4.425983 5.113710 5.182713
v 4.425983 5.113174 5.177593
v 4.422344 5.116002 5.179883
v 4.425976 13.666814 -5.385271
v 4.425976 13.671932 -5.385809
v 4.422336 13.669639 -5.382978
v 4.847651 5.113174 5.177593
v 4.847651 5.113710 5.182713
v 4.851291 5.116002 5.179883
v 4.847643 13.671931 -5.385808
v 4.847643 13.666811 -5.385269
v 4.851284 13.669639 -5.382978
v 4.847651 5.142056 5.200981
v 4.851291 5.139226 5.198691
v 4.847651 5.136936 5.201519
v 4.425983 5.136936 5.201519
v 4.422344 5.139226 5.198691
v 4.425983 5.142056 5.200981
v 4.425976 13.695696 -5.361883
v 4.422336 13.692867 -5.364173
v 4.425976 13.695157 -5.367002
v 4.847643 13.695157 -5.367002
v 4.851284 13.692867 -5.364173
v 4.847643 13.695694 -5.361882
v 4.671627 5.113174 5.177593
v 4.664345 5.113174 5.177593
v 4.664345 5.113710 5.182713
v 4.671627 5.113710 5.182713
v 4.602007 5.113174 5.177593
v 4.602007 5.113710 5.182713
v 4.609288 5.113710 5.182713
v 4.609288 5.113174 5.177593
v 4.602000 13.666811 -5.385269
v 4.609281 13.666811 -5.385269
v 4.609281 13.671931 -5.385808
v 4.602000 13.671932 -5.385809
v 4.671620 13.666811 -5.385269
v 4.671620 13.671932 -5.385809
v 4.664339 13.671932 -5.385809
v 4.664339 13.666814 -5.385271
v 4.671627 5.142056 5.200981
v 4.671627 5.136936 5.201519
v 4.664345 5.136936 5.201519
v 4.664345 5.142594 5.206101
v 4.667986 5.144885 5.203272
v 4.602007 5.142056 5.200981
v 4.605648 5.144885 5.203272
v 4.609288 5.142594 5.206101
v 4.609288 5.136936 5.201519
v 4.602007 5.136936 5.201519
v 4.602000 13.695694 -5.361882
v 4.602000 13.695157 -5.367002
v 4.609281 13.695157 -5.367002
v 4.609281 13.700814 -5.362421
v 4.605640 13.698524 -5.359591
v 4.671620 13.695694 -5.361882
v 4.667980 13.698524 -5.359592
v 4.664339 13.700814 -5.362421
v 4.664339 13.695157 -5.367002
v 4.671620 13.695157 -5.367002
v -4.426024 5.358382 5.380845
v -4.426024 5.363502 5.380306
v -4.422384 5.360673 5.378015
v -4.426032 13.917141 -5.182558
v -4.426032 13.916604 -5.187678
v -4.422391 13.914312 -5.184849
v -4.847692 5.363502 5.380306
v -4.847692 5.358382 5.380845
v -4.851332 5.360673 5.378015
v -4.847699 13.916602 -5.187678
v -4.847699 13.917142 -5.182559
v -4.851339 13.914312 -5.184849
v -4.847692 5.334619 5.356916
v -4.851332 5.337449 5.359207
v -4.847692 5.335157 5.362037
v -4.426024 5.335157 5.362037
v -4.422384 5.337449 5.359207
v -4.426024 5.334619 5.356916
v -4.426032 13.888257 -5.205946
v -4.422391 13.891087 -5.203655
v -4.426032 13.893379 -5.206485
v -4.847699 13.893379 -5.206485
v -4.851339 13.891087 -5.203655
v -4.847699 13.888259 -5.205947
v -4.671668 5.363502 5.380306
v -4.664388 5.363502 5.380306
v -4.664388 5.358382 5.380845
v -4.671668 5.358382 5.380845
v -4.602049 5.363502 5.380306
v -4.602049 5.358382 5.380845
v -4.609330 5.358382 5.380845
v -4.609330 5.363502 5.380306
v -4.602056 13.917141 -5.182558
v -4.609337 13.917142 -5.182559
v -4.609337 13.916602 -5.187678
v -4.602056 13.916602 -5.187678
v -4.671675 13.917141 -5.182558
v -4.671675 13.916602 -5.187678
v -4.664395 13.916604 -5.187678
v -4.664395 13.917141 -5.182558
v -4.671668 5.334619 5.356916
v -4.671668 5.335157 5.362037
v -4.664388 5.335157 5.362037
v -4.664388 5.329500 5.357455
v -4.668028 5.331791 5.354627
v -4.602049 5.334619 5.356916
v -4.605689 5.331791 5.354627
v -4.609330 5.329500 5.357455
v -4.609330 5.335157 5.362037
v -4.602049 5.335157 5.362037
v -4.602056 13.888257 -5.205946
v -4.602056 13.893379 -5.206485
v -4.609337 13.893379 -5.206485
v -4.609337 13.887722 -5.211067
v -4.605696 13.885432 -5.208237
v -4.671675 13.888257 -5.205946
v -4.668036 13.885429 -5.208236
v -4.664395 13.887722 -5.211067
v -4.664395 13.893379 -5.206485
v -4.671675 13.893379 -5.206485
v -4.847692 5.113710 5.182713
v -4.847692 5.113174 5.177593
v -4.851332 5.116002 5.179883
v -4.847699 13.666814 -5.385271
v -4.847699 13.671932 -5.385809
v -4.851339 13.669639 -5.382978
v -4.426024 5.113174 5.177593
v -4.426024 5.113710 5.182713
v -4.422384 5.116002 5.179883
v -4.426032 13.671931 -5.385808
v -4.426032 13.666811 -5.385269
v -4.422391 13.669639 -5.382978
v -4.426024 5.142056 5.200981
v -4.422384 5.139226 5.198691
v -4.426024 5.136936 5.201519
v -4.847692 5.136936 5.201519
v -4.851332 5.139226 5.198691
v -4.847692 5.142056 5.200981
v -4.847699 13.695696 -5.361883
v -4.851339 13.692867 -5.364173
v -4.847699 13.695157 -5.367002
v -4.426032 13.695157 -5.367002
v -4.422391 13.692867 -5.364173
v -4.426032 13.695694 -5.361882
v -4.602049 5.113174 5.177593
v -4.609330 5.113174 5.177593
v -4.609330 5.113710 5.182713
v -4.602049 5.113710 5.182713
v -4.671668 5.113174 5.177593
v -4.671668 5.113710 5.182713
v -4.664388 5.113710 5.182713
v -4.664388 5.113174 5.177593
v -4.671675 13.666811 -5.385269
v -4.664395 13.666811 -5.385269
v -4.664395 13.671931 -5.385808
v -4.671675 13.671932 -5.385809
v -4.602056 13.666811 -5.385269
v -4.602056 13.671932 -5.385809
v -4.609337 13.671932 -5.385809
v -4.609337 13.666814 -5.385271
v -4.602049 5.142056 5.200981
v -4.602049 5.136936 5.201519
v -4.609330 5.136936 5.201519
v -4.609330 5.142594 5.206101
v -4.605689 5.144885 5.203272
v -4.671668 5.142056 5.200981
v -4.668028 5.144885 5.203272
v -4.664388 5.142594 5.206101
v -4.664388 5.136936 5.201519
v -4.671668 5.136936 5.201519
v -4.671675 13.695694 -5.361882
v -4.671675 13.695157 -5.367002
v -4.664395 13.695157 -5.367002
v -4.664395 13.700814 -5.362421
v -4.668036 13.698524 -5.359591
v -4.602056 13.695694 -5.361882
v -4.605696 13.698524 -5.359592
v -4.609337 13.700814 -5.362421
v -4.609337 13.695157 -5.367002
v -4.602056 13.695157 -5.367002
v -5.485138 5.545725 5.572536
v -5.488867 5.548072 5.569637
v -2.912593 5.548072 5.569637
v -2.916321 5.545725 5.572536
v -5.488867 8.352382 2.106605
v -5.485138 8.354728 2.103707
v -2.916321 8.354728 2.103707
v -2.912593 8.352382 2.106605
v -5.507115 8.364765 2.083463
v -5.510915 8.362373 2.086416
v -5.510915 5.530402 5.583608
v -5.507115 5.528011 5.586562
v -2.894343 5.528011 5.586562
v -2.890544 5.530402 5.583608
v -2.890544 8.362373 2.086416
v -2.894343 8.364765 2.083463
v -5.488867 8.362910 2.115147
v -5.485126 8.365264 2.112240
v -5.485126 5.556262 5.581068
v -5.488867 5.558616 5.578160
v -2.912593 5.558616 5.578160
v -2.916333 5.556262 5.581068
v -2.916333 8.365264 2.112240
v -2.912593 8.362910 2.115147
v -5.515856 8.381044 2.095235
v -5.512012 8.383463 2.092248
v -5.510839 8.383633 2.093865
v -5.514706 8.381200 2.096870
v -5.514706 5.544541 5.599850
v -5.510839 5.542109 5.602855
v -5.512012 5.540492 5.603025
v -5.515856 5.542911 5.600038
v -2.890620 5.542109 5.602855
v -2.886753 5.544541 5.599850
v -2.885603 5.542911 5.600038
v -2.889447 5.540492 5.603025
v -2.886753 8.381200 2.096870
v -2.890620 8.383633 2.093865
v -2.889447 8.383463 2.092248
v -2.885603 8.381044 2.095235
v -5.486175 5.557646 5.583667
v -5.490016 5.560064 5.580681
v -5.488867 5.559855 5.579113
v -5.485087 5.557476 5.582050
v -2.911443 5.560064 5.580681
v -2.915284 5.557646 5.583667
v -2.916372 5.557476 5.582050
v -2.912593 5.559855 5.579113
v -2.915284 8.368094 2.113052
v -2.911443 8.365678 2.116038
v -2.912593 8.364101 2.116160
v -2.916372 8.366478 2.113223
v -5.485087 8.366478 2.113223
v -5.488867 8.364101 2.116160
v -5.490016 8.365678 2.116038
v -5.486175 8.368094 2.113052
v -2.890474 8.360768 2.077064
v -2.890474 8.364495 2.080082
v -2.888086 8.362992 2.081938
v -2.888085 8.359266 2.078920
v -2.890471 8.341499 2.061461
v -2.890471 8.345226 2.064478
v -2.888086 8.343724 2.066332
v -2.888085 8.339998 2.063315
v -2.890470 8.322229 2.045856
v -2.890470 8.325957 2.048874
v -2.888086 8.324456 2.050727
v -2.888085 8.320729 2.047709
v -2.890470 5.486109 5.555792
v -2.890470 5.482383 5.552776
v -2.888085 5.483883 5.550923
v -2.888086 5.487609 5.553940
v -2.890471 5.505378 5.571397
v -2.890471 5.501652 5.568379
v -2.888085 5.503154 5.566525
v -2.888086 5.506880 5.569542
v -2.890474 5.524648 5.587001
v -2.890474 5.520921 5.583983
v -2.888085 5.522423 5.582127
v -2.888086 5.526150 5.585146
v -5.510985 5.524648 5.587001
v -5.510985 5.520921 5.583983
v -5.513374 5.522423 5.582127
v -5.513373 5.526150 5.585146
v -5.510988 5.505378 5.571397
v -5.510988 5.501652 5.568379
v -5.513374 5.503154 5.566525
v -5.513373 5.506880 5.569542
v -5.510990 5.486109 5.555792
v -5.510990 5.482383 5.552776
v -5.513374 5.483883 5.550923
v -5.513373 5.487609 5.553940
v -5.510990 8.322229 2.045856
v -5.510990 8.325957 2.048874
v -5.513373 8.324456 2.050727
v -5.513374 8.320729 2.047709
v -5.510988 8.341499 2.061461
v -5.510988 8.345226 2.064478
v -5.513373 8.343724 2.066332
v -5.513374 8.339998 2.063315
v -5.510985 8.360768 2.077064
v -5.510985 8.364495 2.080082
v -5.513373 8.362992 2.081938
v -5.513374 8.359266 2.078920
v -5.512018 8.322742 2.043077
v -5.511458 8.322943 2.044977
v -5.511457 8.326669 2.047995
v -5.512018 8.328568 2.047795
v -5.512016 8.342011 2.058681
v -5.511456 8.342212 2.060581
v -5.511456 8.345938 2.063599
v -5.512015 8.347838 2.063399
v -5.512014 8.361280 2.074285
v -5.511455 8.361481 2.076185
v -5.511455 8.365207 2.079202
v -5.512013 8.367107 2.079003
v -5.515856 8.364689 2.081989
v -5.514504 8.363287 2.081573
v -5.514505 8.359561 2.078556
v -5.515856 8.358864 2.077271
v -5.515856 8.345422 2.066384
v -5.514504 8.344020 2.065968
v -5.514505 8.340293 2.062951
v -5.515856 8.339596 2.061665
v -5.515856 8.326154 2.050778
v -5.514504 8.324751 2.050363
v -5.514505 8.321025 2.047345
v -5.515856 8.320327 2.046060
v -5.512013 5.524136 5.589781
v -5.511455 5.523936 5.587880
v -5.511455 5.520210 5.584863
v -5.512014 5.518308 5.585062
v -5.512015 5.504865 5.574176
v -5.511456 5.504667 5.572276
v -5.511456 5.500940 5.569259
v -5.512016 5.499039 5.569458
v -5.512018 5.485597 5.558572
v -5.511457 5.485397 5.556672
v -5.511458 5.481670 5.553655
v -5.512018 5.479771 5.553854
v -5.515856 5.482186 5.550872
v -5.514505 5.483588 5.551287
v -5.514504 5.487314 5.554303
v -5.515856 5.488012 5.555590
v -5.515856 5.501456 5.566474
v -5.514505 5.502858 5.566889
v -5.514504 5.506584 5.569907
v -5.515856 5.507283 5.571193
v -5.515856 5.520727 5.582078
v -5.514505 5.522128 5.582491
v -5.514504 5.525855 5.585509
v -5.515856 5.526554 5.586795
v -2.885603 8.320327 2.046060
v -2.886954 8.321025 2.047345
v -2.886955 8.324751 2.050363
v -2.885603 8.326154 2.050778
v -2.885603 8.339596 2.061665
v -2.886954 8.340293 2.062951
v -2.886955 8.344020 2.065968
v -2.885603 8.345422 2.066384
v -2.885603 8.358864 2.077271
v -2.886954 8.359561 2.078556
v -2.886955 8.363287 2.081573
v -2.885603 8.364689 2.081989
v -2.889446 8.367107 2.079003
v -2.890005 8.365207 2.079202
v -2.890005 8.361481 2.076185
v -2.889445 8.361280 2.074285
v -2.889444 8.347838 2.063399
v -2.890003 8.345938 2.063599
v -2.890003 8.342212 2.060581
v -2.889443 8.342011 2.058681
v -2.889442 8.328568 2.047795
v -2.890002 8.326669 2.047995
v -2.890001 8.322943 2.044977
v -2.889441 8.322742 2.043077
v -2.885603 5.526554 5.586795
v -2.886955 5.525855 5.585509
v -2.886954 5.522128 5.582491
v -2.885603 5.520727 5.582078
v -2.885603 5.507283 5.571193
v -2.886955 5.506584 5.569907
v -2.886954 5.502858 5.566889
v -2.885603 5.501456 5.566474
v -2.885603 5.488012 5.555590
v -2.886955 5.487314 5.554303
v -2.886954 5.483588 5.551287
v -2.885603 5.482186 5.550872
v -2.889441 5.479771 5.553854
v -2.890001 5.481670 5.553655
v -2.890002 5.485397 5.556672
v -2.889442 5.485597 5.558572
v -2.889443 5.499039 5.569458
v -2.890003 5.500940 5.569259
v -2.890003 5.504667 5.572276
v -2.889444 5.504865 5.574176
v -2.889445 5.518308 5.585062
v -2.890005 5.520210 5.584863
v -2.890005 5.523936 5.587880
v -2.889446 5.524136 5.589781
v -2.886660 8.303309 2.033633
v -2.885603 8.304992 2.033640
v -2.889440 8.307405 2.030658
v -2.890493 8.305721 2.030654
v -2.890493 5.464080 5.539788
v -2.889440 5.464434 5.541435
v -2.885603 5.466848 5.538453
v -2.886660 5.466492 5.536809
v -5.514799 5.466492 5.536809
v -5.515856 5.466848 5.538453
v -5.512020 5.464434 5.541435
v -5.510966 5.464080 5.539788
v -5.510966 8.305721 2.030654
v -5.512020 8.307405 2.030658
v -5.515856 8.304992 2.033640
v -5.514799 8.303309 2.033633
v -2.895450 5.468230 5.536747
v -2.894416 5.466558 5.536728
v -2.890597 5.468960 5.533762
v -2.891636 5.470631 5.533782
v -5.509823 5.470631 5.533782
v -5.510862 5.468960 5.533762
v -5.507043 5.466558 5.536728
v -5.506009 5.468230 5.536747
v -5.506009 8.303610 2.035347
v -5.507043 8.303244 2.033713
v -5.510862 8.300841 2.036680
v -5.509823 8.301209 2.038311
v -2.891636 8.301209 2.038311
v -2.890597 8.300841 2.036680
v -2.894416 8.303244 2.033713
v -2.895450 8.303610 2.035347
v -2.891090 5.481833 5.543565
v -2.894897 5.479437 5.546524
v -5.506562 5.479437 5.546524
v -2.891090 8.313107 2.047234
v -5.510369 5.481833 5.543565
v -5.510369 8.313107 2.047234
v -5.506562 8.315503 2.044275
v -2.894897 8.315503 2.044275
v -2.950454 5.507999 5.511014
v -5.451006 5.507999 5.511014
v -5.454651 5.510347 5.508114
v -5.454651 8.284360 2.082496
v -5.451006 8.286707 2.079597
v -2.950454 8.286707 2.079597
v -2.946808 5.510347 5.508114
v -2.946808 8.284360 2.082496
v -2.943391 5.497339 5.501022
v -2.947171 5.502738 5.501468
v -2.950821 5.500386 5.504371
v -2.947046 5.494979 5.503938
v -5.454413 5.494979 5.503938
v -5.450639 5.500386 5.504371
v -5.454288 5.502738 5.501468
v -5.458068 5.497339 5.501022
v -5.458068 8.274719 2.071246
v -5.454288 8.276277 2.076434
v -5.450639 8.278627 2.073531
v -5.454413 8.277079 2.068331
v -2.947046 8.277079 2.068331
v -2.950821 8.278627 2.073531
v -2.947171 8.276277 2.076434
v -2.943391 8.274719 2.071246
v -2.681478 5.545725 5.572536
v -2.685206 5.548072 5.569637
v -0.108933 5.548072 5.569637
v -0.112660 5.545725 5.572536
v -2.685206 8.352382 2.106605
v -2.681478 8.354728 2.103707
v -0.112660 8.354728 2.103707
v -0.108933 8.352382 2.106605
v -2.703456 8.364765 2.083463
v -2.707255 8.362373 2.086416
v -2.707255 5.530402 5.583608
v -2.703456 5.528011 5.586562
v -0.090683 5.528011 5.586562
v -0.086883 5.530402 5.583608
v -0.086883 8.362373 2.086416
v -0.090683 8.364765 2.083463
v -2.685206 8.362910 2.115147
v -2.681466 8.365264 2.112240
v -2.681466 5.556262 5.581068
v -2.685206 5.558616 5.578160
v -0.108933 5.558616 5.578160
v -0.112673 5.556262 5.581068
v -0.112673 8.365264 2.112240
v -0.108933 8.362910 2.115147
v -2.712196 8.381044 2.095235
v -2.708352 8.383463 2.092248
v -2.707179 8.383633 2.093865
v -2.711046 8.381200 2.096870
v -2.711046 5.544541 5.599850
v -2.707179 5.542109 5.602855
v -2.708352 5.540492 5.603025
v -2.712196 5.542911 5.600038
v -0.086959 5.542109 5.602855
v -0.083093 5.544541 5.599850
v -0.081943 5.542911 5.600038
v -0.085787 5.540492 5.603025
v -0.083093 8.381200 2.096870
v -0.086959 8.383633 2.093865
v -0.085787 8.383463 2.092248
v -0.081943 8.381044 2.095235
v -2.682515 5.557646 5.583667
v -2.686356 5.560064 5.580681
v -2.685206 5.559855 5.579113
v -2.681427 5.557476 5.582050
v -0.107783 5.560064 5.580681
v -0.111625 5.557646 5.583667
v -0.112711 5.557476 5.582050
v -0.108933 5.559855 5.579113
v -0.111625 8.368094 2.113052
v -0.107783 8.365678 2.116038
v -0.108933 8.364101 2.116160
v -0.112711 8.366478 2.113223
v -2.681427 8.366478 2.113223
v -2.685206 8.364101 2.116160
v -2.686356 8.365678 2.116038
v -2.682515 8.368094 2.113052
v -0.086813 8.360768 2.077064
v -0.086813 8.364495 2.080082
v -0.084425 8.362992 2.081938
v -0.084425 8.359266 2.078920
v -0.086811 8.341499 2.061461
v -0.086812 8.345226 2.064478
v -0.084425 8.343724 2.066332
v -0.084425 8.339998 2.063315
v -0.086809 8.322229 2.045856
v -0.086809 8.325957 2.048874
v -0.084425 8.324456 2.050727
v -0.084425 8.320729 2.047709
v -0.086809 5.486109 5.555792
v -0.086809 5.482383 5.552776
v -0.084425 5.483883 5.550923
v -0.084425 5.487609 5.553940
v -0.086812 5.505378 5.571397
v -0.086811 5.501652 5.568379
v -0.084425 5.503154 5.566525
v -0.084425 5.506880 5.569542
v -0.086813 5.524648 5.587001
v -0.086813 5.520921 5.583983
v -0.084425 5.522423 5.582127
v -0.084425 5.526150 5.585146
v -2.707325 5.524648 5.587001
v -2.707325 5.520921 5.583983
v -2.709714 5.522423 5.582127
v -2.709713 5.526150 5.585146
v -2.707328 5.505378 5.571397
v -2.707328 5.501652 5.568379
v -2.709714 5.503154 5.566525
v -2.709713 5.506880 5.569542
v -2.707329 5.486109 5.555792
v -2.707329 5.482383 5.552776
v -2.709714 5.483883 5.550923
v -2.709713 5.487609 5.553940
v -2.707329 8.322229 2.045856
v -2.707329 8.325957 2.048874
v -2.709713 8.324456 2.050727
v -2.709714 8.320729 2.047709
v -2.707328 8.341499 2.061461
v -2.707328 8.345226 2.064478
v -2.709713 8.343724 2.066332
v -2.709714 8.339998 2.063315
v -2.707325 8.360768 2.077064
v -2.707325 8.364495 2.080082
v -2.709713 8.362992 2.081938
v -2.709714 8.359266 2.078920
v -2.708358 8.322742 2.043077
v -2.707798 8.322943 2.044977
v -2.707797 8.326669 2.047995
v -2.708357 8.328568 2.047795
v -2.708356 8.342011 2.058681
v -2.707796 8.342212 2.060581
v -2.707796 8.345938 2.063599
v -2.708355 8.347838 2.063399
v -2.708354 8.361280 2.074285
v -2.707794 8.361481 2.076185
v -2.707794 8.365207 2.079202
v -2.708353 8.367107 2.079003
v -2.712196 8.364689 2.081989
v -2.710844 8.363287 2.081573
v -2.710845 8.359561 2.078556
v -2.712196 8.358864 2.077271
v -2.712196 8.345422 2.066384
v -2.710844 8.344020 2.065968
v -2.710845 8.340293 2.062951
v -2.712196 8.339596 2.061665
v -2.712196 8.326154 2.050778
v -2.710844 8.324751 2.050363
v -2.710845 8.321025 2.047345
v -2.712196 8.320327 2.046060
v -2.708353 5.524136 5.589781
v -2.707794 5.523936 5.587880
v -2.707794 5.520210 5.584863
v -2.708354 5.518308 5.585062
v -2.708355 5.504865 5.574176
v -2.707796 5.504667 5.572276
v -2.707796 5.500940 5.569259
v -2.708356 5.499039 5.569458
v -2.708357 5.485597 5.558572
v -2.707797 5.485397 5.556672
v -2.707798 5.481670 5.553655
v -2.708358 5.479771 5.553854
v -2.712196 5.482186 5.550872
v -2.710845 5.483588 5.551287
v -2.710844 5.487314 5.554303
v -2.712196 5.488012 5.555590
v -2.712196 5.501456 5.566474
v -2.710845 5.502858 5.566889
v -2.710844 5.506584 5.569907
v -2.712196 5.507283 5.571193
v -2.712196 5.520727 5.582078
v -2.710845 5.522128 5.582491
v -2.710844 5.525855 5.585509
v -2.712196 5.526554 5.586795
v -0.081943 8.320327 2.046060
v -0.083294 8.321025 2.047345
v -0.083294 8.324751 2.050363
v -0.081943 8.326154 2.050778
v -0.081943 8.339596 2.061665
v -0.083294 8.340293 2.062951
v -0.083294 8.344020 2.065968
v -0.081943 8.345422 2.066384
v -0.081943 8.358864 2.077271
v -0.083294 8.359561 2.078556
v -0.083294 8.363287 2.081573
v -0.081943 8.364689 2.081989
v -0.085785 8.367107 2.079003
v -0.086345 8.365207 2.079202
v -0.086344 8.361481 2.076185
v -0.085784 8.361280 2.074285
v -0.085783 8.347838 2.063399
v -0.086343 8.345938 2.063599
v -0.086343 8.342212 2.060581
v -0.085783 8.342011 2.058681
v -0.085782 8.328568 2.047795
v -0.086341 8.326669 2.047995
v -0.086341 8.322943 2.044977
v -0.085782 8.322742 2.043077
v -0.081943 5.526554 5.586795
v -0.083294 5.525855 5.585509
v -0.083294 5.522128 5.582491
v -0.081943 5.520727 5.582078
v -0.081943 5.507283 5.571193
v -0.083294 5.506584 5.569907
v -0.083294 5.502858 5.566889
v -0.081943 5.501456 5.566474
v -0.081943 5.488012 5.555590
v -0.083294 5.487314 5.554303
v -0.083294 5.483588 5.551287
v -0.081943 5.482186 5.550872
v -0.085782 5.479771 5.553854
v -0.086341 5.481670 5.553655
v -0.086341 5.485397 5.556672
v -0.085782 5.485597 5.558572
v -0.085783 5.499039 5.569458
v -0.086343 5.500940 5.569259
v -0.086343 5.504667 5.572276
v -0.085783 5.504865 5.574176
v -0.085784 5.518308 5.585062
v -0.086344 5.520210 5.584863
v -0.086345 5.523936 5.587880
v -0.085785 5.524136 5.589781
v -0.083000 8.303309 2.033633
v -0.081943 8.304992 2.033640
v -0.085779 8.307405 2.030658
v -0.086833 8.305721 2.030654
v -0.086833 5.464080 5.539788
v -0.085779 5.464434 5.541435
v -0.081943 5.466848 5.538453
v -0.083000 5.466492 5.536809
v -2.711138 5.466492 5.536809
v -2.712196 5.466848 5.538453
v -2.708359 5.464434 5.541435
v -2.707306 5.464080 5.539788
v -2.707306 8.305721 2.030654
v -2.708359 8.307405 2.030658
v -2.712196 8.304992 2.033640
v -2.711138 8.303309 2.033633
v -0.091790 5.468230 5.536747
v -0.090756 5.466558 5.536728
v -0.086936 5.468960 5.533762
v -0.087976 5.470631 5.533782
v -2.706163 5.470631 5.533782
v -2.707202 5.468960 5.533762
v -2.703383 5.466558 5.536728
v -2.702349 5.468230 5.536747
v -2.702349 8.303610 2.035347
v -2.703383 8.303244 2.033713
v -2.707202 8.300841 2.036680
v -2.706163 8.301209 2.038311
v -0.087976 8.301209 2.038311
v -0.086936 8.300841 2.036680
v -0.090756 8.303244 2.033713
v -0.091790 8.303610 2.035347
v -0.087430 5.481833 5.543565
v -0.091237 5.479437 5.546524
v -2.702902 5.479437 5.546524
v -0.087430 8.313107 2.047234
v -2.706709 5.481833 5.543565
v -2.706709 8.313107 2.047234
v -2.702902 8.315503 2.044275
v -0.091237 8.315503 2.044275
v -0.146793 5.507999 5.511014
v -2.647346 5.507999 5.511014
v -2.650991 5.510347 5.508114
v -2.650991 8.284360 2.082496
v -2.647346 8.286707 2.079597
v -0.146793 8.286707 2.079597
v -0.143148 5.510347 5.508114
v -0.143148 8.284360 2.082496
v -0.139730 5.497339 5.501022
v -0.143510 5.502738 5.501468
v -0.147161 5.500386 5.504371
v -0.143386 5.494979 5.503938
v -2.650753 5.494979 5.503938
v -2.646978 5.500386 5.504371
v -2.650628 5.502738 5.501468
v -2.654408 5.497339 5.501022
v -2.654408 8.274719 2.071246
v -2.650628 8.276277 2.076434
v -2.646978 8.278627 2.073531
v -2.650753 8.277079 2.068331
v -0.143386 8.277079 2.068331
v -0.147161 8.278627 2.073531
v -0.143510 8.276277 2.076434
v -0.139730 8.274719 2.071246
v 0.122181 5.545725 5.572536
v 0.118454 5.548072 5.569637
v 2.694728 5.548072 5.569637
v 2.691000 5.545725 5.572536
v 0.118454 8.352382 2.106605
v 0.122181 8.354728 2.103707
v 2.691000 8.354728 2.103707
v 2.694728 8.352382 2.106605
v 0.100204 8.364765 2.083463
v 0.096404 8.362373 2.086416
v 0.096404 5.530402 5.583608
v 0.100204 5.528011 5.586562
v 2.712977 5.528011 5.586562
v 2.716777 5.530402 5.583608
v 2.716777 8.362373 2.086416
v 2.712977 8.364765 2.083463
v 0.118454 8.362910 2.115147
v 0.122194 8.365264 2.112240
v 0.122194 5.556262 5.581068
v 0.118454 5.558616 5.578160
v 2.694728 5.558616 5.578160
v 2.690987 5.556262 5.581068
v 2.690987 8.365264 2.112240
v 2.694728 8.362910 2.115147
v 0.091464 8.381044 2.095235
v 0.095308 8.383463 2.092248
v 0.096481 8.383633 2.093865
v 0.092615 8.381200 2.096870
v 0.092615 5.544541 5.599850
v 0.096481 5.542109 5.602855
v 0.095308 5.540492 5.603025
v 0.091464 5.542911 5.600038
v 2.716700 5.542109 5.602855
v 2.720566 5.544541 5.599850
v 2.721717 5.542911 5.600038
v 2.717873 5.540492 5.603025
v 2.720566 8.381200 2.096870
v 2.716700 8.383633 2.093865
v 2.717873 8.383463 2.092248
v 2.721717 8.381044 2.095235
v 0.121146 5.557646 5.583667
v 0.117304 5.560064 5.580681
v 0.118454 5.559855 5.579113
v 0.122232 5.557476 5.582050
v 2.695877 5.560064 5.580681
v 2.692035 5.557646 5.583667
v 2.690949 5.557476 5.582050
v 2.694728 5.559855 5.579113
v 2.692035 8.368094 2.113052
v 2.695877 8.365678 2.116038
v 2.694728 8.364101 2.116160
v 2.690949 8.366478 2.113223
v 0.122232 8.366478 2.113223
v 0.118454 8.364101 2.116160
v 0.117304 8.365678 2.116038
v 0.121146 8.368094 2.113052
v 2.716846 8.360768 2.077064
v 2.716846 8.364495 2.080082
v 2.719234 8.362992 2.081938
v 2.719234 8.359266 2.078920
v 2.716849 8.341499 2.061461
v 2.716848 8.345226 2.064478
v 2.719234 8.343724 2.066332
v 2.719234 8.339998 2.063315
v 2.716850 8.322229 2.045856
v 2.716850 8.325957 2.048874
v 2.719234 8.324456 2.050727
v 2.719234 8.320729 2.047709
v 2.716850 5.486109 5.555792
v 2.716850 5.482383 5.552776
v 2.719234 5.483883 5.550923
v 2.719234 5.487609 5.553940
v 2.716848 5.505378 5.571397
v 2.716849 5.501652 5.568379
v 2.719234 5.503154 5.566525
v 2.719234 5.506880 5.569542
v 2.716846 5.524648 5.587001
v 2.716846 5.520921 5.583983
v 2.719234 5.522423 5.582127
v 2.719234 5.526150 5.585146
v 0.096334 5.524648 5.587001
v 0.096334 5.520921 5.583983
v 0.093946 5.522423 5.582127
v 0.093946 5.526150 5.585146
v 0.096333 5.505378 5.571397
v 0.096332 5.501652 5.568379
v 0.093946 5.503154 5.566525
v 0.093946 5.506880 5.569542
v 0.096331 5.486109 5.555792
v 0.096331 5.482383 5.552776
v 0.093946 5.483883 5.550923
v 0.093946 5.487609 5.553940
v 0.096331 8.322229 2.045856
v 0.096331 8.325957 2.048874
v 0.093946 8.324456 2.050727
v 0.093946 8.320729 2.047709
v 0.096332 8.341499 2.061461
v 0.096333 8.345226 2.064478
v 0.093946 8.343724 2.066332
v 0.093946 8.339998 2.063315
v 0.096334 8.360768 2.077064
v 0.096334 8.364495 2.080082
v 0.093946 8.362992 2.081938
v 0.093946 8.359266 2.078920
v 0.095303 8.322742 2.043077
v 0.095863 8.322943 2.044977
v 0.095863 8.326669 2.047995
v 0.095303 8.328568 2.047795
v 0.095304 8.342011 2.058681
v 0.095864 8.342212 2.060581
v 0.095864 8.345938 2.063599
v 0.095304 8.347838 2.063399
v 0.095305 8.361280 2.074285
v 0.095865 8.361481 2.076185
v 0.095866 8.365207 2.079202
v 0.095307 8.367107 2.079003
v 0.091464 8.364689 2.081989
v 0.092815 8.363287 2.081573
v 0.092815 8.359561 2.078556
v 0.091464 8.358864 2.077271
v 0.091464 8.345422 2.066384
v 0.092815 8.344020 2.065968
v 0.092815 8.340293 2.062951
v 0.091464 8.339596 2.061665
v 0.091464 8.326154 2.050778
v 0.092815 8.324751 2.050363
v 0.092815 8.321025 2.047345
v 0.091464 8.320327 2.046060
v 0.095307 5.524136 5.589781
v 0.095866 5.523936 5.587880
v 0.095865 5.520210 5.584863
v 0.095305 5.518308 5.585062
v 0.095304 5.504865 5.574176
v 0.095864 5.504667 5.572276
v 0.095864 5.500940 5.569259
v 0.095304 5.499039 5.569458
v 0.095303 5.485597 5.558572
v 0.095863 5.485397 5.556672
v 0.095863 5.481670 5.553655
v 0.095303 5.479771 5.553854
v 0.091464 5.482186 5.550872
v 0.092815 5.483588 5.551287
v 0.092815 5.487314 5.554303
v 0.091464 5.488012 5.555590
v 0.091464 5.501456 5.566474
v 0.092815 5.502858 5.566889
v 0.092815 5.506584 5.569907
v 0.091464 5.507283 5.571193
v 0.091464 5.520727 5.582078
v 0.092815 5.522128 5.582491
v 0.092815 5.525855 5.585509
v 0.091464 5.526554 5.586795
v 2.721717 8.320327 2.046060
v 2.720366 8.321025 2.047345
v 2.720366 8.324751 2.050363
v 2.721717 8.326154 2.050778
v 2.721717 8.339596 2.061665
v 2.720366 8.340293 2.062951
v 2.720366 8.344020 2.065968
v 2.721717 8.345422 2.066384
v 2.721717 8.358864 2.077271
v 2.720366 8.359561 2.078556
v 2.720366 8.363287 2.081573
v 2.721717 8.364689 2.081989
v 2.717874 8.367107 2.079003
v 2.717314 8.365207 2.079202
v 2.717316 8.361481 2.076185
v 2.717875 8.361280 2.074285
v 2.717877 8.347838 2.063399
v 2.717317 8.345938 2.063599
v 2.717317 8.342212 2.060581
v 2.717877 8.342011 2.058681
v 2.717878 8.328568 2.047795
v 2.717318 8.326669 2.047995
v 2.717318 8.322943 2.044977
v 2.717878 8.322742 2.043077
v 2.721717 5.526554 5.586795
v 2.720366 5.525855 5.585509
v 2.720366 5.522128 5.582491
v 2.721717 5.520727 5.582078
v 2.721717 5.507283 5.571193
v 2.720366 5.506584 5.569907
v 2.720366 5.502858 5.566889
v 2.721717 5.501456 5.566474
v 2.721717 5.488012 5.555590
v 2.720366 5.487314 5.554303
v 2.720366 5.483588 5.551287
v 2.721717 5.482186 5.550872
v 2.717878 5.479771 5.553854
v 2.717318 5.481670 5.553655
v 2.717318 5.485397 5.556672
v 2.717878 5.485597 5.558572
v 2.717877 5.499039 5.569458
v 2.717317 5.500940 5.569259
v 2.717317 5.504667 5.572276
v 2.717877 5.504865 5.574176
v 2.717875 5.518308 5.585062
v 2.717316 5.520210 5.584863
v 2.717314 5.523936 5.587880
v 2.717874 5.524136 5.589781
v 2.720659 8.303309 2.033633
v 2.721717 8.304992 2.033640
v 2.717881 8.307405 2.030658
v 2.716827 8.305721 2.030654
v 2.716827 5.464080 5.539788
v 2.717881 5.464434 5.541435
v 2.721717 5.466848 5.538453
v 2.720659 5.466492 5.536809
v 0.092521 5.466492 5.536809
v 0.091464 5.466848 5.538453
v 0.095300 5.464434 5.541435
v 0.096354 5.464080 5.539788
v 0.096354 8.305721 2.030654
v 0.095300 8.307405 2.030658
v 0.091464 8.304992 2.033640
v 0.092521 8.303309 2.033633
v 2.711870 5.468230 5.536747
v 2.712904 5.466558 5.536728
v 2.716723 5.468960 5.533762
v 2.715684 5.470631 5.533782
v 0.097497 5.470631 5.533782
v 0.096457 5.468960 5.533762
v 0.100277 5.466558 5.536728
v 0.101311 5.468230 5.536747
v 0.101311 8.303610 2.035347
v 0.100277 8.303244 2.033713
v 0.096457 8.300841 2.036680
v 0.097497 8.301209 2.038311
v 2.715684 8.301209 2.038311
v 2.716723 8.300841 2.036680
v 2.712904 8.303244 2.033713
v 2.711870 8.303610 2.035347
v 2.716230 5.481833 5.543565
v 2.712423 5.479437 5.546524
v 0.100758 5.479437 5.546524
v 2.716230 8.313107 2.047234
v 0.096951 5.481833 5.543565
v 0.096951 8.313107 2.047234
v 0.100758 8.315503 2.044275
v 2.712423 8.315503 2.044275
v 2.656868 5.507999 5.511014
v 0.156314 5.507999 5.511014
v 0.152669 5.510347 5.508114
v 0.152669 8.284360 2.082496
v 0.156314 8.286707 2.079597
v 2.656868 8.286707 2.079597
v 2.660512 5.510347 5.508114
v 2.660512 8.284360 2.082496
v 2.663930 5.497339 5.501022
v 2.660150 5.502738 5.501468
v 2.656499 5.500386 5.504371
v 2.660275 5.494979 5.503938
v 0.152907 5.494979 5.503938
v 0.156682 5.500386 5.504371
v 0.153031 5.502738 5.501468
v 0.149251 5.497339 5.501022
v 0.149251 8.274719 2.071246
v 0.153031 8.276277 2.076434
v 0.156682 8.278627 2.073531
v 0.152907 8.277079 2.068331
v 2.660275 8.277079 2.068331
v 2.656499 8.278627 2.073531
v 2.660150 8.276277 2.076434
v 2.663930 8.274719 2.071246
v -5.485138 8.445558 1.991543
v -5.488867 8.447904 1.988645
v -2.912593 8.447904 1.988645
v -2.916321 8.445558 1.991543
v -5.488867 11.252213 -1.474388
v -5.485138 11.254558 -1.477286
v -2.916321 11.254558 -1.477286
v -2.912593 11.252213 -1.474388
v -5.507115 11.264595 -1.497530
v -5.510915 11.262204 -1.494577
v -5.510915 8.430234 2.002616
v -5.507115 8.427843 2.005569
v -2.894343 8.427843 2.005569
v -2.890544 8.430234 2.002616
v -2.890544 11.262204 -1.494577
v -2.894343 11.264595 -1.497530
v -5.488867 11.262740 -1.465847
v -5.485126 11.265096 -1.468754
v -5.485126 8.456095 2.000075
v -5.488867 8.458448 1.997168
v -2.912593 8.458448 1.997168
v -2.916333 8.456095 2.000075
v -2.916333 11.265096 -1.468754
v -2.912593 11.262740 -1.465847
v -5.515856 11.280875 -1.485759
v -5.512012 11.283294 -1.488745
v -5.510839 11.283463 -1.487128
v -5.514706 11.281030 -1.484123
v -5.514706 8.444373 2.018857
v -5.510839 8.441940 2.021863
v -5.512012 8.440323 2.022033
v -5.515856 8.442741 2.019046
v -2.890620 8.441940 2.021863
v -2.886753 8.444373 2.018857
v -2.885603 8.442741 2.019046
v -2.889447 8.440323 2.022033
v -2.886753 11.281030 -1.484123
v -2.890620 11.283463 -1.487128
v -2.889447 11.283294 -1.488745
v -2.885603 11.280875 -1.485759
v -5.486175 8.457478 2.002675
v -5.490016 8.459895 1.999690
v -5.488867 8.459686 1.998121
v -5.485087 8.457308 2.001058
v -2.911443 8.459895 1.999690
v -2.915284 8.457478 2.002675
v -2.916372 8.457308 2.001058
v -2.912593 8.459686 1.998121
v -2.915284 11.267927 -1.467940
v -2.911443 11.265509 -1.464955
v -2.912593 11.263932 -1.464833
v -2.916372 11.266310 -1.467771
v -5.485087 11.266310 -1.467771
v -5.488867 11.263932 -1.464833
v -5.490016 11.265509 -1.464955
v -5.486175 11.267927 -1.467940
v -2.890474 11.260599 -1.503929
v -2.890474 11.264325 -1.500912
v -2.888086 11.262823 -1.499056
v -2.888085 11.259097 -1.502073
v -2.890471 11.241330 -1.519533
v -2.890471 11.245057 -1.516515
v -2.888086 11.243556 -1.514661
v -2.888085 11.239828 -1.517679
v -2.890470 11.222061 -1.535137
v -2.890470 11.225787 -1.532119
v -2.888086 11.224287 -1.530267
v -2.888085 11.220561 -1.533284
v -2.890470 8.385940 1.974800
v -2.890470 8.382215 1.971783
v -2.888085 8.383715 1.969930
v -2.888086 8.387442 1.972947
v -2.890471 8.405210 1.990404
v -2.890471 8.401484 1.987387
v -2.888085 8.402985 1.985533
v -2.888086 8.406712 1.988550
v -2.890474 8.424479 2.006008
v -2.890474 8.420753 2.002990
v -2.888085 8.422256 2.001135
v -2.888086 8.425982 2.004152
v -5.510985 8.424479 2.006008
v -5.510985 8.420753 2.002990
v -5.513374 8.422256 2.001135
v -5.513373 8.425982 2.004152
v -5.510988 8.405210 1.990404
v -5.510988 8.401484 1.987387
v -5.513374 8.402985 1.985533
v -5.513373 8.406712 1.988550
v -5.510990 8.385940 1.974800
v -5.510990 8.382215 1.971783
v -5.513374 8.383715 1.969930
v -5.513373 8.387442 1.972947
v -5.510990 11.222061 -1.535137
v -5.510990 11.225787 -1.532119
v -5.513373 11.224287 -1.530267
v -5.513374 11.220561 -1.533284
v -5.510988 11.241330 -1.519533
v -5.510988 11.245057 -1.516515
v -5.513373 11.243556 -1.514661
v -5.513374 11.239828 -1.517679
v -5.510985 11.260599 -1.503929
v -5.510985 11.264325 -1.500912
v -5.513373 11.262823 -1.499056
v -5.513374 11.259097 -1.502073
v -5.512018 11.222574 -1.537916
v -5.511458 11.222774 -1.536016
v -5.511457 11.226499 -1.532998
v -5.512018 11.228401 -1.533198
v -5.512016 11.241841 -1.522312
v -5.511456 11.242043 -1.520412
v -5.511456 11.245768 -1.517394
v -5.512015 11.247669 -1.517594
v -5.512014 11.261111 -1.506709
v -5.511455 11.261312 -1.504808
v -5.511455 11.265038 -1.501790
v -5.512013 11.266940 -1.501990
v -5.515856 11.264521 -1.499004
v -5.514504 11.263119 -1.499419
v -5.514505 11.259393 -1.502438
v -5.515856 11.258696 -1.503723
v -5.515856 11.245251 -1.514610
v -5.514504 11.243850 -1.515024
v -5.514505 11.240124 -1.518042
v -5.515856 11.239426 -1.519328
v -5.515856 11.225984 -1.530215
v -5.514504 11.224581 -1.530630
v -5.514505 11.220856 -1.533648
v -5.515856 11.220159 -1.534933
v -5.512013 8.423966 2.008788
v -5.511455 8.423768 2.006888
v -5.511455 8.420040 2.003870
v -5.512014 8.418140 2.004070
v -5.512015 8.404697 1.993184
v -5.511456 8.404498 1.991284
v -5.511456 8.400771 1.988266
v -5.512016 8.398871 1.988466
v -5.512018 8.385428 1.977580
v -5.511457 8.385228 1.975680
v -5.511458 8.381502 1.972662
v -5.512018 8.379602 1.972862
v -5.515856 8.382016 1.969879
v -5.514505 8.383420 1.970294
v -5.514504 8.387146 1.973311
v -5.515856 8.387844 1.974597
v -5.515856 8.401288 1.985482
v -5.514505 8.402690 1.985897
v -5.514504 8.406416 1.988914
v -5.515856 8.407115 1.990199
v -5.515856 8.420558 2.001084
v -5.514505 8.421961 2.001499
v -5.514504 8.425686 2.004517
v -5.515856 8.426384 2.005802
v -2.885603 11.220159 -1.534933
v -2.886954 11.220856 -1.533648
v -2.886955 11.224581 -1.530630
v -2.885603 11.225984 -1.530215
v -2.885603 11.239426 -1.519328
v -2.886954 11.240124 -1.518042
v -2.886955 11.243850 -1.515024
v -2.885603 11.245251 -1.514610
v -2.885603 11.258696 -1.503723
v -2.886954 11.259393 -1.502438
v -2.886955 11.263119 -1.499419
v -2.885603 11.264521 -1.499004
v -2.889446 11.266940 -1.501990
v -2.890005 11.265038 -1.501790
v -2.890005 11.261312 -1.504808
v -2.889445 11.261111 -1.506709
v -2.889444 11.247669 -1.517594
v -2.890003 11.245768 -1.517394
v -2.890003 11.242043 -1.520412
v -2.889443 11.241841 -1.522312
v -2.889442 11.228401 -1.533198
v -2.890002 11.226499 -1.532998
v -2.890001 11.222774 -1.536016
v -2.889441 11.222574 -1.537916
v -2.885603 8.426384 2.005802
v -2.886955 8.425686 2.004517
v -2.886954 8.421961 2.001499
v -2.885603 8.420558 2.001084
v -2.885603 8.407115 1.990199
v -2.886955 8.406416 1.988914
v -2.886954 8.402690 1.985897
v -2.885603 8.401288 1.985482
v -2.885603 8.387844 1.974597
v -2.886955 8.387146 1.973311
v -2.886954 8.383420 1.970294
v -2.885603 8.382016 1.969879
v -2.889441 8.379602 1.972862
v -2.890001 8.381502 1.972662
v -2.890002 8.385228 1.975680
v -2.889442 8.385428 1.977580
v -2.889443 8.398871 1.988466
v -2.890003 8.400771 1.988266
v -2.890003 8.404498 1.991284
v -2.889444 8.404697 1.993184
v -2.889445 8.418140 2.004070
v -2.890005 8.420040 2.003870
v -2.890005 8.423768 2.006888
v -2.889446 8.423966 2.008788
v -2.886660 11.203139 -1.547361
v -2.885603 11.204823 -1.547354
v -2.889440 11.207236 -1.550335
v -2.890493 11.205552 -1.550340
v -2.890493 8.363912 1.958795
v -2.889440 8.364265 1.960443
v -2.885603 8.366680 1.957461
v -2.886660 8.366323 1.955816
v -5.514799 8.366323 1.955816
v -5.515856 8.366680 1.957461
v -5.512020 8.364265 1.960443
v -5.510966 8.363912 1.958795
v -5.510966 11.205552 -1.550340
v -5.512020 11.207236 -1.550335
v -5.515856 11.204823 -1.547354
v -5.514799 11.203139 -1.547361
v -2.895450 8.368062 1.955755
v -2.894416 8.366389 1.955736
v -2.890597 8.368792 1.952768
v -2.891636 8.370462 1.952790
v -5.509823 8.370462 1.952790
v -5.510862 8.368792 1.952768
v -5.507043 8.366389 1.955736
v -5.506009 8.368062 1.955755
v -5.506009 11.203440 -1.545647
v -5.507043 11.203074 -1.547280
v -5.510862 11.200671 -1.544312
v -5.509823 11.201040 -1.542683
v -2.891636 11.201040 -1.542683
v -2.890597 11.200671 -1.544312
v -2.894416 11.203074 -1.547280
v -2.895450 11.203440 -1.545647
v -2.891090 8.381664 1.962573
v -2.894897 8.379268 1.965531
v -5.506562 8.379268 1.965531
v -2.891090 11.212939 -1.533760
v -5.510369 8.381664 1.962573
v -5.510369 11.212939 -1.533760
v -5.506562 11.215334 -1.536719
v -2.894897 11.215334 -1.536719
v -2.950454 8.407831 1.930021
v -5.451006 8.407831 1.930021
v -5.454651 8.410179 1.927122
v -5.454651 11.184191 -1.498498
v -5.451006 11.186538 -1.501397
v -2.950454 11.186538 -1.501397
v -2.946808 8.410179 1.927122
v -2.946808 11.184191 -1.498498
v -2.943391 8.397170 1.920030
v -2.947171 8.402569 1.920476
v -2.950821 8.400219 1.923379
v -2.947046 8.394811 1.922945
v -5.454413 8.394811 1.922945
v -5.450639 8.400219 1.923379
v -5.454288 8.402569 1.920476
v -5.458068 8.397170 1.920030
v -5.458068 11.174550 -1.509747
v -5.454288 11.176108 -1.504559
v -5.450639 11.178457 -1.507462
v -5.454413 11.176908 -1.512662
v -2.947046 11.176908 -1.512662
v -2.950821 11.178457 -1.507462
v -2.947171 11.176108 -1.504559
v -2.943391 11.174550 -1.509747
v -2.681478 8.445558 1.991543
v -2.685206 8.447904 1.988645
v -0.108933 8.447904 1.988645
v -0.112660 8.445558 1.991543
v -2.685206 11.252213 -1.474388
v -2.681478 11.254558 -1.477286
v -0.112660 11.254558 -1.477286
v -0.108933 11.252213 -1.474388
v -2.703456 11.264595 -1.497530
v -2.707255 11.262204 -1.494577
v -2.707255 8.430234 2.002616
v -2.703456 8.427843 2.005569
v -0.090683 8.427843 2.005569
v -0.086883 8.430234 2.002616
v -0.086883 11.262204 -1.494577
v -0.090683 11.264595 -1.497530
v -2.685206 11.262740 -1.465847
v -2.681466 11.265096 -1.468754
v -2.681466 8.456095 2.000075
v -2.685206 8.458448 1.997168
v -0.108933 8.458448 1.997168
v -0.112673 8.456095 2.000075
v -0.112673 11.265096 -1.468754
v -0.108933 11.262740 -1.465847
v -2.712196 11.280875 -1.485759
v -2.708352 11.283294 -1.488745
v -2.707179 11.283463 -1.487128
v -2.711046 11.281030 -1.484123
v -2.711046 8.444373 2.018857
v -2.707179 8.441940 2.021863
v -2.708352 8.440323 2.022033
v -2.712196 8.442741 2.019046
v -0.086959 8.441940 2.021863
v -0.083093 8.444373 2.018857
v -0.081943 8.442741 2.019046
v -0.085787 8.440323 2.022033
v -0.083093 11.281030 -1.484123
v -0.086959 11.283463 -1.487128
v -0.085787 11.283294 -1.488745
v -0.081943 11.280875 -1.485759
v -2.682515 8.457478 2.002675
v -2.686356 8.459895 1.999690
v -2.685206 8.459686 1.998121
v -2.681427 8.457308 2.001058
v -0.107783 8.459895 1.999690
v -0.111625 8.457478 2.002675
v -0.112711 8.457308 2.001058
v -0.108933 8.459686 1.998121
v -0.111625 11.267927 -1.467940
v -0.107783 11.265509 -1.464955
v -0.108933 11.263932 -1.464833
v -0.112711 11.266310 -1.467771
v -2.681427 11.266310 -1.467771
v -2.685206 11.263932 -1.464833
v -2.686356 11.265509 -1.464955
v -2.682515 11.267927 -1.467940
v -0.086813 11.260599 -1.503929
v -0.086813 11.264325 -1.500912
v -0.084425 11.262823 -1.499056
v -0.084425 11.259097 -1.502073
v -0.086811 11.241330 -1.519533
v -0.086812 11.245057 -1.516515
v -0.084425 11.243556 -1.514661
v -0.084425 11.239828 -1.517679
v -0.086809 11.222061 -1.535137
v -0.086809 11.225787 -1.532119
v -0.084425 11.224287 -1.530267
v -0.084425 11.220561 -1.533284
v -0.086809 8.385940 1.974800
v -0.086809 8.382215 1.971783
v -0.084425 8.383715 1.969930
v -0.084425 8.387442 1.972947
v -0.086812 8.405210 1.990404
v -0.086811 8.401484 1.987387
v -0.084425 8.402985 1.985533
v -0.084425 8.406712 1.988550
v -0.086813 8.424479 2.006008
v -0.086813 8.420753 2.002990
v -0.084425 8.422256 2.001135
v -0.084425 8.425982 2.004152
v -2.707325 8.424479 2.006008
v -2.707325 8.420753 2.002990
v -2.709714 8.422256 2.001135
v -2.709713 8.425982 2.004152
v -2.707328 8.405210 1.990404
v -2.707328 8.401484 1.987387
v -2.709714 8.402985 1.985533
v -2.709713 8.406712 1.988550
v -2.707329 8.385940 1.974800
v -2.707329 8.382215 1.971783
v -2.709714 8.383715 1.969930
v -2.709713 8.387442 1.972947
v -2.707329 11.222061 -1.535137
v -2.707329 11.225787 -1.532119
v -2.709713 11.224287 -1.530267
v -2.709714 11.220561 -1.533284
v -2.707328 11.241330 -1.519533
v -2.707328 11.245057 -1.516515
v -2.709713 11.243556 -1.514661
v -2.709714 11.239828 -1.517679
v -2.707325 11.260599 -1.503929
v -2.707325 11.264325 -1.500912
v -2.709713 11.262823 -1.499056
v -2.709714 11.259097 -1.502073
v -2.708358 11.222574 -1.537916
v -2.707798 11.222774 -1.536016
v -2.707797 11.226499 -1.532998
v -2.708357 11.228401 -1.533198
v -2.708356 11.241841 -1.522312
v -2.707796 11.242043 -1.520412
v -2.707796 11.245768 -1.517394
v -2.708355 11.247669 -1.517594
v -2.708354 11.261111 -1.506709
v -2.707794 11.261312 -1.504808
v -2.707794 11.265038 -1.501790
v -2.708353 11.266940 -1.501990
v -2.712196 11.264521 -1.499004
v -2.710844 11.263119 -1.499419
v -2.710845 11.259393 -1.502438
v -2.712196 11.258696 -1.503723
v -2.712196 11.245251 -1.514610
v -2.710844 11.243850 -1.515024
v -2.710845 11.240124 -1.518042
v -2.712196 11.239426 -1.519328
v -2.712196 11.225984 -1.530215
v -2.710844 11.224581 -1.530630
v -2.710845 11.220856 -1.533648
v -2.712196 11.220159 -1.534933
v -2.708353 8.423966 2.008788
v -2.707794 8.423768 2.006888
v -2.707794 8.420040 2.003870
v -2.708354 8.418140 2.004070
v -2.708355 8.404697 1.993184
v -2.707796 8.404498 1.991284
v -2.707796 8.400771 1.988266
v -2.708356 8.398871 1.988466
v -2.708357 8.385428 1.977580
v -2.707797 8.385228 1.975680
v -2.707798 8.381502 1.972662
v -2.708358 8.379602 1.972862
v -2.712196 8.382016 1.969879
v -2.710845 8.383420 1.970294
v -2.710844 8.387146 1.973311
v -2.712196 8.387844 1.974597
v -2.712196 8.401288 1.985482
v -2.710845 8.402690 1.985897
v -2.710844 8.406416 1.988914
v -2.712196 8.407115 1.990199
v -2.712196 8.420558 2.001084
v -2.710845 8.421961 2.001499
v -2.710844 8.425686 2.004517
v -2.712196 8.426384 2.005802
v -0.081943 11.220159 -1.534933
v -0.083294 11.220856 -1.533648
v -0.083294 11.224581 -1.530630
v -0.081943 11.225984 -1.530215
v -0.081943 11.239426 -1.519328
v -0.083294 11.240124 -1.518042
v -0.083294 11.243850 -1.515024
v -0.081943 11.245251 -1.514610
v -0.081943 11.258696 -1.503723
v -0.083294 11.259393 -1.502438
v -0.083294 11.263119 -1.499419
v -0.081943 11.264521 -1.499004
v -0.085785 11.266940 -1.501990
v -0.086345 11.265038 -1.501790
v -0.086344 11.261312 -1.504808
v -0.085784 11.261111 -1.506709
v -0.085783 11.247669 -1.517594
v -0.086343 11.245768 -1.517394
v -0.086343 11.242043 -1.520412
v -0.085783 11.241841 -1.522312
v -0.085782 11.228401 -1.533198
v -0.086341 11.226499 -1.532998
v -0.086341 11.222774 -1.536016
v -0.085782 11.222574 -1.537916
v -0.081943 8.426384 2.005802
v -0.083294 8.425686 2.004517
v -0.083294 8.421961 2.001499
v -0.081943 8.420558 2.001084
v -0.081943 8.407115 1.990199
v -0.083294 8.406416 1.988914
v -0.083294 8.402690 1.985897
v -0.081943 8.401288 1.985482
v -0.081943 8.387844 1.974597
v -0.083294 8.387146 1.973311
v -0.083294 8.383420 1.970294
v -0.081943 8.382016 1.969879
v -0.085782 8.379602 1.972862
v -0.086341 8.381502 1.972662
v -0.086341 8.385228 1.975680
v -0.085782 8.385428 1.977580
v -0.085783 8.398871 1.988466
v -0.086343 8.400771 1.988266
v -0.086343 8.404498 1.991284
v -0.085783 8.404697 1.993184
v -0.085784 8.418140 2.004070
v -0.086344 8.420040 2.003870
v -0.086345 8.423768 2.006888
v -0.085785 8.423966 2.008788
v -0.083000 11.203139 -1.547361
v -0.081943 11.204823 -1.547354
v -0.085779 11.207236 -1.550335
v -0.086833 11.205552 -1.550340
v -0.086833 8.363912 1.958795
v -0.085779 8.364265 1.960443
v -0.081943 8.366680 1.957461
v -0.083000 8.366323 1.955816
v -2.711138 8.366323 1.955816
v -2.712196 8.366680 1.957461
v -2.708359 8.364265 1.960443
v -2.707306 8.363912 1.958795
v -2.707306 11.205552 -1.550340
v -2.708359 11.207236 -1.550335
v -2.712196 11.204823 -1.547354
v -2.711138 11.203139 -1.547361
v -0.091790 8.368062 1.955755
v -0.090756 8.366389 1.955736
v -0.086936 8.368792 1.952768
v -0.087976 8.370462 1.952790
v -2.706163 8.370462 1.952790
v -2.707202 8.368792 1.952768
v -2.703383 8.366389 1.955736
v -2.702349 8.368062 1.955755
v -2.702349 11.203440 -1.545647
v -2.703383 11.203074 -1.547280
v -2.707202 11.200671 -1.544312
v -2.706163 11.201040 -1.542683
v -0.087976 11.201040 -1.542683
v -0.086936 11.200671 -1.544312
v -0.090756 11.203074 -1.547280
v -0.091790 11.203440 -1.545647
v -0.087430 8.381664 1.962573
v -0.091237 8.379268 1.965531
v -2.702902 8.379268 1.965531
v -0.087430 11.212939 -1.533760
v -2.706709 8.381664 1.962573
v -2.706709 11.212939 -1.533760
v -2.702902 11.215334 -1.536719
v -0.091237 11.215334 -1.536719
v -0.146793 8.407831 1.930021
v -2.647346 8.407831 1.930021
v -2.650991 8.410179 1.927122
v -2.650991 11.184191 -1.498498
v -2.647346 11.186538 -1.501397
v -0.146793 11.186538 -1.501397
v -0.143148 8.410179 1.927122
v -0.143148 11.184191 -1.498498
v -0.139730 8.397170 1.920030
v -0.143510 8.402569 1.920476
v -0.147161 8.400219 1.923379
v -0.143386 8.394811 1.922945
v -2.650753 8.394811 1.922945
v -2.646978 8.400219 1.923379
v -2.650628 8.402569 1.920476
v -2.654408 8.397170 1.920030
v -2.654408 11.174550 -1.509747
v -2.650628 11.176108 -1.504559
v -2.646978 11.178457 -1.507462
v -2.650753 11.176908 -1.512662
v -0.143386 11.176908 -1.512662
v -0.147161 11.178457 -1.507462
v -0.143510 11.176108 -1.504559
v -0.139730 11.174550 -1.509747
v 0.122181 8.445558 1.991543
v 0.118454 8.447904 1.988645
v 2.694728 8.447904 1.988645
v 2.691000 8.445558 1.991543
v 0.118454 11.252213 -1.474388
v 0.122181 11.254558 -1.477286
v 2.691000 11.254558 -1.477286
v 2.694728 11.252213 -1.474388
v 0.100204 11.264595 -1.497530
v 0.096404 11.262204 -1.494577
v 0.096404 8.430234 2.002616
v 0.100204 8.427843 2.005569
v 2.712977 8.427843 2.005569
v 2.716777 8.430234 2.002616
v 2.716777 11.262204 -1.494577
v 2.712977 11.264595 -1.497530
v 0.118454 11.262740 -1.465847
v 0.122194 11.265096 -1.468754
v 0.122194 8.456095 2.000075
v 0.118454 8.458448 1.997168
v 2.694728 8.458448 1.997168
v 2.690987 8.456095 2.000075
v 2.690987 11.265096 -1.468754
v 2.694728 11.262740 -1.465847
v 0.091464 11.280875 -1.485759
v 0.095308 11.283294 -1.488745
v 0.096481 11.283463 -1.487128
v 0.092615 11.281030 -1.484123
v 0.092615 8.444373 2.018857
v 0.096481 8.441940 2.021863
v 0.095308 8.440323 2.022033
v 0.091464 8.442741 2.019046
v 2.716700 8.441940 2.021863
v 2.720566 8.444373 2.018857
v 2.721717 8.442741 2.019046
v 2.717873 8.440323 2.022033
v 2.720566 11.281030 -1.484123
v 2.716700 11.283463 -1.487128
v 2.717873 11.283294 -1.488745
v 2.721717 11.280875 -1.485759
v 0.121146 8.457478 2.002675
v 0.117304 8.459895 1.999690
v 0.118454 8.459686 1.998121
v 0.122232 8.457308 2.001058
v 2.695877 8.459895 1.999690
v 2.692035 8.457478 2.002675
v 2.690949 8.457308 2.001058
v 2.694728 8.459686 1.998121
v 2.692035 11.267927 -1.467940
v 2.695877 11.265509 -1.464955
v 2.694728 11.263932 -1.464833
v 2.690949 11.266310 -1.467771
v 0.122232 11.266310 -1.467771
v 0.118454 11.263932 -1.464833
v 0.117304 11.265509 -1.464955
v 0.121146 11.267927 -1.467940
v 2.716846 11.260599 -1.503929
v 2.716846 11.264325 -1.500912
v 2.719234 11.262823 -1.499056
v 2.719234 11.259097 -1.502073
v 2.716849 11.241330 -1.519533
v 2.716848 11.245057 -1.516515
v 2.719234 11.243556 -1.514661
v 2.719234 11.239828 -1.517679
v 2.716850 11.222061 -1.535137
v 2.716850 11.225787 -1.532119
v 2.719234 11.224287 -1.530267
v 2.719234 11.220561 -1.533284
v 2.716850 8.385940 1.974800
v 2.716850 8.382215 1.971783
v 2.719234 8.383715 1.969930
v 2.719234 8.387442 1.972947
v 2.716848 8.405210 1.990404
v 2.716849 8.401484 1.987387
v 2.719234 8.402985 1.985533
v 2.719234 8.406712 1.988550
v 2.716846 8.424479 2.006008
v 2.716846 8.420753 2.002990
v 2.719234 8.422256 2.001135
v 2.719234 8.425982 2.004152
v 0.096334 8.424479 2.006008
v 0.096334 8.420753 2.002990
v 0.093946 8.422256 2.001135
v 0.093946 8.425982 2.004152
v 0.096333 8.405210 1.990404
v 0.096332 8.401484 1.987387
v 0.093946 8.402985 1.985533
v 0.093946 8.406712 1.988550
v 0.096331 8.385940 1.974800
v 0.096331 8.382215 1.971783
v 0.093946 8.383715 1.969930
v 0.093946 8.387442 1.972947
v 0.096331 11.222061 -1.535137
v 0.096331 11.225787 -1.532119
v 0.093946 11.224287 -1.530267
v 0.093946 11.220561 -1.533284
v 0.096332 11.241330 -1.519533
v 0.096333 11.245057 -1.516515
v 0.093946 11.243556 -1.514661
v 0.093946 11.239828 -1.517679
v 0.096334 11.260599 -1.503929
v 0.096334 11.264325 -1.500912
v 0.093946 11.262823 -1.499056
v 0.093946 11.259097 -1.502073
v 0.095303 11.222574 -1.537916
v 0.095863 11.222774 -1.536016
v 0.095863 11.226499 -1.532998
v 0.095303 11.228401 -1.533198
v 0.095304 11.241841 -1.522312
v 0.095864 11.242043 -1.520412
v 0.095864 11.245768 -1.517394
v 0.095304 11.247669 -1.517594
v 0.095305 11.261111 -1.506709
v 0.095865 11.261312 -1.504808
v 0.095866 11.265038 -1.501790
v 0.095307 11.266940 -1.501990
v 0.091464 11.264521 -1.499004
v 0.092815 11.263119 -1.499419
v 0.092815 11.259393 -1.502438
v 0.091464 11.258696 -1.503723
v 0.091464 11.245251 -1.514610
v 0.092815 11.243850 -1.515024
v 0.092815 11.240124 -1.518042
v 0.091464 11.239426 -1.519328
v 0.091464 11.225984 -1.530215
v 0.092815 11.224581 -1.530630
v 0.092815 11.220856 -1.533648
v 0.091464 11.220159 -1.534933
v 0.095307 8.423966 2.008788
v 0.095866 8.423768 2.006888
v 0.095865 8.420040 2.003870
v 0.095305 8.418140 2.004070
v 0.095304 8.404697 1.993184
v 0.095864 8.404498 1.991284
v 0.095864 8.400771 1.988266
v 0.095304 8.398871 1.988466
v 0.095303 8.385428 1.977580
v 0.095863 8.385228 1.975680
v 0.095863 8.381502 1.972662
v 0.095303 8.379602 1.972862
v 0.091464 8.382016 1.969879
v 0.092815 8.383420 1.970294
v 0.092815 8.387146 1.973311
v 0.091464 8.387844 1.974597
v 0.091464 8.401288 1.985482
v 0.092815 8.402690 1.985897
v 0.092815 8.406416 1.988914
v 0.091464 8.407115 1.990199
v 0.091464 8.420558 2.001084
v 0.092815 8.421961 2.001499
v 0.092815 8.425686 2.004517
v 0.091464 8.426384 2.005802
v 2.721717 11.220159 -1.534933
v 2.720366 11.220856 -1.533648
v 2.720366 11.224581 -1.530630
v 2.721717 11.225984 -1.530215
v 2.721717 11.239426 -1.519328
v 2.720366 11.240124 -1.518042
v 2.720366 11.243850 -1.515024
v 2.721717 11.245251 -1.514610
v 2.721717 11.258696 -1.503723
v 2.720366 11.259393 -1.502438
v 2.720366 11.263119 -1.499419
v 2.721717 11.264521 -1.499004
v 2.717874 11.266940 -1.501990
v 2.717314 11.265038 -1.501790
v 2.717316 11.261312 -1.504808
v 2.717875 11.261111 -1.506709
v 2.717877 11.247669 -1.517594
v 2.717317 11.245768 -1.517394
v 2.717317 11.242043 -1.520412
v 2.717877 11.241841 -1.522312
v 2.717878 11.228401 -1.533198
v 2.717318 11.226499 -1.532998
v 2.717318 11.222774 -1.536016
v 2.717878 11.222574 -1.537916
v 2.721717 8.426384 2.005802
v 2.720366 8.425686 2.004517
v 2.720366 8.421961 2.001499
v 2.721717 8.420558 2.001084
v 2.721717 8.407115 1.990199
v 2.720366 8.406416 1.988914
v 2.720366 8.402690 1.985897
v 2.721717 8.401288 1.985482
v 2.721717 8.387844 1.974597
v 2.720366 8.387146 1.973311
v 2.720366 8.383420 1.970294
v 2.721717 8.382016 1.969879
v 2.717878 8.379602 1.972862
v 2.717318 8.381502 1.972662
v 2.717318 8.385228 1.975680
v 2.717878 8.385428 1.977580
v 2.717877 8.398871 1.988466
v 2.717317 8.400771 1.988266
v 2.717317 8.404498 1.991284
v 2.717877 8.404697 1.993184
v 2.717875 8.418140 2.004070
v 2.717316 8.420040 2.003870
v 2.717314 8.423768 2.006888
v 2.717874 8.423966 2.008788
v 2.720659 11.203139 -1.547361
v 2.721717 11.204823 -1.547354
v 2.717881 11.207236 -1.550335
v 2.716827 11.205552 -1.550340
v 2.716827 8.363912 1.958795
v 2.717881 8.364265 1.960443
v 2.721717 8.366680 1.957461
v 2.720659 8.366323 1.955816
v 0.092521 8.366323 1.955816
v 0.091464 8.366680 1.957461
v 0.095300 8.364265 1.960443
v 0.096354 8.363912 1.958795
v 0.096354 11.205552 -1.550340
v 0.095300 11.207236 -1.550335
v 0.091464 11.204823 -1.547354
v 0.092521 11.203139 -1.547361
v 2.711870 8.368062 1.955755
v 2.712904 8.366389 1.955736
v 2.716723 8.368792 1.952768
v 2.715684 8.370462 1.952790
v 0.097497 8.370462 1.952790
v 0.096457 8.368792 1.952768
v 0.100277 8.366389 1.955736
v 0.101311 8.368062 1.955755
v 0.101311 11.203440 -1.545647
v 0.100277 11.203074 -1.547280
v 0.096457 11.200671 -1.544312
v 0.097497 11.201040 -1.542683
v 2.715684 11.201040 -1.542683
v 2.716723 11.200671 -1.544312
v 2.712904 11.203074 -1.547280
v 2.711870 11.203440 -1.545647
v 2.716230 8.381664 1.962573
v 2.712423 8.379268 1.965531
v 0.100758 8.379268 1.965531
v 2.716230 11.212939 -1.533760
v 0.096951 8.381664 1.962573
v 0.096951 11.212939 -1.533760
v 0.100758 11.215334 -1.536719
v 2.712423 11.215334 -1.536719
v 2.656868 8.407831 1.930021
v 0.156314 8.407831 1.930021
v 0.152669 8.410179 1.927122
v 0.152669 11.184191 -1.498498
v 0.156314 11.186538 -1.501397
v 2.656868 11.186538 -1.501397
v 2.660512 8.410179 1.927122
v 2.660512 11.184191 -1.498498
v 2.663930 8.397170 1.920030
v 2.660150 8.402569 1.920476
v 2.656499 8.400219 1.923379
v 2.660275 8.394811 1.922945
v 0.152907 8.394811 1.922945
v 0.156682 8.400219 1.923379
v 0.153031 8.402569 1.920476
v 0.149251 8.397170 1.920030
v 0.149251 11.174550 -1.509747
v 0.153031 11.176108 -1.504559
v 0.156682 11.178457 -1.507462
v 0.152907 11.176908 -1.512662
v 2.660275 11.176908 -1.512662
v 2.656499 11.178457 -1.507462
v 2.660150 11.176108 -1.504559
v 2.663930 11.174550 -1.509747
v -5.506287 7.820216 2.628204
v -5.504229 7.821815 2.629499
v -5.504229 7.818921 2.629802
v 5.502739 7.821815 2.629499
v 5.504797 7.820216 2.628204
v 5.502739 7.818921 2.629802
v -5.504229 7.971798 2.444284
v -5.506287 7.970200 2.442989
v -5.504229 7.971495 2.441390
v 5.504797 7.970201 2.442989
v 5.502739 7.971798 2.444284
v 5.502739 7.971495 2.441390
v -5.504229 7.955475 2.431065
v -5.504229 7.958368 2.430760
v -5.506287 7.957074 2.432359
v -5.506287 7.807089 2.617574
v -5.504229 7.805794 2.619173
v -5.504229 7.805491 2.616280
v 5.502739 7.805491 2.616280
v 5.502739 7.805794 2.619173
v 5.504797 7.807089 2.617574
v 5.504797 7.957074 2.432359
v 5.502739 7.958368 2.430760
v 5.502739 7.955475 2.431065
v -5.504229 7.909189 2.521601
v -5.504229 7.906599 2.524799
v -5.506287 7.905001 2.523504
v -5.506287 7.907590 2.520307
v -5.504229 7.884426 2.552181
v -5.506287 7.882826 2.550886
v -5.506287 7.885417 2.547689
v -5.504229 7.887015 2.548983
v 5.502739 7.884426 2.552181
v 5.502739 7.887015 2.548983
v 5.504797 7.885417 2.547689
v 5.504797 7.882826 2.550886
v 5.502739 7.909189 2.521601
v 5.504797 7.907589 2.520306
v 5.504797 7.905001 2.523504
v 5.502739 7.906599 2.524799
v -5.504229 7.892864 2.508382
v -5.506287 7.894464 2.509677
v -5.506287 7.891874 2.512875
v -5.506287 7.888675 2.510285
v -5.504229 7.889970 2.508686
v -5.504229 7.868101 2.538961
v -5.504229 7.867797 2.536068
v -5.506287 7.869092 2.534469
v -5.506287 7.872290 2.537059
v -5.506287 7.869700 2.540257
v 5.502739 7.868101 2.538961
v 5.504797 7.869700 2.540257
v 5.504797 7.872290 2.537059
v 5.504797 7.869092 2.534469
v 5.502739 7.867797 2.536068
v 5.502739 7.892864 2.508382
v 5.502739 7.889970 2.508686
v 5.504797 7.888675 2.510285
v 5.504797 7.891874 2.512875
v 5.504797 7.894464 2.509677
v -5.506287 7.831912 2.331005
v -5.504229 7.830313 2.329711
v -5.504229 7.833206 2.329406
v 5.502739 7.830313 2.329711
v 5.504797 7.831912 2.331005
v 5.502739 7.833206 2.329406
v -5.504229 7.680329 2.514926
v -5.506287 7.681927 2.516220
v -5.504229 7.680633 2.517819
v 5.504797 7.681927 2.516220
v 5.502739 7.680329 2.514926
v 5.502739 7.680633 2.517819
v -5.504229 7.696654 2.528144
v -5.504229 7.693759 2.528448
v -5.506287 7.695054 2.526850
v -5.506287 7.845038 2.341635
v -5.504229 7.846333 2.340036
v -5.504229 7.846637 2.342930
v 5.502739 7.846637 2.342930
v 5.502739 7.846333 2.340036
v 5.504797 7.845038 2.341635
v 5.504797 7.695054 2.526850
v 5.502739 7.693759 2.528448
v 5.502739 7.696654 2.528144
v -5.504229 7.742939 2.437607
v -5.504229 7.745529 2.434410
v -5.506287 7.747128 2.435705
v -5.506287 7.744538 2.438902
v -5.504229 7.767702 2.407028
v -5.506287 7.769301 2.408323
v -5.506287 7.766712 2.411520
v -5.504229 7.765112 2.410226
v 5.502739 7.767702 2.407028
v 5.502739 7.765112 2.410226
v 5.504797 7.766712 2.411520
v 5.504797 7.769301 2.408323
v 5.502739 7.742939 2.437607
v 5.504797 7.744538 2.438902
v 5.504797 7.747128 2.435705
v 5.502739 7.745529 2.434410
v -5.504229 7.759264 2.450827
v -5.506287 7.757665 2.449533
v -5.506287 7.760255 2.446334
v -5.506287 7.763452 2.448924
v -5.504229 7.762157 2.450523
v -5.504229 7.784027 2.420247
v -5.504229 7.784331 2.423141
v -5.506287 7.783037 2.424740
v -5.506287 7.779838 2.422150
v -5.506287 7.782427 2.418952
v 5.502739 7.784027 2.420247
v 5.504797 7.782427 2.418952
v 5.504797 7.779838 2.422150
v 5.504797 7.783037 2.424740
v 5.502739 7.784331 2.423141
v 5.502739 7.759264 2.450827
v 5.502739 7.762157 2.450523
v 5.504797 7.763452 2.448924
v 5.504797 7.760255 2.446334
v 5.504797 7.757665 2.449533
v -5.506287 5.772457 5.156974
v -5.504229 5.774056 5.158269
v -5.504229 5.771162 5.158573
v 5.502739 5.774056 5.158269
v 5.504797 5.772457 5.156974
v 5.502739 5.771162 5.158573
v -5.504229 5.924040 4.973054
v -5.506287 5.922441 4.971760
v -5.504229 5.923736 4.970161
v 5.504797 5.922441 4.971760
v 5.502739 5.924040 4.973054
v 5.502739 5.923736 4.970161
v -5.504229 5.907715 4.959836
v -5.504229 5.910610 4.959532
v -5.506287 5.909315 4.961131
v -5.506287 5.759331 5.146345
v -5.504229 5.758036 5.147944
v -5.504229 5.757732 5.145050
v 5.502739 5.757732 5.145050
v 5.502739 5.758036 5.147944
v 5.504797 5.759331 5.146345
v 5.504797 5.909314 4.961130
v 5.502739 5.910609 4.959531
v 5.502739 5.907715 4.959836
v -5.504229 5.861429 5.050373
v -5.504229 5.858840 5.053570
v -5.506287 5.857242 5.052276
v -5.506287 5.859831 5.049078
v -5.504229 5.836667 5.080952
v -5.506287 5.835068 5.079658
v -5.506287 5.837657 5.076459
v -5.504229 5.839256 5.077753
v 5.502739 5.836666 5.080952
v 5.502739 5.839256 5.077753
v 5.504797 5.837657 5.076459
v 5.504797 5.835067 5.079658
v 5.502739 5.861429 5.050373
v 5.504797 5.859831 5.049078
v 5.504797 5.857242 5.052276
v 5.502739 5.858840 5.053571
v -5.504229 5.845104 5.037153
v -5.506287 5.846704 5.038448
v -5.506287 5.844115 5.041646
v -5.506287 5.840916 5.039056
v -5.504229 5.842212 5.037457
v -5.504229 5.820343 5.067733
v -5.504229 5.820038 5.064840
v -5.506287 5.821333 5.063240
v -5.506287 5.824530 5.065829
v -5.506287 5.821941 5.069028
v 5.502739 5.820342 5.067732
v 5.504797 5.821941 5.069028
v 5.504797 5.824530 5.065829
v 5.504797 5.821333 5.063240
v 5.502739 5.820038 5.064840
v 5.502739 5.845104 5.037153
v 5.502739 5.842212 5.037457
v 5.504797 5.840916 5.039056
v 5.504797 5.844113 5.041646
v 5.504797 5.846704 5.038448
v -5.506287 5.784153 4.859776
v -5.504229 5.782553 4.858481
v -5.504229 5.785448 4.858178
v 5.502739 5.782553 4.858481
v 5.504797 5.784153 4.859776
v 5.502739 5.785448 4.858178
v -5.504229 5.632571 5.043695
v -5.506287 5.634169 5.044990
v -5.504229 5.632874 5.046591
v 5.504797 5.634169 5.044990
v 5.502739 5.632571 5.043695
v 5.502739 5.632874 5.046591
v -5.504229 5.648895 5.056915
v -5.504229 5.646000 5.057220
v -5.506287 5.647295 5.055621
v -5.506287 5.797279 4.870406
v -5.504229 5.798574 4.868807
v -5.504229 5.798879 4.871701
v 5.502739 5.798879 4.871701
v 5.502739 5.798574 4.868807
v 5.504797 5.797279 4.870406
v 5.504797 5.647295 5.055621
v 5.502739 5.646000 5.057220
v 5.502739 5.648895 5.056915
v -5.504229 5.695181 4.966378
v -5.504229 5.697771 4.963181
v -5.506287 5.699369 4.964475
v -5.506287 5.696780 4.967674
v -5.504229 5.719944 4.935798
v -5.506287 5.721543 4.937093
v -5.506287 5.718954 4.940292
v -5.504229 5.717354 4.938997
v 5.502739 5.719944 4.935798
v 5.502739 5.717354 4.938998
v 5.504797 5.718953 4.940292
v 5.504797 5.721543 4.937093
v 5.502739 5.695181 4.966379
v 5.504797 5.696780 4.967674
v 5.504797 5.699369 4.964475
v 5.502739 5.697771 4.963181
v -5.504229 5.711505 4.979599
v -5.506287 5.709906 4.978303
v -5.506287 5.712495 4.975104
v -5.506287 5.715693 4.977694
v -5.504229 5.714398 4.979294
v -5.504229 5.736267 4.949018
v -5.504229 5.736572 4.951911
v -5.506287 5.735277 4.953511
v -5.506287 5.732080 4.950922
v -5.506287 5.734669 4.947723
v 5.502739 5.736267 4.949018
v 5.504797 5.734669 4.947723
v 5.504797 5.732079 4.950922
v 5.504797 5.735277 4.953511
v 5.502739 5.736572 4.951911
v 5.502739 5.711504 4.979599
v 5.502739 5.714398 4.979294
v 5.504797 5.715693 4.977694
v 5.504797 5.712495 4.975104
v 5.504797 5.709906 4.978304
v 5.504797 8.837204 1.372329
v 5.502739 8.838802 1.373624
v 5.502739 8.838499 1.370731
v -5.504229 8.838801 1.373625
v -5.506287 8.837203 1.372331
v -5.504229 8.838496 1.370731
v 5.502739 8.688818 1.558838
v 5.504797 8.687219 1.557544
v 5.502739 8.685925 1.559143
v -5.506287 8.687219 1.557545
v -5.504229 8.688818 1.558840
v -5.504229 8.685924 1.559144
v 5.502739 8.672495 1.545620
v 5.502739 8.672798 1.548513
v 5.504797 8.674093 1.546914
v 5.504797 8.824077 1.361699
v 5.502739 8.825372 1.360101
v 5.502739 8.822478 1.360405
v -5.504229 8.822476 1.360406
v -5.504229 8.825371 1.360102
v -5.506287 8.824077 1.361701
v -5.506287 8.674092 1.546915
v -5.504229 8.672797 1.548514
v -5.504229 8.672494 1.545621
v 5.502739 8.751430 1.481521
v 5.502739 8.754019 1.478323
v 5.504797 8.752419 1.477028
v 5.504797 8.749830 1.480227
v 5.502739 8.776192 1.450941
v 5.504797 8.774593 1.449647
v 5.504797 8.772004 1.452845
v 5.502739 8.773602 1.454139
v -5.504229 8.776191 1.450943
v -5.504229 8.773602 1.454140
v -5.506287 8.772002 1.452846
v -5.506287 8.774591 1.449648
v -5.504229 8.751428 1.481522
v -5.506287 8.749829 1.480228
v -5.506287 8.752419 1.477030
v -5.504229 8.754018 1.478325
v 5.502739 8.735106 1.468302
v 5.504797 8.736703 1.469597
v 5.504797 8.739294 1.466399
v 5.504797 8.736095 1.463809
v 5.502739 8.734800 1.465408
v 5.502739 8.759869 1.437722
v 5.502739 8.756973 1.438027
v 5.504797 8.755679 1.439625
v 5.504797 8.758878 1.442215
v 5.504797 8.761467 1.439017
v -5.504229 8.759867 1.437724
v -5.506287 8.761466 1.439018
v -5.506287 8.758876 1.442216
v -5.506287 8.755677 1.439626
v -5.504229 8.756973 1.438027
v -5.504229 8.735104 1.468303
v -5.504229 8.734799 1.465409
v -5.506287 8.736094 1.463810
v -5.506287 8.739292 1.466400
v -5.506287 8.736703 1.469598
v 5.504797 8.548931 1.445560
v 5.502739 8.547333 1.444265
v 5.502739 8.547636 1.447159
v -5.504229 8.547332 1.444266
v -5.506287 8.548930 1.445561
v -5.504229 8.547636 1.447160
v 5.502739 8.697317 1.259051
v 5.504797 8.698915 1.260346
v 5.502739 8.700210 1.258747
v -5.506287 8.698915 1.260347
v -5.504229 8.697314 1.259052
v -5.504229 8.700210 1.258748
v 5.502739 8.713640 1.272270
v 5.502739 8.713336 1.269376
v 5.504797 8.712042 1.270975
v 5.504797 8.562057 1.456190
v 5.502739 8.560762 1.457788
v 5.502739 8.563658 1.457485
v -5.504229 8.563656 1.457486
v -5.504229 8.560762 1.457790
v -5.506287 8.562057 1.456191
v -5.506287 8.712041 1.270976
v -5.504229 8.713336 1.269378
v -5.504229 8.713640 1.272271
v 5.502739 8.634706 1.336368
v 5.502739 8.632117 1.339566
v 5.504797 8.633716 1.340861
v 5.504797 8.636305 1.337663
v 5.502739 8.609943 1.366948
v 5.504797 8.611543 1.368243
v 5.504797 8.614132 1.365045
v 5.502739 8.612533 1.363750
v -5.504229 8.609942 1.366949
v -5.504229 8.612532 1.363751
v -5.506287 8.614130 1.365046
v -5.506287 8.611541 1.368244
v -5.504229 8.634705 1.336369
v -5.506287 8.636303 1.337664
v -5.506287 8.633714 1.340862
v -5.504229 8.632115 1.339567
v 5.502739 8.651031 1.349587
v 5.504797 8.649431 1.348292
v 5.504797 8.646841 1.351490
v 5.504797 8.650040 1.354080
v 5.502739 8.651334 1.352481
v 5.502739 8.626267 1.380167
v 5.502739 8.629161 1.379863
v 5.504797 8.630455 1.378264
v 5.504797 8.627258 1.375674
v 5.504797 8.624668 1.378872
v -5.504229 8.626266 1.380168
v -5.506287 8.624667 1.378873
v -5.506287 8.627256 1.375675
v -5.506287 8.630455 1.378265
v -5.504229 8.629160 1.379864
v -5.504229 8.651029 1.349589
v -5.504229 8.651334 1.352482
v -5.506287 8.650039 1.354081
v -5.506287 8.646840 1.351491
v -5.506287 8.649429 1.348294
v 5.504795 10.884963 -1.156442
v 5.502738 10.886560 -1.155148
v 5.502738 10.886258 -1.158041
v -5.504230 10.886560 -1.155146
v -5.506287 10.884961 -1.156441
v -5.504230 10.886255 -1.158040
v 5.502738 10.736578 -0.969934
v 5.504795 10.734980 -0.971228
v 5.502738 10.733685 -0.969628
v -5.506287 10.734978 -0.971227
v -5.504230 10.736576 -0.969932
v -5.504230 10.733683 -0.969628
v 5.502738 10.720253 -0.983152
v 5.502738 10.720557 -0.980258
v 5.504795 10.721851 -0.981857
v 5.504795 10.871837 -1.167072
v 5.502738 10.873131 -1.168671
v 5.502738 10.870237 -1.168367
v -5.504230 10.870236 -1.168366
v -5.504230 10.873130 -1.168670
v -5.506287 10.871835 -1.167071
v -5.506287 10.721851 -0.981856
v -5.504230 10.720556 -0.980257
v -5.504230 10.720252 -0.983151
v 5.502738 10.799188 -1.047251
v 5.502738 10.801778 -1.050449
v 5.504795 10.800179 -1.051743
v 5.504795 10.797589 -1.048545
v 5.502738 10.823951 -1.077831
v 5.504795 10.822353 -1.079125
v 5.504795 10.819761 -1.075927
v 5.502738 10.821361 -1.074632
v -5.504230 10.823950 -1.077829
v -5.504230 10.821360 -1.074631
v -5.506287 10.819761 -1.075925
v -5.506287 10.822351 -1.079124
v -5.504230 10.799187 -1.047249
v -5.506287 10.797588 -1.048544
v -5.506287 10.800177 -1.051742
v -5.504230 10.801776 -1.050447
v 5.502738 10.782865 -1.060470
v 5.504795 10.784464 -1.059175
v 5.504795 10.787052 -1.062373
v 5.504795 10.783854 -1.064963
v 5.502738 10.782559 -1.063364
v 5.502738 10.807627 -1.091049
v 5.502738 10.804733 -1.090746
v 5.504795 10.803437 -1.089146
v 5.504795 10.806636 -1.086556
v 5.504795 10.809226 -1.089755
v -5.504230 10.807627 -1.091049
v -5.506287 10.809225 -1.089754
v -5.506287 10.806635 -1.086555
v -5.506287 10.803437 -1.089145
v -5.504230 10.804731 -1.090744
v -5.504230 10.782864 -1.060469
v -5.504230 10.782558 -1.063362
v -5.506287 10.783853 -1.064961
v -5.506287 10.787051 -1.062371
v -5.506287 10.784461 -1.059174
v 5.504795 10.596690 -1.083212
v 5.502738 10.595091 -1.084507
v 5.502738 10.595395 -1.081612
v -5.504230 10.595091 -1.084505
v -5.506287 10.596689 -1.083211
v -5.504230 10.595394 -1.081612
v 5.502738 10.745075 -1.269721
v 5.504795 10.746674 -1.268427
v 5.502738 10.747969 -1.270025
v -5.506287 10.746674 -1.268425
v -5.504230 10.745074 -1.269720
v -5.504230 10.747968 -1.270024
v 5.502738 10.761399 -1.256502
v 5.502738 10.761096 -1.259396
v 5.504795 10.759801 -1.257797
v 5.504795 10.609817 -1.072582
v 5.502738 10.608521 -1.070983
v 5.502738 10.611416 -1.071288
v -5.504230 10.611415 -1.071286
v -5.504230 10.608521 -1.070981
v -5.506287 10.609816 -1.072581
v -5.506287 10.759800 -1.257795
v -5.504230 10.761095 -1.259394
v -5.504230 10.761398 -1.256500
v 5.502738 10.682465 -1.192404
v 5.502738 10.679875 -1.189205
v 5.504795 10.681474 -1.187911
v 5.504795 10.684064 -1.191109
v 5.502738 10.657702 -1.161824
v 5.504795 10.659302 -1.160529
v 5.504795 10.661891 -1.163727
v 5.502738 10.660292 -1.165022
v -5.504230 10.657701 -1.161823
v -5.504230 10.660291 -1.165020
v -5.506287 10.661890 -1.163726
v -5.506287 10.659301 -1.160528
v -5.504230 10.682464 -1.192403
v -5.506287 10.684064 -1.191108
v -5.506287 10.681474 -1.187909
v -5.504230 10.679873 -1.189205
v 5.502738 10.698790 -1.179185
v 5.504795 10.697190 -1.180479
v 5.504795 10.694601 -1.177281
v 5.504795 10.697798 -1.174692
v 5.502738 10.699094 -1.176292
v 5.502738 10.674026 -1.148605
v 5.502738 10.676919 -1.148909
v 5.504795 10.678215 -1.150508
v 5.504795 10.675016 -1.153098
v 5.504795 10.672427 -1.149900
v -5.504230 10.674025 -1.148603
v -5.506287 10.672426 -1.149898
v -5.506287 10.675015 -1.153096
v -5.506287 10.678213 -1.150507
v -5.504230 10.676919 -1.148907
v -5.504230 10.698789 -1.179183
v -5.504230 10.699092 -1.176290
v -5.506287 10.697798 -1.174691
v -5.506287 10.694598 -1.177280
v -5.506287 10.697189 -1.180478
v 5.485291 11.252172 -1.474340
v 5.489020 11.249828 -1.471443
v 2.912746 11.249826 -1.471443
v 2.916475 11.252172 -1.474340
v 5.489020 8.445518 1.991590
v 5.485291 8.443172 1.994488
v 2.916475 8.443172 1.994488
v 2.912746 8.445518 1.991590
v 5.507269 8.425457 2.008514
v 5.511069 8.427848 2.005561
v 5.511069 11.259819 -1.491632
v 5.507269 11.262211 -1.494585
v 2.894497 11.262210 -1.494584
v 2.890697 11.259819 -1.491632
v 2.890697 8.427848 2.005561
v 2.894497 8.425457 2.008514
v 5.489020 8.456063 2.000113
v 5.485280 8.453709 2.003020
v 5.485280 11.262710 -1.465809
v 5.489020 11.260355 -1.462901
v 2.912746 11.260355 -1.462901
v 2.916487 11.262710 -1.465808
v 2.916487 8.453709 2.003020
v 2.912746 8.456062 2.000113
v 5.516010 8.440356 2.021991
v 5.512166 8.437938 2.024978
v 5.510993 8.439555 2.024807
v 5.514860 8.441989 2.021803
v 5.514860 11.278646 -1.481178
v 5.510993 11.281080 -1.484182
v 5.512166 11.280910 -1.485800
v 5.516010 11.278491 -1.482812
v 2.890773 11.281079 -1.484182
v 2.886907 11.278645 -1.481178
v 2.885756 11.278490 -1.482812
v 2.889601 11.280910 -1.485800
v 2.886907 8.441988 2.021803
v 2.890773 8.439554 2.024808
v 2.889601 8.437938 2.024978
v 2.885756 8.440356 2.021991
v 5.486329 11.265541 -1.464995
v 5.490170 11.263124 -1.462010
v 5.489020 11.261546 -1.461887
v 5.485241 11.263924 -1.464825
v 2.911596 11.263124 -1.462010
v 2.915438 11.265541 -1.464995
v 2.916525 11.263924 -1.464825
v 2.912746 11.261546 -1.461887
v 2.915438 8.455092 2.005620
v 2.911596 8.457510 2.002635
v 2.912746 8.457302 2.001067
v 2.916525 8.454923 2.004003
v 5.485241 8.454923 2.004003
v 5.489020 8.457302 2.001067
v 5.490170 8.457510 2.002635
v 5.486329 8.455092 2.005620
v 2.890627 8.418367 2.005936
v 2.890627 8.422093 2.008953
v 2.888240 8.423596 2.007098
v 2.888239 8.419870 2.004081
v 2.890625 8.399098 1.990332
v 2.890625 8.402824 1.993350
v 2.888240 8.404325 1.991495
v 2.888239 8.400599 1.988478
v 2.890623 8.379828 1.974728
v 2.890623 8.383555 1.977746
v 2.888240 8.385056 1.975893
v 2.888239 8.381329 1.972875
v 2.890623 11.223402 -1.529172
v 2.890623 11.219675 -1.532191
v 2.888239 11.218176 -1.530338
v 2.888240 11.221902 -1.527321
v 2.890625 11.242671 -1.513570
v 2.890625 11.238945 -1.516587
v 2.888239 11.237443 -1.514732
v 2.888240 11.241169 -1.511714
v 2.890627 11.261941 -1.497965
v 2.890627 11.258213 -1.500983
v 2.888239 11.256711 -1.499128
v 2.888240 11.260437 -1.496111
v 5.511139 11.261941 -1.497966
v 5.511139 11.258215 -1.500984
v 5.513527 11.256711 -1.499128
v 5.513527 11.260438 -1.496110
v 5.511141 11.242671 -1.513570
v 5.511141 11.238945 -1.516587
v 5.513527 11.237444 -1.514733
v 5.513527 11.241170 -1.511716
v 5.511143 11.223402 -1.529174
v 5.511143 11.219677 -1.532191
v 5.513527 11.218177 -1.530338
v 5.513527 11.221902 -1.527321
v 5.511143 8.379828 1.974728
v 5.511143 8.383555 1.977745
v 5.513527 8.385056 1.975893
v 5.513527 8.381329 1.972875
v 5.511141 8.399098 1.990332
v 5.511141 8.402825 1.993350
v 5.513527 8.404325 1.991495
v 5.513527 8.400599 1.988478
v 5.511139 8.418367 2.005935
v 5.511139 8.422093 2.008953
v 5.513527 8.423596 2.007098
v 5.513527 8.419870 2.004081
v 5.512172 8.377217 1.975807
v 5.511612 8.379117 1.975607
v 5.511611 8.382843 1.978625
v 5.512171 8.383043 1.980525
v 5.512169 8.396486 1.991411
v 5.511610 8.398386 1.991211
v 5.511610 8.402112 1.994229
v 5.512169 8.402312 1.996130
v 5.512168 8.415755 2.007015
v 5.511608 8.417656 2.006815
v 5.511608 8.421381 2.009832
v 5.512167 8.421582 2.011733
v 5.516010 8.423999 2.008747
v 5.514658 8.423301 2.007462
v 5.514658 8.419576 2.004444
v 5.516010 8.418173 2.004030
v 5.516010 8.404730 1.993144
v 5.514658 8.404032 1.991860
v 5.514658 8.400305 1.988842
v 5.516010 8.398902 1.988427
v 5.516010 8.385459 1.977542
v 5.514658 8.384761 1.976257
v 5.514658 8.381035 1.973240
v 5.516010 8.379632 1.972824
v 5.512167 11.264553 -1.499045
v 5.511608 11.262651 -1.498845
v 5.511608 11.258925 -1.501862
v 5.512168 11.258727 -1.503763
v 5.512169 11.245284 -1.514650
v 5.511610 11.243383 -1.514448
v 5.511610 11.239657 -1.517466
v 5.512169 11.239457 -1.519368
v 5.512171 11.226015 -1.530252
v 5.511611 11.224115 -1.530053
v 5.511612 11.220388 -1.533070
v 5.512172 11.220187 -1.534971
v 5.516010 11.217774 -1.531988
v 5.514658 11.218471 -1.530703
v 5.514658 11.222196 -1.527684
v 5.516010 11.223598 -1.527270
v 5.516010 11.237041 -1.516383
v 5.514658 11.237739 -1.515097
v 5.514658 11.241465 -1.512080
v 5.516010 11.242867 -1.511664
v 5.516010 11.256310 -1.500777
v 5.514658 11.257007 -1.499492
v 5.514658 11.260733 -1.496474
v 5.516010 11.262136 -1.496059
v 2.885756 8.379632 1.972824
v 2.887108 8.381035 1.973240
v 2.887108 8.384761 1.976257
v 2.885756 8.385459 1.977542
v 2.885756 8.398902 1.988427
v 2.887108 8.400305 1.988842
v 2.887108 8.404032 1.991860
v 2.885756 8.404729 1.993145
v 2.885756 8.418173 2.004030
v 2.887108 8.419575 2.004445
v 2.887108 8.423301 2.007462
v 2.885756 8.423999 2.008747
v 2.889599 8.421581 2.011734
v 2.890158 8.421381 2.009833
v 2.890158 8.417655 2.006815
v 2.889598 8.415755 2.007015
v 2.889597 8.402312 1.996130
v 2.890157 8.402112 1.994229
v 2.890157 8.398386 1.991211
v 2.889597 8.396486 1.991411
v 2.889595 8.383043 1.980525
v 2.890155 8.382843 1.978625
v 2.890154 8.379117 1.975607
v 2.889595 8.377217 1.975807
v 2.885756 11.262136 -1.496059
v 2.887108 11.260733 -1.496474
v 2.887108 11.257007 -1.499492
v 2.885756 11.256310 -1.500777
v 2.885756 11.242867 -1.511664
v 2.887108 11.241465 -1.512079
v 2.887108 11.237739 -1.515097
v 2.885756 11.237041 -1.516383
v 2.885756 11.223598 -1.527269
v 2.887108 11.222196 -1.527684
v 2.887108 11.218471 -1.530703
v 2.885756 11.217772 -1.531988
v 2.889595 11.220187 -1.534970
v 2.890154 11.220387 -1.533070
v 2.890155 11.224115 -1.530053
v 2.889595 11.226015 -1.530252
v 2.889597 11.239457 -1.519366
v 2.890157 11.239656 -1.517465
v 2.890157 11.243382 -1.514448
v 2.889597 11.245284 -1.514649
v 2.889598 11.258727 -1.503763
v 2.890158 11.258925 -1.501862
v 2.890158 11.262651 -1.498845
v 2.889599 11.264553 -1.499045
v 2.886814 8.363938 1.958762
v 2.885756 8.364295 1.960407
v 2.889593 8.361880 1.963388
v 2.890646 8.361526 1.961740
v 2.890646 11.203166 -1.547394
v 2.889593 11.204851 -1.547389
v 2.885756 11.202436 -1.544408
v 2.886814 11.200755 -1.544415
v 5.514953 11.200755 -1.544415
v 5.516010 11.202436 -1.544408
v 5.512173 11.204852 -1.547390
v 5.511120 11.203166 -1.547394
v 5.511120 8.361526 1.961740
v 5.512173 8.361880 1.963388
v 5.516010 8.364295 1.960407
v 5.514953 8.363938 1.958762
v 2.895604 11.201056 -1.542702
v 2.894569 11.200690 -1.544334
v 2.890750 11.198287 -1.541367
v 2.891789 11.198654 -1.539737
v 5.509977 11.198654 -1.539737
v 5.511016 11.198287 -1.541367
v 5.507197 11.200690 -1.544334
v 5.506163 11.201056 -1.542702
v 5.506163 8.365677 1.958700
v 5.507197 8.364003 1.958681
v 5.511016 8.366406 1.955714
v 5.509977 8.368078 1.955736
v 2.891789 8.368078 1.955736
v 2.890750 8.366406 1.955714
v 2.894569 8.364003 1.958682
v 2.895604 8.365677 1.958700
v 2.891243 11.210552 -1.530814
v 2.895050 11.212948 -1.533773
v 5.506716 11.212948 -1.533773
v 2.891243 8.379278 1.965518
v 5.510523 11.210553 -1.530814
v 5.510523 8.379279 1.965518
v 5.506716 8.376883 1.968477
v 2.895050 8.376883 1.968477
v 2.950607 11.184152 -1.498451
v 5.451159 11.184153 -1.498451
v 5.454805 11.181805 -1.495552
v 5.454805 8.407794 1.930067
v 5.451159 8.405446 1.932966
v 2.950607 8.405446 1.932966
v 2.946961 11.181805 -1.495552
v 2.946961 8.407794 1.930068
v 2.943545 11.172163 -1.506802
v 2.947324 11.173722 -1.501613
v 2.950974 11.176073 -1.504517
v 2.947200 11.174524 -1.509716
v 5.454567 11.174524 -1.509717
v 5.450792 11.176073 -1.504517
v 5.454442 11.173722 -1.501614
v 5.458222 11.172164 -1.506802
v 5.458222 8.394786 1.922976
v 5.454442 8.400185 1.923421
v 5.450792 8.397834 1.926324
v 5.454567 8.392426 1.925890
v 2.947200 8.392426 1.925890
v 2.950974 8.397834 1.926324
v 2.947324 8.400185 1.923421
v 2.943545 8.394786 1.922976
v 5.485291 8.352343 2.106653
v 5.489020 8.349998 2.109550
v 2.912746 8.349998 2.109551
v 2.916475 8.352343 2.106653
v 5.489020 5.545688 5.572584
v 5.485291 5.543341 5.575480
v 2.916475 5.543340 5.575480
v 2.912746 5.545687 5.572585
v 5.507269 5.525625 5.589508
v 5.511069 5.528017 5.586554
v 5.511069 8.359988 2.089362
v 5.507269 8.362380 2.086409
v 2.894497 8.362380 2.086410
v 2.890697 8.359988 2.089362
v 2.890697 5.528016 5.586555
v 2.894497 5.525625 5.589508
v 5.489020 5.556231 5.581106
v 5.485280 5.553877 5.584014
v 5.485280 8.362879 2.115185
v 5.489020 8.360525 2.118092
v 2.912746 8.360525 2.118092
v 2.916487 8.362879 2.115185
v 2.916487 5.553876 5.584015
v 2.912746 5.556231 5.581107
v 5.516010 5.540525 5.602985
v 5.512166 5.538106 5.605969
v 5.510993 5.539723 5.605800
v 5.514860 5.542156 5.602796
v 5.514860 8.378816 2.099815
v 5.510993 8.381248 2.096810
v 5.512166 8.381079 2.095193
v 5.516010 8.378659 2.098180
v 2.890773 8.381248 2.096810
v 2.886907 8.378815 2.099815
v 2.885756 8.378659 2.098181
v 2.889601 8.381079 2.095193
v 2.886907 5.542156 5.602796
v 2.890773 5.539722 5.605800
v 2.889601 5.538105 5.605971
v 2.885756 5.540524 5.602985
v 5.486329 8.365710 2.115998
v 5.490170 8.363293 2.118983
v 5.489020 8.361715 2.119105
v 5.485241 8.364094 2.116168
v 2.911596 8.363293 2.118983
v 2.915438 8.365710 2.115998
v 2.916525 8.364094 2.116168
v 2.912746 8.361715 2.119105
v 2.915438 5.555261 5.586613
v 2.911596 5.557678 5.583628
v 2.912746 5.557469 5.582060
v 2.916525 5.555090 5.584996
v 5.485241 5.555091 5.584996
v 5.489020 5.557470 5.582060
v 5.490170 5.557678 5.583628
v 5.486329 5.555261 5.586613
v 2.890627 5.518535 5.586929
v 2.890627 5.522262 5.589947
v 2.888240 5.523765 5.588091
v 2.888239 5.520037 5.585073
v 2.890625 5.499266 5.571325
v 2.890625 5.502992 5.574343
v 2.888240 5.504495 5.572489
v 2.888239 5.500767 5.569471
v 2.890623 5.479997 5.555721
v 2.890623 5.483723 5.558739
v 2.888240 5.485224 5.556886
v 2.888239 5.481498 5.553869
v 2.890623 8.323571 2.051819
v 2.890623 8.319845 2.048802
v 2.888239 8.318345 2.050655
v 2.888240 8.322071 2.053672
v 2.890625 8.342841 2.067424
v 2.890625 8.339115 2.064406
v 2.888239 8.337613 2.066260
v 2.888240 8.341339 2.069278
v 2.890627 8.362110 2.083028
v 2.890627 8.358383 2.080010
v 2.888239 8.356881 2.081866
v 2.888240 8.360607 2.084882
v 5.511139 8.362110 2.083027
v 5.511139 8.358384 2.080010
v 5.513527 8.356881 2.081866
v 5.513527 8.360607 2.084882
v 5.511141 8.342841 2.067424
v 5.511141 8.339115 2.064406
v 5.513527 8.337613 2.066260
v 5.513527 8.341340 2.069278
v 5.511143 8.323571 2.051819
v 5.511143 8.319845 2.048802
v 5.513527 8.318345 2.050654
v 5.513527 8.322071 2.053672
v 5.511143 5.479998 5.555721
v 5.511143 5.483723 5.558739
v 5.513527 5.485224 5.556886
v 5.513527 5.481498 5.553869
v 5.511141 5.499266 5.571325
v 5.511141 5.502993 5.574343
v 5.513527 5.504495 5.572487
v 5.513527 5.500768 5.569470
v 5.511139 5.518536 5.586929
v 5.511139 5.522262 5.589947
v 5.513527 5.523765 5.588090
v 5.513527 5.520039 5.585074
v 5.512172 5.477385 5.556801
v 5.511612 5.479286 5.556600
v 5.511611 5.483012 5.559618
v 5.512171 5.483211 5.561519
v 5.512169 5.496655 5.572403
v 5.511610 5.498554 5.572205
v 5.511610 5.502281 5.575221
v 5.512169 5.502481 5.577122
v 5.512168 5.515924 5.588008
v 5.511608 5.517824 5.587809
v 5.511608 5.521551 5.590827
v 5.512167 5.521750 5.592727
v 5.516010 5.524168 5.589739
v 5.514658 5.523471 5.588455
v 5.514658 5.519743 5.585439
v 5.516010 5.518341 5.585023
v 5.516010 5.504898 5.574137
v 5.514658 5.504200 5.572852
v 5.514658 5.500473 5.569835
v 5.516010 5.499071 5.569418
v 5.516010 5.485627 5.558536
v 5.514658 5.484929 5.557250
v 5.514658 5.481203 5.554233
v 5.516010 5.479801 5.553818
v 5.512167 8.364722 2.081949
v 5.511608 8.362823 2.082149
v 5.511608 8.359096 2.079130
v 5.512168 8.358896 2.077230
v 5.512169 8.345453 2.066344
v 5.511610 8.343554 2.066544
v 5.511610 8.339827 2.063526
v 5.512169 8.339627 2.061626
v 5.512171 8.326184 2.050740
v 5.511611 8.324284 2.050940
v 5.511612 8.320558 2.047923
v 5.512172 8.320357 2.046023
v 5.516010 8.317943 2.049005
v 5.514658 8.318641 2.050291
v 5.514658 8.322366 2.053308
v 5.516010 8.323768 2.053724
v 5.516010 8.337211 2.064610
v 5.514658 8.337908 2.065896
v 5.514658 8.341634 2.068914
v 5.516010 8.343037 2.069329
v 5.516010 8.356479 2.080216
v 5.514658 8.357177 2.081501
v 5.514658 8.360902 2.084518
v 5.516010 8.362305 2.084934
v 2.885756 5.479800 5.553818
v 2.887108 5.481203 5.554233
v 2.887108 5.484929 5.557250
v 2.885756 5.485626 5.558536
v 2.885756 5.499070 5.569420
v 2.887108 5.500473 5.569835
v 2.887108 5.504200 5.572853
v 2.885756 5.504897 5.574137
v 2.885756 5.518340 5.585022
v 2.887108 5.519742 5.585439
v 2.887108 5.523470 5.588455
v 2.885756 5.524167 5.589739
v 2.889599 5.521750 5.592727
v 2.890158 5.521551 5.590827
v 2.890158 5.517824 5.587810
v 2.889598 5.515923 5.588008
v 2.889597 5.502481 5.577123
v 2.890157 5.502281 5.575221
v 2.890157 5.498554 5.572204
v 2.889597 5.496654 5.572403
v 2.889595 5.483211 5.561519
v 2.890155 5.483011 5.559618
v 2.890154 5.479285 5.556600
v 2.889595 5.477385 5.556801
v 2.885756 8.362304 2.084934
v 2.887108 8.360902 2.084519
v 2.887108 8.357176 2.081501
v 2.885756 8.356479 2.080216
v 2.885756 8.343037 2.069330
v 2.887108 8.341634 2.068914
v 2.887108 8.337908 2.065896
v 2.885756 8.337211 2.064611
v 2.885756 8.323768 2.053724
v 2.887108 8.322366 2.053308
v 2.887108 8.318640 2.050291
v 2.885756 8.317943 2.049005
v 2.889595 8.320357 2.046023
v 2.890154 8.320558 2.047923
v 2.890155 8.324283 2.050941
v 2.889595 8.326184 2.050741
v 2.889597 8.339626 2.061626
v 2.890157 8.339827 2.063527
v 2.890157 8.343553 2.066544
v 2.889597 8.345453 2.066344
v 2.889598 8.358896 2.077230
v 2.890158 8.359096 2.079130
v 2.890158 8.362823 2.082149
v 2.889599 8.364722 2.081949
v 2.886814 5.464106 5.539755
v 2.885756 5.464462 5.541399
v 2.889593 5.462048 5.544381
v 2.890646 5.461694 5.542734
v 2.890646 8.303336 2.033600
v 2.889593 8.305021 2.033604
v 2.885756 8.302607 2.036585
v 2.886814 8.300923 2.036577
v 5.514953 8.300923 2.036577
v 5.516010 8.302608 2.036585
v 5.512173 8.305021 2.033604
v 5.511120 8.303336 2.033599
v 5.511120 5.461694 5.542734
v 5.512173 5.462049 5.544381
v 5.516010 5.464463 5.541399
v 5.514953 5.464106 5.539755
v 2.895604 8.301225 2.038292
v 2.894569 8.300858 2.036659
v 2.890750 8.298455 2.039626
v 2.891789 8.298824 2.041256
v 5.509977 8.298824 2.041256
v 5.511016 8.298455 2.039626
v 5.507197 8.300859 2.036659
v 5.506163 8.301225 2.038292
v 5.506163 5.465845 5.539692
v 5.507197 5.464171 5.539675
v 5.511016 5.466574 5.536706
v 5.509977 5.468246 5.536728
v 2.891789 5.468245 5.536728
v 2.890750 5.466574 5.536706
v 2.894569 5.464171 5.539675
v 2.895604 5.465845 5.539692
v 2.891243 8.310721 2.050179
v 2.895050 8.313118 2.047220
v 5.506716 8.313118 2.047220
v 2.891243 5.479447 5.546513
v 5.510523 8.310721 2.050179
v 5.510523 5.479447 5.546511
v 5.506716 5.477051 5.549469
v 2.895050 5.477050 5.549469
v 2.950607 8.284322 2.082542
v 5.451159 8.284322 2.082542
v 5.454805 8.281975 2.085441
v 5.454805 5.507962 5.511060
v 5.451159 5.505614 5.513959
v 2.950607 5.505614 5.513959
v 2.946961 8.281975 2.085441
v 2.946961 5.507962 5.511060
v 2.943545 8.272333 2.074191
v 2.947324 8.273890 2.079380
v 2.950974 8.276242 2.076477
v 2.947200 8.274693 2.071277
v 5.454567 8.274693 2.071277
v 5.450792 8.276242 2.076477
v 5.454442 8.273890 2.079379
v 5.458222 8.272333 2.074191
v 5.458222 5.494953 5.503970
v 5.454442 5.500353 5.504415
v 5.450792 5.498001 5.507317
v 5.454567 5.492594 5.506883
v 2.947200 5.492593 5.506884
v 2.950974 5.498001 5.507317
v 2.947324 5.500352 5.504415
v 2.943545 5.494953 5.503970
v -5.485138 11.342021 -1.585295
v -5.488867 11.344369 -1.588192
v -2.912593 11.344369 -1.588192
v -2.916321 11.342021 -1.585295
v -5.488867 14.148678 -5.051225
v -5.485138 14.151025 -5.054122
v -2.916321 14.151025 -5.054122
v -2.912593 14.148678 -5.051225
v -5.507115 14.161061 -5.074366
v -5.510915 14.158670 -5.071413
v -5.510915 11.326698 -1.574222
v -5.507115 11.324307 -1.571269
v -2.894343 11.324307 -1.571269
v -2.890544 11.326698 -1.574222
v -2.890544 14.158670 -5.071413
v -2.894343 14.161061 -5.074366
v -5.488867 14.159207 -5.042683
v -5.485126 14.161562 -5.045589
v -5.485126 11.352559 -1.576763
v -5.488867 11.354912 -1.579670
v -2.912593 11.354912 -1.579670
v -2.916333 11.352559 -1.576763
v -2.916333 14.161562 -5.045589
v -2.912593 14.159207 -5.042683
v -5.515856 14.177341 -5.062594
v -5.512012 14.179760 -5.065582
v -5.510839 14.179929 -5.063966
v -5.514706 14.177498 -5.060960
v -5.514706 11.340839 -1.557980
v -5.510839 11.338406 -1.554975
v -5.512012 11.336788 -1.554805
v -5.515856 11.339208 -1.557792
v -2.890620 11.338406 -1.554975
v -2.886753 11.340839 -1.557980
v -2.885603 11.339208 -1.557792
v -2.889447 11.336788 -1.554805
v -2.886753 14.177498 -5.060960
v -2.890620 14.179929 -5.063966
v -2.889447 14.179760 -5.065582
v -2.885603 14.177341 -5.062594
v -5.486175 11.353942 -1.574163
v -5.490016 11.356360 -1.577148
v -5.488867 11.356151 -1.578716
v -5.485087 11.353772 -1.575780
v -2.911443 11.356360 -1.577148
v -2.915284 11.353942 -1.574163
v -2.916372 11.353772 -1.575780
v -2.912593 11.356151 -1.578716
v -2.915284 14.164391 -5.044777
v -2.911443 14.161974 -5.041793
v -2.912593 14.160397 -5.041670
v -2.916372 14.162774 -5.044607
v -5.485087 14.162774 -5.044607
v -5.488867 14.160397 -5.041670
v -5.490016 14.161974 -5.041793
v -5.486175 14.164391 -5.044777
v -2.890474 14.157065 -5.080765
v -2.890474 14.160791 -5.077748
v -2.888086 14.159289 -5.075892
v -2.888085 14.155563 -5.078910
v -2.890471 14.137796 -5.096369
v -2.890471 14.141523 -5.093352
v -2.888086 14.140020 -5.091497
v -2.888085 14.136294 -5.094515
v -2.890470 14.118526 -5.111974
v -2.890470 14.122252 -5.108956
v -2.888086 14.120752 -5.107102
v -2.888085 14.117026 -5.110121
v -2.890470 11.282406 -1.602038
v -2.890470 11.278679 -1.605054
v -2.888085 11.280179 -1.606907
v -2.888086 11.283905 -1.603890
v -2.890471 11.301675 -1.586433
v -2.890471 11.297949 -1.589450
v -2.888085 11.299451 -1.591305
v -2.888086 11.303178 -1.588288
v -2.890474 11.320945 -1.570829
v -2.890474 11.317217 -1.573847
v -2.888085 11.318720 -1.575702
v -2.888086 11.322447 -1.572685
v -5.510985 11.320945 -1.570829
v -5.510985 11.317217 -1.573847
v -5.513374 11.318720 -1.575702
v -5.513373 11.322447 -1.572685
v -5.510988 11.301675 -1.586433
v -5.510988 11.297949 -1.589450
v -5.513374 11.299451 -1.591305
v -5.513373 11.303178 -1.588288
v -5.510990 11.282406 -1.602038
v -5.510990 11.278679 -1.605054
v -5.513374 11.280179 -1.606907
v -5.513373 11.283905 -1.603890
v -5.510990 14.118526 -5.111974
v -5.510990 14.122252 -5.108956
v -5.513373 14.120752 -5.107102
v -5.513374 14.117026 -5.110121
v -5.510988 14.137796 -5.096369
v -5.510988 14.141523 -5.093352
v -5.513373 14.140020 -5.091497
v -5.513374 14.136294 -5.094515
v -5.510985 14.157065 -5.080765
v -5.510985 14.160791 -5.077748
v -5.513373 14.159289 -5.075892
v -5.513374 14.155563 -5.078910
v -5.512018 14.119040 -5.114753
v -5.511458 14.119238 -5.112853
v -5.511457 14.122966 -5.109836
v -5.512018 14.124865 -5.110034
v -5.512016 14.138308 -5.099148
v -5.511456 14.138508 -5.097249
v -5.511456 14.142234 -5.094232
v -5.512015 14.144135 -5.094431
v -5.512014 14.157578 -5.083545
v -5.511455 14.157778 -5.081644
v -5.511455 14.161504 -5.078627
v -5.512013 14.163404 -5.078826
v -5.515856 14.160986 -5.075840
v -5.514504 14.159583 -5.076257
v -5.514505 14.155857 -5.079274
v -5.515856 14.155160 -5.080559
v -5.515856 14.141719 -5.091446
v -5.514504 14.140315 -5.091862
v -5.514505 14.136590 -5.094880
v -5.515856 14.135892 -5.096166
v -5.515856 14.122450 -5.107051
v -5.514504 14.121048 -5.107467
v -5.514505 14.117322 -5.110485
v -5.515856 14.116622 -5.111770
v -5.512013 11.320433 -1.568050
v -5.511455 11.320232 -1.569950
v -5.511455 11.316506 -1.572968
v -5.512014 11.314606 -1.572768
v -5.512015 11.301162 -1.583654
v -5.511456 11.300964 -1.585554
v -5.511456 11.297236 -1.588571
v -5.512016 11.295335 -1.588371
v -5.512018 11.281894 -1.599257
v -5.511457 11.281694 -1.601158
v -5.511458 11.277968 -1.604175
v -5.512018 11.276067 -1.603976
v -5.515856 11.278482 -1.606958
v -5.514505 11.279885 -1.606543
v -5.514504 11.283612 -1.603526
v -5.515856 11.284309 -1.602241
v -5.515856 11.297752 -1.591356
v -5.514505 11.299154 -1.590941
v -5.514504 11.302880 -1.587923
v -5.515856 11.303579 -1.586637
v -5.515856 11.317023 -1.575753
v -5.514505 11.318425 -1.575338
v -5.514504 11.322151 -1.572321
v -5.515856 11.322851 -1.571035
v -2.885603 14.116622 -5.111770
v -2.886954 14.117322 -5.110485
v -2.886955 14.121048 -5.107467
v -2.885603 14.122450 -5.107051
v -2.885603 14.135892 -5.096166
v -2.886954 14.136590 -5.094880
v -2.886955 14.140315 -5.091862
v -2.885603 14.141719 -5.091446
v -2.885603 14.155160 -5.080559
v -2.886954 14.155857 -5.079274
v -2.886955 14.159583 -5.076257
v -2.885603 14.160986 -5.075840
v -2.889446 14.163404 -5.078826
v -2.890005 14.161504 -5.078627
v -2.890005 14.157778 -5.081644
v -2.889445 14.157578 -5.083545
v -2.889444 14.144135 -5.094431
v -2.890003 14.142234 -5.094232
v -2.890003 14.138508 -5.097249
v -2.889443 14.138308 -5.099148
v -2.889442 14.124865 -5.110034
v -2.890002 14.122966 -5.109836
v -2.890001 14.119238 -5.112853
v -2.889441 14.119040 -5.114753
v -2.885603 11.322851 -1.571035
v -2.886955 11.322151 -1.572321
v -2.886954 11.318425 -1.575338
v -2.885603 11.317023 -1.575753
v -2.885603 11.303579 -1.586637
v -2.886955 11.302880 -1.587923
v -2.886954 11.299154 -1.590941
v -2.885603 11.297752 -1.591356
v -2.885603 11.284309 -1.602241
v -2.886955 11.283612 -1.603526
v -2.886954 11.279885 -1.606543
v -2.885603 11.278482 -1.606958
v -2.889441 11.276067 -1.603976
v -2.890001 11.277968 -1.604175
v -2.890002 11.281694 -1.601158
v -2.889442 11.281894 -1.599257
v -2.889443 11.295335 -1.588371
v -2.890003 11.297236 -1.588571
v -2.890003 11.300964 -1.585554
v -2.889444 11.301162 -1.583654
v -2.889445 11.314606 -1.572768
v -2.890005 11.316506 -1.572968
v -2.890005 11.320232 -1.569950
v -2.889446 11.320433 -1.568050
v -2.886660 14.099606 -5.124197
v -2.885603 14.101289 -5.124190
v -2.889440 14.103703 -5.127172
v -2.890493 14.102018 -5.127176
v -2.890493 11.260377 -1.618042
v -2.889440 11.260731 -1.616395
v -2.885603 11.263145 -1.619377
v -2.886660 11.262789 -1.621020
v -5.514799 11.262789 -1.621020
v -5.515856 11.263145 -1.619377
v -5.512020 11.260731 -1.616395
v -5.510966 11.260377 -1.618042
v -5.510966 14.102018 -5.127176
v -5.512020 14.103703 -5.127172
v -5.515856 14.101289 -5.124190
v -5.514799 14.099606 -5.124197
v -2.895450 11.264526 -1.621083
v -2.894416 11.262855 -1.621101
v -2.890597 11.265256 -1.624068
v -2.891636 11.266929 -1.624048
v -5.509823 11.266929 -1.624048
v -5.510862 11.265256 -1.624068
v -5.507043 11.262855 -1.621101
v -5.506009 11.264526 -1.621083
v -5.506009 14.099907 -5.122484
v -5.507043 14.099541 -5.124117
v -5.510862 14.097137 -5.121150
v -5.509823 14.097507 -5.119519
v -2.891636 14.097507 -5.119519
v -2.890597 14.097137 -5.121150
v -2.894416 14.099541 -5.124117
v -2.895450 14.099907 -5.122484
v -2.891090 11.278131 -1.614265
v -2.894897 11.275734 -1.611306
v -5.506562 11.275734 -1.611306
v -2.891090 14.109403 -5.110597
v -5.510369 11.278131 -1.614265
v -5.510369 14.109403 -5.110597
v -5.506562 14.111800 -5.113554
v -2.894897 14.111800 -5.113554
v -2.950454 11.304296 -1.646817
v -5.451006 11.304296 -1.646817
v -5.454651 11.306644 -1.649716
v -5.454651 14.080656 -5.075335
v -5.451006 14.083003 -5.078233
v -2.950454 14.083003 -5.078233
v -2.946808 11.306644 -1.649716
v -2.946808 14.080656 -5.075335
v -2.943391 11.293636 -1.656807
v -2.947171 11.299033 -1.656362
v -2.950821 11.296682 -1.653459
v -2.947046 11.291276 -1.653893
v -5.454413 11.291276 -1.653893
v -5.450639 11.296682 -1.653459
v -5.454288 11.299033 -1.656362
v -5.458068 11.293636 -1.656807
v -5.458068 14.071014 -5.086583
v -5.454288 14.072572 -5.081396
v -5.450639 14.074924 -5.084299
v -5.454413 14.073375 -5.089499
v -2.947046 14.073375 -5.089499
v -2.950821 14.074924 -5.084299
v -2.947171 14.072572 -5.081396
v -2.943391 14.071014 -5.086583
v -2.681478 11.342021 -1.585295
v -2.685206 11.344369 -1.588192
v -0.108933 11.344369 -1.588192
v -0.112660 11.342021 -1.585295
v -2.685206 14.148678 -5.051225
v -2.681478 14.151025 -5.054122
v -0.112660 14.151025 -5.054122
v -0.108933 14.148678 -5.051225
v -2.703456 14.161061 -5.074366
v -2.707255 14.158670 -5.071413
v -2.707255 11.326698 -1.574222
v -2.703456 11.324307 -1.571269
v -0.090683 11.324307 -1.571269
v -0.086883 11.326698 -1.574222
v -0.086883 14.158670 -5.071413
v -0.090683 14.161061 -5.074366
v -2.685206 14.159207 -5.042683
v -2.681466 14.161562 -5.045589
v -2.681466 11.352559 -1.576763
v -2.685206 11.354912 -1.579670
v -0.108933 11.354912 -1.579670
v -0.112673 11.352559 -1.576763
v -0.112673 14.161562 -5.045589
v -0.108933 14.159207 -5.042683
v -2.712196 14.177341 -5.062594
v -2.708352 14.179760 -5.065582
v -2.707179 14.179929 -5.063966
v -2.711046 14.177498 -5.060960
v -2.711046 11.340839 -1.557980
v -2.707179 11.338406 -1.554975
v -2.708352 11.336788 -1.554805
v -2.712196 11.339208 -1.557792
v -0.086959 11.338406 -1.554975
v -0.083093 11.340839 -1.557980
v -0.081943 11.339208 -1.557792
v -0.085787 11.336788 -1.554805
v -0.083093 14.177498 -5.060960
v -0.086959 14.179929 -5.063966
v -0.085787 14.179760 -5.065582
v -0.081943 14.177341 -5.062594
v -2.682515 11.353942 -1.574163
v -2.686356 11.356360 -1.577148
v -2.685206 11.356151 -1.578716
v -2.681427 11.353772 -1.575780
v -0.107783 11.356360 -1.577148
v -0.111625 11.353942 -1.574163
v -0.112711 11.353772 -1.575780
v -0.108933 11.356151 -1.578716
v -0.111625 14.164391 -5.044777
v -0.107783 14.161974 -5.041793
v -0.108933 14.160397 -5.041670
v -0.112711 14.162774 -5.044607
v -2.681427 14.162774 -5.044607
v -2.685206 14.160397 -5.041670
v -2.686356 14.161974 -5.041793
v -2.682515 14.164391 -5.044777
v -0.086813 14.157065 -5.080765
v -0.086813 14.160791 -5.077748
v -0.084425 14.159289 -5.075892
v -0.084425 14.155563 -5.078910
v -0.086811 14.137796 -5.096369
v -0.086812 14.141523 -5.093352
v -0.084425 14.140020 -5.091497
v -0.084425 14.136294 -5.094515
v -0.086809 14.118526 -5.111974
v -0.086809 14.122252 -5.108956
v -0.084425 14.120752 -5.107102
v -0.084425 14.117026 -5.110121
v -0.086809 11.282406 -1.602038
v -0.086809 11.278679 -1.605054
v -0.084425 11.280179 -1.606907
v -0.084425 11.283905 -1.603890
v -0.086812 11.301675 -1.586433
v -0.086811 11.297949 -1.589450
v -0.084425 11.299451 -1.591305
v -0.084425 11.303178 -1.588288
v -0.086813 11.320945 -1.570829
v -0.086813 11.317217 -1.573847
v -0.084425 11.318720 -1.575702
v -0.084425 11.322447 -1.572685
v -2.707325 11.320945 -1.570829
v -2.707325 11.317217 -1.573847
v -2.709714 11.318720 -1.575702
v -2.709713 11.322447 -1.572685
v -2.707328 11.301675 -1.586433
v -2.707328 11.297949 -1.589450
v -2.709714 11.299451 -1.591305
v -2.709713 11.303178 -1.588288
v -2.707329 11.282406 -1.602038
v -2.707329 11.278679 -1.605054
v -2.709714 11.280179 -1.606907
v -2.709713 11.283905 -1.603890
v -2.707329 14.118526 -5.111974
v -2.707329 14.122252 -5.108956
v -2.709713 14.120752 -5.107102
v -2.709714 14.117026 -5.110121
v -2.707328 14.137796 -5.096369
v -2.707328 14.141523 -5.093352
v -2.709713 14.140020 -5.091497
v -2.709714 14.136294 -5.094515
v -2.707325 14.157065 -5.080765
v -2.707325 14.160791 -5.077748
v -2.709713 14.159289 -5.075892
v -2.709714 14.155563 -5.078910
v -2.708358 14.119040 -5.114753
v -2.707798 14.119238 -5.112853
v -2.707797 14.122966 -5.109836
v -2.708357 14.124865 -5.110034
v -2.708356 14.138308 -5.099148
v -2.707796 14.138508 -5.097249
v -2.707796 14.142234 -5.094232
v -2.708355 14.144135 -5.094431
v -2.708354 14.157578 -5.083545
v -2.707794 14.157778 -5.081644
v -2.707794 14.161504 -5.078627
v -2.708353 14.163404 -5.078826
v -2.712196 14.160986 -5.075840
v -2.710844 14.159583 -5.076257
v -2.710845 14.155857 -5.079274
v -2.712196 14.155160 -5.080559
v -2.712196 14.141719 -5.091446
v -2.710844 14.140315 -5.091862
v -2.710845 14.136590 -5.094880
v -2.712196 14.135892 -5.096166
v -2.712196 14.122450 -5.107051
v -2.710844 14.121048 -5.107467
v -2.710845 14.117322 -5.110485
v -2.712196 14.116622 -5.111770
v -2.708353 11.320433 -1.568050
v -2.707794 11.320232 -1.569950
v -2.707794 11.316506 -1.572968
v -2.708354 11.314606 -1.572768
v -2.708355 11.301162 -1.583654
v -2.707796 11.300964 -1.585554
v -2.707796 11.297236 -1.588571
v -2.708356 11.295335 -1.588371
v -2.708357 11.281894 -1.599257
v -2.707797 11.281694 -1.601158
v -2.707798 11.277968 -1.604175
v -2.708358 11.276067 -1.603976
v -2.712196 11.278482 -1.606958
v -2.710845 11.279885 -1.606543
v -2.710844 11.283612 -1.603526
v -2.712196 11.284309 -1.602241
v -2.712196 11.297752 -1.591356
v -2.710845 11.299154 -1.590941
v -2.710844 11.302880 -1.587923
v -2.712196 11.303579 -1.586637
v -2.712196 11.317023 -1.575753
v -2.710845 11.318425 -1.575338
v -2.710844 11.322151 -1.572321
v -2.712196 11.322851 -1.571035
v -0.081943 14.116622 -5.111770
v -0.083294 14.117322 -5.110485
v -0.083294 14.121048 -5.107467
v -0.081943 14.122450 -5.107051
v -0.081943 14.135892 -5.096166
v -0.083294 14.136590 -5.094880
v -0.083294 14.140315 -5.091862
v -0.081943 14.141719 -5.091446
v -0.081943 14.155160 -5.080559
v -0.083294 14.155857 -5.079274
v -0.083294 14.159583 -5.076257
v -0.081943 14.160986 -5.075840
v -0.085785 14.163404 -5.078826
v -0.086345 14.161504 -5.078627
v -0.086344 14.157778 -5.081644
v -0.085784 14.157578 -5.083545
v -0.085783 14.144135 -5.094431
v -0.086343 14.142234 -5.094232
v -0.086343 14.138508 -5.097249
v -0.085783 14.138308 -5.099148
v -0.085782 14.124865 -5.110034
v -0.086341 14.122966 -5.109836
v -0.086341 14.119238 -5.112853
v -0.085782 14.119040 -5.114753
v -0.081943 11.322851 -1.571035
v -0.083294 11.322151 -1.572321
v -0.083294 11.318425 -1.575338
v -0.081943 11.317023 -1.575753
v -0.081943 11.303579 -1.586637
v -0.083294 11.302880 -1.587923
v -0.083294 11.299154 -1.590941
v -0.081943 11.297752 -1.591356
v -0.081943 11.284309 -1.602241
v -0.083294 11.283612 -1.603526
v -0.083294 11.279885 -1.606543
v -0.081943 11.278482 -1.606958
v -0.085782 11.276067 -1.603976
v -0.086341 11.277968 -1.604175
v -0.086341 11.281694 -1.601158
v -0.085782 11.281894 -1.599257
v -0.085783 11.295335 -1.588371
v -0.086343 11.297236 -1.588571
v -0.086343 11.300964 -1.585554
v -0.085783 11.301162 -1.583654
v -0.085784 11.314606 -1.572768
v -0.086344 11.316506 -1.572968
v -0.086345 11.320232 -1.569950
v -0.085785 11.320433 -1.568050
v -0.083000 14.099606 -5.124197
v -0.081943 14.101289 -5.124190
v -0.085779 14.103703 -5.127172
v -0.086833 14.102018 -5.127176
v -0.086833 11.260377 -1.618042
v -0.085779 11.260731 -1.616395
v -0.081943 11.263145 -1.619377
v -0.083000 11.262789 -1.621020
v -2.711138 11.262789 -1.621020
v -2.712196 11.263145 -1.619377
v -2.708359 11.260731 -1.616395
v -2.707306 11.260377 -1.618042
v -2.707306 14.102018 -5.127176
v -2.708359 14.103703 -5.127172
v -2.712196 14.101289 -5.124190
v -2.711138 14.099606 -5.124197
v -0.091790 11.264526 -1.621083
v -0.090756 11.262855 -1.621101
v -0.086936 11.265256 -1.624068
v -0.087976 11.266929 -1.624048
v -2.706163 11.266929 -1.624048
v -2.707202 11.265256 -1.624068
v -2.703383 11.262855 -1.621101
v -2.702349 11.264526 -1.621083
v -2.702349 14.099907 -5.122484
v -2.703383 14.099541 -5.124117
v -2.707202 14.097137 -5.121150
v -2.706163 14.097507 -5.119519
v -0.087976 14.097507 -5.119519
v -0.086936 14.097137 -5.121150
v -0.090756 14.099541 -5.124117
v -0.091790 14.099907 -5.122484
v -0.087430 11.278131 -1.614265
v -0.091237 11.275734 -1.611306
v -2.702902 11.275734 -1.611306
v -0.087430 14.109403 -5.110597
v -2.706709 11.278131 -1.614265
v -2.706709 14.109403 -5.110597
v -2.702902 14.111800 -5.113554
v -0.091237 14.111800 -5.113554
v -0.146793 11.304296 -1.646817
v -2.647346 11.304296 -1.646817
v -2.650991 11.306644 -1.649716
v -2.650991 14.080656 -5.075335
v -2.647346 14.083003 -5.078233
v -0.146793 14.083003 -5.078233
v -0.143148 11.306644 -1.649716
v -0.143148 14.080656 -5.075335
v -0.139730 11.293636 -1.656807
v -0.143510 11.299033 -1.656362
v -0.147161 11.296682 -1.653459
v -0.143386 11.291276 -1.653893
v -2.650753 11.291276 -1.653893
v -2.646978 11.296682 -1.653459
v -2.650628 11.299033 -1.656362
v -2.654408 11.293636 -1.656807
v -2.654408 14.071014 -5.086583
v -2.650628 14.072572 -5.081396
v -2.646978 14.074924 -5.084299
v -2.650753 14.073375 -5.089499
v -0.143386 14.073375 -5.089499
v -0.147161 14.074924 -5.084299
v -0.143510 14.072572 -5.081396
v -0.139730 14.071014 -5.086583
v 0.122181 11.342021 -1.585295
v 0.118454 11.344369 -1.588192
v 2.694728 11.344369 -1.588192
v 2.691000 11.342021 -1.585295
v 0.118454 14.148678 -5.051225
v 0.122181 14.151025 -5.054122
v 2.691000 14.151025 -5.054122
v 2.694728 14.148678 -5.051225
v 0.100204 14.161061 -5.074366
v 0.096404 14.158670 -5.071413
v 0.096404 11.326698 -1.574222
v 0.100204 11.324307 -1.571269
v 2.712977 11.324307 -1.571269
v 2.716777 11.326698 -1.574222
v 2.716777 14.158670 -5.071413
v 2.712977 14.161061 -5.074366
v 0.118454 14.159207 -5.042683
v 0.122194 14.161562 -5.045589
v 0.122194 11.352559 -1.576763
v 0.118454 11.354912 -1.579670
v 2.694728 11.354912 -1.579670
v 2.690987 11.352559 -1.576763
v 2.690987 14.161562 -5.045589
v 2.694728 14.159207 -5.042683
v 0.091464 14.177341 -5.062594
v 0.095308 14.179760 -5.065582
v 0.096481 14.179929 -5.063966
v 0.092615 14.177498 -5.060960
v 0.092615 11.340839 -1.557980
v 0.096481 11.338406 -1.554975
v 0.095308 11.336788 -1.554805
v 0.091464 11.339208 -1.557792
v 2.716700 11.338406 -1.554975
v 2.720566 11.340839 -1.557980
v 2.721717 11.339208 -1.557792
v 2.717873 11.336788 -1.554805
v 2.720566 14.177498 -5.060960
v 2.716700 14.179929 -5.063966
v 2.717873 14.179760 -5.065582
v 2.721717 14.177341 -5.062594
v 0.121146 11.353942 -1.574163
v 0.117304 11.356360 -1.577148
v 0.118454 11.356151 -1.578716
v 0.122232 11.353772 -1.575780
v 2.695877 11.356360 -1.577148
v 2.692035 11.353942 -1.574163
v 2.690949 11.353772 -1.575780
v 2.694728 11.356151 -1.578716
v 2.692035 14.164391 -5.044777
v 2.695877 14.161974 -5.041793
v 2.694728 14.160397 -5.041670
v 2.690949 14.162774 -5.044607
v 0.122232 14.162774 -5.044607
v 0.118454 14.160397 -5.041670
v 0.117304 14.161974 -5.041793
v 0.121146 14.164391 -5.044777
v 2.716846 14.157065 -5.080765
v 2.716846 14.160791 -5.077748
v 2.719234 14.159289 -5.075892
v 2.719234 14.155563 -5.078910
v 2.716849 14.137796 -5.096369
v 2.716848 14.141523 -5.093352
v 2.719234 14.140020 -5.091497
v 2.719234 14.136294 -5.094515
v 2.716850 14.118526 -5.111974
v 2.716850 14.122252 -5.108956
v 2.719234 14.120752 -5.107102
v 2.719234 14.117026 -5.110121
v 2.716850 11.282406 -1.602038
v 2.716850 11.278679 -1.605054
v 2.719234 11.280179 -1.606907
v 2.719234 11.283905 -1.603890
v 2.716848 11.301675 -1.586433
v 2.716849 11.297949 -1.589450
v 2.719234 11.299451 -1.591305
v 2.719234 11.303178 -1.588288
v 2.716846 11.320945 -1.570829
v 2.716846 11.317217 -1.573847
v 2.719234 11.318720 -1.575702
v 2.719234 11.322447 -1.572685
v 0.096334 11.320945 -1.570829
v 0.096334 11.317217 -1.573847
v 0.093946 11.318720 -1.575702
v 0.093946 11.322447 -1.572685
v 0.096333 11.301675 -1.586433
v 0.096332 11.297949 -1.589450
v 0.093946 11.299451 -1.591305
v 0.093946 11.303178 -1.588288
v 0.096331 11.282406 -1.602038
v 0.096331 11.278679 -1.605054
v 0.093946 11.280179 -1.606907
v 0.093946 11.283905 -1.603890
v 0.096331 14.118526 -5.111974
v 0.096331 14.122252 -5.108956
v 0.093946 14.120752 -5.107102
v 0.093946 14.117026 -5.110121
v 0.096332 14.137796 -5.096369
v 0.096333 14.141523 -5.093352
v 0.093946 14.140020 -5.091497
v 0.093946 14.136294 -5.094515
v 0.096334 14.157065 -5.080765
v 0.096334 14.160791 -5.077748
v 0.093946 14.159289 -5.075892
v 0.093946 14.155563 -5.078910
v 0.095303 14.119040 -5.114753
v 0.095863 14.119238 -5.112853
v 0.095863 14.122966 -5.109836
v 0.095303 14.124865 -5.110034
v 0.095304 14.138308 -5.099148
v 0.095864 14.138508 -5.097249
v 0.095864 14.142234 -5.094232
v 0.095304 14.144135 -5.094431
v 0.095305 14.157578 -5.083545
v 0.095865 14.157778 -5.081644
v 0.095866 14.161504 -5.078627
v 0.095307 14.163404 -5.078826
v 0.091464 14.160986 -5.075840
v 0.092815 14.159583 -5.076257
v 0.092815 14.155857 -5.079274
v 0.091464 14.155160 -5.080559
v 0.091464 14.141719 -5.091446
v 0.092815 14.140315 -5.091862
v 0.092815 14.136590 -5.094880
v 0.091464 14.135892 -5.096166
v 0.091464 14.122450 -5.107051
v 0.092815 14.121048 -5.107467
v 0.092815 14.117322 -5.110485
v 0.091464 14.116622 -5.111770
v 0.095307 11.320433 -1.568050
v 0.095866 11.320232 -1.569950
v 0.095865 11.316506 -1.572968
v 0.095305 11.314606 -1.572768
v 0.095304 11.301162 -1.583654
v 0.095864 11.300964 -1.585554
v 0.095864 11.297236 -1.588571
v 0.095304 11.295335 -1.588371
v 0.095303 11.281894 -1.599257
v 0.095863 11.281694 -1.601158
v 0.095863 11.277968 -1.604175
v 0.095303 11.276067 -1.603976
v 0.091464 11.278482 -1.606958
v 0.092815 11.279885 -1.606543
v 0.092815 11.283612 -1.603526
v 0.091464 11.284309 -1.602241
v 0.091464 11.297752 -1.591356
v 0.092815 11.299154 -1.590941
v 0.092815 11.302880 -1.587923
v 0.091464 11.303579 -1.586637
v 0.091464 11.317023 -1.575753
v 0.092815 11.318425 -1.575338
v 0.092815 11.322151 -1.572321
v 0.091464 11.322851 -1.571035
v 2.721717 14.116622 -5.111770
v 2.720366 14.117322 -5.110485
v 2.720366 14.121048 -5.107467
v 2.721717 14.122450 -5.107051
v 2.721717 14.135892 -5.096166
v 2.720366 14.136590 -5.094880
v 2.720366 14.140315 -5.091862
v 2.721717 14.141719 -5.091446
v 2.721717 14.155160 -5.080559
v 2.720366 14.155857 -5.079274
v 2.720366 14.159583 -5.076257
v 2.721717 14.160986 -5.075840
v 2.717874 14.163404 -5.078826
v 2.717314 14.161504 -5.078627
v 2.717316 14.157778 -5.081644
v 2.717875 14.157578 -5.083545
v 2.717877 14.144135 -5.094431
v 2.717317 14.142234 -5.094232
v 2.717317 14.138508 -5.097249
v 2.717877 14.138308 -5.099148
v 2.717878 14.124865 -5.110034
v 2.717318 14.122966 -5.109836
v 2.717318 14.119238 -5.112853
v 2.717878 14.119040 -5.114753
v 2.721717 11.322851 -1.571035
v 2.720366 11.322151 -1.572321
v 2.720366 11.318425 -1.575338
v 2.721717 11.317023 -1.575753
v 2.721717 11.303579 -1.586637
v 2.720366 11.302880 -1.587923
v 2.720366 11.299154 -1.590941
v 2.721717 11.297752 -1.591356
v 2.721717 11.284309 -1.602241
v 2.720366 11.283612 -1.603526
v 2.720366 11.279885 -1.606543
v 2.721717 11.278482 -1.606958
v 2.717878 11.276067 -1.603976
v 2.717318 11.277968 -1.604175
v 2.717318 11.281694 -1.601158
v 2.717878 11.281894 -1.599257
v 2.717877 11.295335 -1.588371
v 2.717317 11.297236 -1.588571
v 2.717317 11.300964 -1.585554
v 2.717877 11.301162 -1.583654
v 2.717875 11.314606 -1.572768
v 2.717316 11.316506 -1.572968
v 2.717314 11.320232 -1.569950
v 2.717874 11.320433 -1.568050
v 2.720659 14.099606 -5.124197
v 2.721717 14.101289 -5.124190
v 2.717881 14.103703 -5.127172
v 2.716827 14.102018 -5.127176
v 2.716827 11.260377 -1.618042
v 2.717881 11.260731 -1.616395
v 2.721717 11.263145 -1.619377
v 2.720659 11.262789 -1.621020
v 0.092521 11.262789 -1.621020
v 0.091464 11.263145 -1.619377
v 0.095300 11.260731 -1.616395
v 0.096354 11.260377 -1.618042
v 0.096354 14.102018 -5.127176
v 0.095300 14.103703 -5.127172
v 0.091464 14.101289 -5.124190
v 0.092521 14.099606 -5.124197
v 2.711870 11.264526 -1.621083
v 2.712904 11.262855 -1.621101
v 2.716723 11.265256 -1.624068
v 2.715684 11.266929 -1.624048
v 0.097497 11.266929 -1.624048
v 0.096457 11.265256 -1.624068
v 0.100277 11.262855 -1.621101
v 0.101311 11.264526 -1.621083
v 0.101311 14.099907 -5.122484
v 0.100277 14.099541 -5.124117
v 0.096457 14.097137 -5.121150
v 0.097497 14.097507 -5.119519
v 2.715684 14.097507 -5.119519
v 2.716723 14.097137 -5.121150
v 2.712904 14.099541 -5.124117
v 2.711870 14.099907 -5.122484
v 2.716230 11.278131 -1.614265
v 2.712423 11.275734 -1.611306
v 0.100758 11.275734 -1.611306
v 2.716230 14.109403 -5.110597
v 0.096951 11.278131 -1.614265
v 0.096951 14.109403 -5.110597
v 0.100758 14.111800 -5.113554
v 2.712423 14.111800 -5.113554
v 2.656868 11.304296 -1.646817
v 0.156314 11.304296 -1.646817
v 0.152669 11.306644 -1.649716
v 0.152669 14.080656 -5.075335
v 0.156314 14.083003 -5.078233
v 2.656868 14.083003 -5.078233
v 2.660512 11.306644 -1.649716
v 2.660512 14.080656 -5.075335
v 2.663930 11.293636 -1.656807
v 2.660150 11.299033 -1.656362
v 2.656499 11.296682 -1.653459
v 2.660275 11.291276 -1.653893
v 0.152907 11.291276 -1.653893
v 0.156682 11.296682 -1.653459
v 0.153031 11.299033 -1.656362
v 0.149251 11.293636 -1.656807
v 0.149251 14.071014 -5.086583
v 0.153031 14.072572 -5.081396
v 0.156682 14.074924 -5.084299
v 0.152907 14.073375 -5.089499
v 2.660275 14.073375 -5.089499
v 2.656499 14.074924 -5.084299
v 2.660150 14.072572 -5.081396
v 2.663930 14.071014 -5.086583
v -5.506287 13.616512 -4.529626
v -5.504229 13.618113 -4.528331
v -5.504229 13.615217 -4.528028
v 5.502739 13.618113 -4.528331
v 5.504797 13.616512 -4.529626
v 5.502739 13.615217 -4.528028
v -5.504229 13.768095 -4.713546
v -5.506287 13.766497 -4.714841
v -5.504229 13.767792 -4.716440
v 5.504797 13.766498 -4.714841
v 5.502739 13.768095 -4.713546
v 5.502739 13.767790 -4.716440
v -5.504229 13.751771 -4.726765
v -5.504229 13.754665 -4.727070
v -5.506287 13.753371 -4.725471
v -5.506287 13.603386 -4.540257
v -5.504229 13.602091 -4.538657
v -5.504229 13.601788 -4.541550
v 5.502739 13.601788 -4.541550
v 5.502739 13.602091 -4.538657
v 5.504797 13.603386 -4.540256
v 5.504797 13.753371 -4.725471
v 5.502739 13.754665 -4.727070
v 5.502739 13.751771 -4.726765
v -5.504229 13.705485 -4.636229
v -5.504229 13.702894 -4.633031
v -5.506287 13.701298 -4.634326
v -5.506287 13.703886 -4.637524
v -5.504229 13.680721 -4.605649
v -5.506287 13.679123 -4.606944
v -5.506287 13.681713 -4.610141
v -5.504229 13.683312 -4.608847
v 5.502739 13.680721 -4.605649
v 5.502739 13.683312 -4.608847
v 5.504797 13.681713 -4.610141
v 5.504797 13.679123 -4.606944
v 5.502739 13.705485 -4.636229
v 5.504797 13.703886 -4.637524
v 5.504797 13.701298 -4.634326
v 5.502739 13.702894 -4.633031
v -5.504229 13.689160 -4.649448
v -5.506287 13.690760 -4.648153
v -5.506287 13.688169 -4.644956
v -5.506287 13.684973 -4.647544
v -5.504229 13.686268 -4.649144
v -5.504229 13.664398 -4.618869
v -5.504229 13.664094 -4.621762
v -5.506287 13.665389 -4.623361
v -5.506287 13.668587 -4.620771
v -5.506287 13.665998 -4.617573
v 5.502739 13.664398 -4.618869
v 5.504797 13.665998 -4.617573
v 5.504797 13.668587 -4.620771
v 5.504797 13.665389 -4.623361
v 5.502739 13.664094 -4.621762
v 5.502739 13.689160 -4.649448
v 5.502739 13.686268 -4.649144
v 5.504797 13.684973 -4.647544
v 5.504797 13.688169 -4.644956
v 5.504797 13.690760 -4.648153
v -5.506287 13.628209 -4.826825
v -5.504229 13.626610 -4.828120
v -5.504229 13.629503 -4.828424
v 5.502739 13.626610 -4.828120
v 5.504797 13.628209 -4.826825
v 5.502739 13.629503 -4.828424
v -5.504229 13.476626 -4.642905
v -5.506287 13.478224 -4.641610
v -5.504229 13.476930 -4.640011
v 5.504797 13.478224 -4.641610
v 5.502739 13.476626 -4.642905
v 5.502739 13.476930 -4.640011
v -5.504229 13.492950 -4.629685
v -5.504229 13.490055 -4.629382
v -5.506287 13.491351 -4.630980
v -5.506287 13.641335 -4.816195
v -5.504229 13.642628 -4.817794
v -5.504229 13.642934 -4.814900
v 5.502739 13.642934 -4.814900
v 5.502739 13.642628 -4.817794
v 5.504797 13.641335 -4.816195
v 5.504797 13.491351 -4.630980
v 5.502739 13.490055 -4.629382
v 5.502739 13.492950 -4.629685
v -5.504229 13.539235 -4.720222
v -5.504229 13.541825 -4.723420
v -5.506287 13.543425 -4.722126
v -5.506287 13.540834 -4.718928
v -5.504229 13.563998 -4.750803
v -5.506287 13.565598 -4.749507
v -5.506287 13.563009 -4.746310
v -5.504229 13.561411 -4.747603
v 5.502739 13.563998 -4.750803
v 5.502739 13.561411 -4.747603
v 5.504797 13.563009 -4.746310
v 5.504797 13.565598 -4.749507
v 5.502739 13.539235 -4.720222
v 5.504797 13.540834 -4.718928
v 5.504797 13.543425 -4.722126
v 5.502739 13.541825 -4.723420
v -5.504229 13.555561 -4.707003
v -5.506287 13.553962 -4.708298
v -5.506287 13.556551 -4.711496
v -5.506287 13.559749 -4.708906
v -5.504229 13.558455 -4.707308
v -5.504229 13.580323 -4.737583
v -5.504229 13.580627 -4.734689
v -5.506287 13.579332 -4.733090
v -5.506287 13.576136 -4.735680
v -5.506287 13.578724 -4.738878
v 5.502739 13.580323 -4.737583
v 5.504797 13.578724 -4.738878
v 5.504797 13.576136 -4.735680
v 5.504797 13.579332 -4.733090
v 5.502739 13.580627 -4.734689
v 5.502739 13.555561 -4.707003
v 5.502739 13.558455 -4.707308
v 5.504797 13.559749 -4.708906
v 5.504797 13.556551 -4.711496
v 5.504797 13.553962 -4.708298
v -5.506287 11.568754 -2.000855
v -5.504229 11.570352 -1.999561
v -5.504229 11.567460 -1.999257
v 5.502739 11.570352 -1.999561
v 5.504797 11.568754 -2.000855
v 5.502739 11.567460 -1.999257
v -5.504229 11.720337 -2.184776
v -5.506287 11.718738 -2.186070
v -5.504229 11.720032 -2.187669
v 5.504797 11.718738 -2.186070
v 5.502739 11.720337 -2.184776
v 5.502739 11.720032 -2.187669
v -5.504229 11.704011 -2.197995
v -5.504229 11.706906 -2.198299
v -5.506287 11.705611 -2.196700
v -5.506287 11.555628 -2.011485
v -5.504229 11.554333 -2.009886
v -5.504229 11.554028 -2.012780
v 5.502739 11.554028 -2.012780
v 5.502739 11.554333 -2.009887
v 5.504797 11.555628 -2.011485
v 5.504797 11.705611 -2.196700
v 5.502739 11.706905 -2.198299
v 5.502739 11.704011 -2.197995
v -5.504229 11.657725 -2.107458
v -5.504229 11.655136 -2.104260
v -5.506287 11.653539 -2.105555
v -5.506287 11.656128 -2.108753
v -5.504229 11.632963 -2.076878
v -5.506287 11.631365 -2.078173
v -5.506287 11.633953 -2.081371
v -5.504229 11.635552 -2.080077
v 5.502739 11.632963 -2.076878
v 5.502739 11.635552 -2.080077
v 5.504797 11.633953 -2.081371
v 5.504797 11.631365 -2.078172
v 5.502739 11.657725 -2.107458
v 5.504797 11.656128 -2.108753
v 5.504797 11.653539 -2.105554
v 5.502739 11.655136 -2.104260
v -5.504229 11.641401 -2.120677
v -5.506287 11.643002 -2.119382
v -5.506287 11.640412 -2.116184
v -5.506287 11.637213 -2.118774
v -5.504229 11.638508 -2.120373
v -5.504229 11.616639 -2.090097
v -5.504229 11.616334 -2.092991
v -5.506287 11.617629 -2.094590
v -5.506287 11.620827 -2.092001
v -5.506287 11.618239 -2.088803
v 5.502739 11.616638 -2.090097
v 5.504797 11.618237 -2.088802
v 5.504797 11.620827 -2.092001
v 5.504797 11.617629 -2.094590
v 5.502739 11.616334 -2.092991
v 5.502739 11.641401 -2.120677
v 5.502739 11.638508 -2.120373
v 5.504797 11.637213 -2.118774
v 5.504797 11.640409 -2.116184
v 5.504797 11.643000 -2.119382
v -5.506287 11.580449 -2.298054
v -5.504229 11.578851 -2.299349
v -5.504229 11.581744 -2.299652
v 5.502739 11.578851 -2.299349
v 5.504797 11.580449 -2.298054
v 5.502739 11.581744 -2.299652
v -5.504229 11.428866 -2.114134
v -5.506287 11.430466 -2.112840
v -5.504229 11.429172 -2.111240
v 5.504797 11.430466 -2.112840
v 5.502739 11.428866 -2.114134
v 5.502739 11.429172 -2.111240
v -5.504229 11.445191 -2.100914
v -5.504229 11.442298 -2.100610
v -5.506287 11.443592 -2.102210
v -5.506287 11.593575 -2.287424
v -5.504229 11.594871 -2.289023
v -5.504229 11.595175 -2.286130
v 5.502739 11.595175 -2.286130
v 5.502739 11.594871 -2.289023
v 5.504797 11.593575 -2.287424
v 5.504797 11.443592 -2.102210
v 5.502739 11.442298 -2.100610
v 5.502739 11.445191 -2.100914
v -5.504229 11.491477 -2.191452
v -5.504229 11.494067 -2.194649
v -5.506287 11.495667 -2.193355
v -5.506287 11.493077 -2.190156
v -5.504229 11.516240 -2.222031
v -5.506287 11.517839 -2.220736
v -5.506287 11.515250 -2.217539
v -5.504229 11.513651 -2.218833
v 5.502739 11.516240 -2.222031
v 5.502739 11.513651 -2.218833
v 5.504797 11.515250 -2.217538
v 5.504797 11.517839 -2.220736
v 5.502739 11.491477 -2.191451
v 5.504797 11.493077 -2.190156
v 5.504797 11.495667 -2.193355
v 5.502739 11.494067 -2.194649
v -5.504229 11.507802 -2.178232
v -5.506287 11.506202 -2.179527
v -5.506287 11.508791 -2.182725
v -5.506287 11.511991 -2.180136
v -5.504229 11.510695 -2.178536
v -5.504229 11.532563 -2.208812
v -5.504229 11.532868 -2.205919
v -5.506287 11.531573 -2.204319
v -5.506287 11.528377 -2.206909
v -5.506287 11.530966 -2.210107
v 5.502739 11.532563 -2.208812
v 5.504797 11.530966 -2.210107
v 5.504797 11.528376 -2.206909
v 5.504797 11.531573 -2.204319
v 5.502739 11.532868 -2.205919
v 5.502739 11.507801 -2.178232
v 5.502739 11.510695 -2.178536
v 5.504797 11.511991 -2.180136
v 5.504797 11.508791 -2.182725
v 5.504797 11.506202 -2.179527
v 5.485291 14.148640 -5.051178
v 5.489020 14.146293 -5.048280
v 2.912746 14.146293 -5.048280
v 2.916475 14.148639 -5.051177
v 5.489020 11.341984 -1.585246
v 5.485291 11.339637 -1.582350
v 2.916475 11.339637 -1.582350
v 2.912746 11.341984 -1.585246
v 5.507269 11.321922 -1.568323
v 5.511069 11.324313 -1.571276
v 5.511069 14.156285 -5.068468
v 5.507269 14.158676 -5.071422
v 2.894497 14.158676 -5.071421
v 2.890697 14.156285 -5.068468
v 2.890697 11.324312 -1.571275
v 2.894497 11.321922 -1.568323
v 5.489020 11.352529 -1.576724
v 5.485280 11.350174 -1.573816
v 5.485280 14.159176 -5.042645
v 5.489020 14.156822 -5.039738
v 2.912746 14.156821 -5.039737
v 2.916487 14.159176 -5.042645
v 2.916487 11.350173 -1.573816
v 2.912746 11.352528 -1.576724
v 5.516010 11.336821 -1.554846
v 5.512166 11.334403 -1.551860
v 5.510993 11.336020 -1.552030
v 5.514860 11.338453 -1.555034
v 5.514860 14.175112 -5.058014
v 5.510993 14.177544 -5.061021
v 5.512166 14.177375 -5.062636
v 5.516010 14.174956 -5.059650
v 2.890773 14.177544 -5.061021
v 2.886907 14.175112 -5.058014
v 2.885756 14.174956 -5.059650
v 2.889601 14.177375 -5.062636
v 2.886907 11.338452 -1.555034
v 2.890773 11.336020 -1.552030
v 2.889601 11.334401 -1.551859
v 2.885756 11.336821 -1.554845
v 5.486329 14.162006 -5.041833
v 5.490170 14.159588 -5.038847
v 5.489020 14.158011 -5.038725
v 5.485241 14.160391 -5.041662
v 2.911596 14.159588 -5.038846
v 2.915438 14.162006 -5.041833
v 2.916525 14.160389 -5.041662
v 2.912746 14.158011 -5.038724
v 2.915438 11.351557 -1.571217
v 2.911596 11.353975 -1.574202
v 2.912746 11.353765 -1.575771
v 2.916525 11.351387 -1.572833
v 5.485241 11.351388 -1.572834
v 5.489020 11.353766 -1.575770
v 5.490170 11.353975 -1.574202
v 5.486329 11.351558 -1.571217
v 2.890627 11.314832 -1.570901
v 2.890627 11.318558 -1.567884
v 2.888240 11.320062 -1.569739
v 2.888239 11.316336 -1.572756
v 2.890625 11.295562 -1.586505
v 2.890625 11.299290 -1.583487
v 2.888240 11.300791 -1.585342
v 2.888239 11.297065 -1.588359
v 2.890623 11.276294 -1.602108
v 2.890623 11.280020 -1.599091
v 2.888240 11.281520 -1.600944
v 2.888239 11.277794 -1.603961
v 2.890623 14.119869 -5.106010
v 2.890623 14.116140 -5.109028
v 2.888239 14.114642 -5.107175
v 2.888240 14.118368 -5.104156
v 2.890625 14.139136 -5.090406
v 2.890625 14.135411 -5.093424
v 2.888239 14.133909 -5.091570
v 2.888240 14.137636 -5.088552
v 2.890627 14.158406 -5.074802
v 2.890627 14.154679 -5.077820
v 2.888239 14.153177 -5.075964
v 2.888240 14.156902 -5.072947
v 5.511139 14.158406 -5.074802
v 5.511139 14.154679 -5.077820
v 5.513527 14.153177 -5.075965
v 5.513527 14.156903 -5.072948
v 5.511141 14.139136 -5.090406
v 5.511141 14.135411 -5.093424
v 5.513527 14.133909 -5.091570
v 5.513527 14.137636 -5.088552
v 5.511143 14.119869 -5.106010
v 5.511143 14.116140 -5.109028
v 5.513527 14.114642 -5.107175
v 5.513527 14.118368 -5.104158
v 5.511143 11.276294 -1.602108
v 5.511143 11.280020 -1.599091
v 5.513527 11.281520 -1.600944
v 5.513527 11.277794 -1.603961
v 5.511141 11.295562 -1.586505
v 5.511141 11.299290 -1.583488
v 5.513527 11.300792 -1.585343
v 5.513527 11.297065 -1.588359
v 5.511139 11.314832 -1.570901
v 5.511139 11.318558 -1.567884
v 5.513527 11.320062 -1.569739
v 5.513527 11.316336 -1.572756
v 5.512172 11.273683 -1.601029
v 5.511612 11.275582 -1.601230
v 5.511611 11.279309 -1.598213
v 5.512171 11.279509 -1.596311
v 5.512169 11.292952 -1.585427
v 5.511610 11.294851 -1.585626
v 5.511610 11.298577 -1.582609
v 5.512169 11.298778 -1.580708
v 5.512168 11.312221 -1.569822
v 5.511608 11.314120 -1.570022
v 5.511608 11.317847 -1.567003
v 5.512167 11.318048 -1.565103
v 5.516010 11.320465 -1.568090
v 5.514658 11.319767 -1.569375
v 5.514658 11.316040 -1.572392
v 5.516010 11.314637 -1.572807
v 5.516010 11.301193 -1.583693
v 5.514658 11.300496 -1.584978
v 5.514658 11.296770 -1.587995
v 5.516010 11.295368 -1.588411
v 5.516010 11.281923 -1.599294
v 5.514658 11.281227 -1.600581
v 5.514658 11.277500 -1.603597
v 5.516010 11.276098 -1.604012
v 5.512167 14.161018 -5.075881
v 5.511608 14.159120 -5.075682
v 5.511608 14.155392 -5.078700
v 5.512168 14.155191 -5.080599
v 5.512169 14.141750 -5.091486
v 5.511610 14.139850 -5.091286
v 5.511610 14.136123 -5.094304
v 5.512169 14.135923 -5.096204
v 5.512171 14.122480 -5.107089
v 5.511611 14.120580 -5.106889
v 5.511612 14.116854 -5.109907
v 5.512172 14.116655 -5.111807
v 5.516010 14.114239 -5.108826
v 5.514658 14.114937 -5.107540
v 5.514658 14.118662 -5.104522
v 5.516010 14.120065 -5.104107
v 5.516010 14.133507 -5.093220
v 5.514658 14.134205 -5.091935
v 5.514658 14.137931 -5.088916
v 5.516010 14.139333 -5.088501
v 5.516010 14.152775 -5.077614
v 5.514658 14.153472 -5.076329
v 5.514658 14.157198 -5.073312
v 5.516010 14.158602 -5.072896
v 2.885756 11.276097 -1.604012
v 2.887108 11.277499 -1.603598
v 2.887108 11.281225 -1.600580
v 2.885756 11.281922 -1.599295
v 2.885756 11.295366 -1.588410
v 2.887108 11.296769 -1.587995
v 2.887108 11.300496 -1.584977
v 2.885756 11.301193 -1.583693
v 2.885756 11.314636 -1.572807
v 2.887108 11.316040 -1.572391
v 2.887108 11.319767 -1.569374
v 2.885756 11.320465 -1.568090
v 2.889599 11.318046 -1.565103
v 2.890158 11.317847 -1.567003
v 2.890158 11.314119 -1.570021
v 2.889598 11.312220 -1.569822
v 2.889597 11.298778 -1.580708
v 2.890157 11.298577 -1.582609
v 2.890157 11.294851 -1.585626
v 2.889597 11.292950 -1.585427
v 2.889595 11.279509 -1.596311
v 2.890155 11.279309 -1.598212
v 2.890154 11.275582 -1.601229
v 2.889595 11.273683 -1.601029
v 2.885756 14.158602 -5.072896
v 2.887108 14.157198 -5.073311
v 2.887108 14.153472 -5.076328
v 2.885756 14.152775 -5.077614
v 2.885756 14.139333 -5.088500
v 2.887108 14.137931 -5.088916
v 2.887108 14.134205 -5.091935
v 2.885756 14.133507 -5.093220
v 2.885756 14.120065 -5.104107
v 2.887108 14.118662 -5.104522
v 2.887108 14.114937 -5.107540
v 2.885756 14.114239 -5.108825
v 2.889595 14.116655 -5.111807
v 2.890154 14.116854 -5.109907
v 2.890155 14.120580 -5.106889
v 2.889595 14.122480 -5.107089
v 2.889597 14.135923 -5.096203
v 2.890157 14.136123 -5.094303
v 2.890157 14.139850 -5.091286
v 2.889597 14.141748 -5.091486
v 2.889598 14.155191 -5.080599
v 2.890158 14.155392 -5.078700
v 2.890158 14.159118 -5.075682
v 2.889599 14.161018 -5.075881
v 2.886814 11.260403 -1.618075
v 2.885756 11.260758 -1.616431
v 2.889593 11.258345 -1.613449
v 2.890646 11.257991 -1.615096
v 2.890646 14.099632 -5.124231
v 2.889593 14.101317 -5.124226
v 2.885756 14.098904 -5.121244
v 2.886814 14.097221 -5.121252
v 5.514953 14.097221 -5.121253
v 5.516010 14.098904 -5.121244
v 5.512173 14.101317 -5.124226
v 5.511120 14.099632 -5.124231
v 5.511120 11.257991 -1.615096
v 5.512173 11.258345 -1.613450
v 5.516010 11.260759 -1.616431
v 5.514953 11.260403 -1.618075
v 2.895604 14.097522 -5.119538
v 2.894569 14.097157 -5.121171
v 2.890750 14.094752 -5.118204
v 2.891789 14.095119 -5.116574
v 5.509977 14.095119 -5.116574
v 5.511016 14.094752 -5.118204
v 5.507197 14.097157 -5.121171
v 5.506163 14.097522 -5.119539
v 5.506163 11.262141 -1.618138
v 5.507197 11.260468 -1.618155
v 5.511016 11.262871 -1.621124
v 5.509977 11.264543 -1.621101
v 2.891789 11.264542 -1.621102
v 2.890750 11.262871 -1.621124
v 2.894569 11.260468 -1.618155
v 2.895604 11.262141 -1.618137
v 2.891243 14.107018 -5.107651
v 2.895050 14.109414 -5.110610
v 5.506716 14.109414 -5.110610
v 2.891243 11.275743 -1.611318
v 5.510523 14.107018 -5.107651
v 5.510523 11.275743 -1.611318
v 5.506716 11.273349 -1.608360
v 2.895050 11.273347 -1.608361
v 2.950607 14.080618 -5.075288
v 5.451159 14.080618 -5.075288
v 5.454805 14.078272 -5.072389
v 5.454805 11.304258 -1.646770
v 5.451159 11.301911 -1.643871
v 2.950607 11.301911 -1.643871
v 2.946961 14.078272 -5.072389
v 2.946961 11.304258 -1.646770
v 2.943545 14.068629 -5.083639
v 2.947324 14.070189 -5.078451
v 2.950974 14.072538 -5.081354
v 2.947200 14.070991 -5.086553
v 5.454567 14.070991 -5.086553
v 5.450792 14.072539 -5.081354
v 5.454442 14.070189 -5.078451
v 5.458222 14.068629 -5.083639
v 5.458222 11.291250 -1.653861
v 5.454442 11.296649 -1.653415
v 5.450792 11.294297 -1.650513
v 5.454567 11.288891 -1.650948
v 2.947200 11.288890 -1.650947
v 2.950974 11.294297 -1.650513
v 2.947324 11.296649 -1.653415
v 2.943545 11.291249 -1.653861
vn -0.0000 0.6293 -0.7772
vn -0.0000 -0.7771 -0.6293
vn -0.0000 -0.6293 0.7771
vn -0.0000 0.7771 0.6293
vn -0.0000 0.6293 -0.7771
vn -1.0000 -0.0000 -0.0000
vn -0.0000 -0.6293 0.7772
vn -0.0000 -0.6294 0.7771
vn 1.0000 -0.0000 -0.0000
vn -0.0000 0.6294 -0.7771
vn 0.5774 0.0855 0.8120
vn 0.5770 0.8123 -0.0852
vn -0.5775 0.0854 0.8119
vn -0.5774 0.8120 -0.0855
vn -0.5774 -0.8120 0.0853
vn 0.5774 -0.8120 0.0853
vn 0.5776 -0.0854 -0.8118
vn -0.5776 -0.0852 -0.8119
vn -0.0000 0.1048 0.9945
vn -0.0000 0.1047 0.9945
vn 0.0001 0.9945 -0.1044
vn 0.0001 0.9945 -0.1045
vn -0.0000 0.9945 -0.1044
vn -0.3665 -0.8231 0.4339
vn 0.3665 -0.8231 0.4339
vn 0.3666 0.2534 -0.8952
vn -0.3666 0.2533 -0.8952
vn -0.5773 -0.8121 0.0851
vn -0.5774 -0.0853 -0.8120
vn 0.5773 -0.8121 0.0851
vn 0.5773 -0.0857 -0.8120
vn 0.5774 0.0856 0.8120
vn -0.5774 0.0855 0.8120
vn -0.5774 0.8120 -0.0853
vn 0.5774 0.8120 -0.0852
vn -0.0000 -0.9946 0.1043
vn -0.0000 -0.1047 -0.9945
vn 0.0001 -0.1047 -0.9945
vn -0.0000 -0.1046 -0.9945
vn 0.3665 -0.2533 0.8953
vn -0.3666 -0.2533 0.8953
vn -0.3665 0.8231 -0.4339
vn 0.3665 0.8230 -0.4339
vn 0.7070 0.5496 0.4450
vn -0.0000 0.9945 -0.1045
vn -0.7071 0.5496 0.4450
vn -0.0000 -0.9945 0.1044
vn 0.7071 -0.5495 -0.4450
vn -0.0000 -0.1045 -0.9945
vn -0.7071 -0.5495 -0.4450
vn -0.7072 -0.4449 0.5494
vn -0.7071 0.4450 -0.5495
vn 0.7071 0.4450 -0.5495
vn 0.7072 -0.4450 0.5495
vn -0.7070 -0.5496 -0.4451
vn -0.0000 -0.1048 -0.9945
vn 0.7070 -0.5496 -0.4451
vn -0.7071 0.5495 0.4450
vn 0.7071 0.5495 0.4450
vn 0.7072 -0.4449 0.5495
vn 0.7072 0.4449 -0.5495
vn -0.7072 0.4449 -0.5494
vn -0.7072 0.5494 0.4449
vn -0.7071 -0.4450 0.5495
vn 0.7070 -0.4451 0.5496
vn 0.7070 0.4451 -0.5496
vn -0.7072 0.4449 -0.5495
vn -0.9397 -0.0000 0.3420
vn -0.5000 -0.0000 0.8660
vn -0.1736 -0.0000 0.9848
vn 0.7660 -0.0000 0.6428
vn 0.9397 -0.0000 0.3420
vn -0.1736 -0.0000 -0.9848
vn -0.5000 -0.0000 -0.8660
vn -0.7661 -0.0000 -0.6428
vn -0.9397 -0.0000 -0.3420
vn 0.5000 -0.0000 0.8660
vn 0.1736 -0.0000 -0.9848
vn 0.1737 -0.0000 0.9848
vn 0.5000 -0.0000 -0.8660
vn -0.1737 -0.0000 0.9848
vn 0.7661 -0.0000 -0.6428
vn 0.9397 -0.0000 -0.3420
vn -0.7660 -0.0000 0.6428
vn -0.0000 -1.0000 -0.0000
vn -0.6593 -0.7125 -0.2400
vn -0.7017 -0.7125 -0.0000
vn -0.6594 -0.7125 -0.2400
vn -0.5375 -0.7125 -0.4510
vn -0.3509 -0.7125 -0.6077
vn -0.3508 -0.7125 -0.6077
vn -0.1218 -0.7125 -0.6910
vn 0.1218 -0.7125 -0.6910
vn 0.3509 -0.7125 -0.6077
vn 0.3508 -0.7125 -0.6077
vn 0.5375 -0.7125 -0.4510
vn 0.6593 -0.7125 -0.2400
vn 0.6594 -0.7125 -0.2400
vn 0.7017 -0.7125 -0.0000
vn 0.6593 -0.7125 0.2400
vn 0.6594 -0.7125 0.2400
vn 0.5375 -0.7125 0.4510
vn 0.3509 -0.7125 0.6077
vn 0.3508 -0.7125 0.6077
vn 0.1218 -0.7125 0.6910
vn 0.1219 -0.7125 0.6910
vn -0.1218 -0.7125 0.6910
vn -0.1219 -0.7125 0.6910
vn -0.3508 -0.7125 0.6077
vn -0.5375 -0.7125 0.4511
vn -0.5375 -0.7125 0.4510
vn -0.6593 -0.7125 0.2400
vn -0.6594 -0.7125 0.2400
vn -0.6594 0.7125 -0.2400
vn -0.7017 0.7125 -0.0000
vn -0.6593 0.7125 -0.2400
vn -0.5375 0.7125 -0.4510
vn -0.3508 0.7125 -0.6077
vn -0.3509 0.7125 -0.6077
vn -0.1218 0.7125 -0.6910
vn 0.1218 0.7125 -0.6910
vn 0.3508 0.7125 -0.6077
vn 0.3509 0.7125 -0.6077
vn 0.5375 0.7125 -0.4510
vn 0.6594 0.7125 -0.2400
vn 0.6593 0.7125 -0.2400
vn 0.7017 0.7125 -0.0000
vn 0.6594 0.7125 0.2400
vn 0.6593 0.7125 0.2400
vn 0.5375 0.7125 0.4510
vn 0.3508 0.7125 0.6077
vn 0.3509 0.7125 0.6077
vn 0.1219 0.7125 0.6910
vn 0.1218 0.7125 0.6910
vn -0.1219 0.7125 0.6910
vn -0.1218 0.7125 0.6910
vn -0.3508 0.7125 0.6077
vn -0.3509 0.7125 0.6077
vn -0.5375 0.7125 0.4510
vn -0.5375 0.7125 0.4511
vn -0.6594 0.7125 0.2400
vn -0.6593 0.7125 0.2400
vn -0.9659 -0.0000 0.2588
vn -0.7071 -0.0000 0.7071
vn 0.7071 -0.0000 0.7071
vn 0.9659 -0.0000 0.2588
vn -0.0000 -0.0000 -1.0000
vn -0.0000 -0.0000 1.0000
vn 0.9659 -0.0000 -0.2588
vn 0.7071 -0.0000 -0.7071
vn -0.0000 1.0000 -0.0000
vn -0.7038 -0.6686 -0.2400
vn -0.7235 -0.6903 -0.0000
vn -0.7038 -0.6686 0.2401
vn -0.5598 -0.6686 -0.4895
vn -0.1440 -0.6686 -0.7295
vn -0.3617 -0.6904 -0.6265
vn 0.1440 -0.6686 -0.7295
vn 0.5598 -0.6686 -0.4895
vn 0.3617 -0.6904 -0.6265
vn 0.7038 -0.6686 -0.2400
vn 0.7038 -0.6686 0.2400
vn 0.7235 -0.6904 -0.0000
vn 0.5598 -0.6686 0.4895
vn 0.1440 -0.6686 0.7295
vn 0.3617 -0.6904 0.6265
vn -0.1440 -0.6686 0.7295
vn -0.5598 -0.6686 0.4895
vn -0.3617 -0.6904 0.6265
vn -0.7038 0.6686 -0.2400
vn -0.7038 0.6686 0.2400
vn -0.7235 0.6903 -0.0000
vn -0.5598 0.6686 -0.4895
vn -0.3617 0.6904 -0.6265
vn -0.1440 0.6686 -0.7295
vn 0.1440 0.6686 -0.7295
vn 0.3617 0.6904 -0.6265
vn 0.5598 0.6686 -0.4895
vn 0.7038 0.6686 -0.2400
vn 0.7235 0.6903 -0.0000
vn 0.7038 0.6686 0.2400
vn 0.5598 0.6686 0.4895
vn 0.3617 0.6904 0.6265
vn 0.1440 0.6686 0.7295
vn -0.1440 0.6686 0.7295
vn -0.3617 0.6904 0.6265
vn -0.5598 0.6686 0.4895
vn -0.9659 -0.0000 -0.2588
vn -0.7071 -0.0000 -0.7071
vn 0.7660 -0.0000 -0.6428
vn -0.7660 -0.0000 -0.6428
vn 0.1736 -0.0000 0.9848
vn -0.3508 0.7125 -0.6076
vn 0.3508 0.7125 -0.6076
vn -0.3509 -0.7125 0.6077
vn 0.7038 -0.6686 -0.2401
vn 0.7235 -0.6903 -0.0000
vn 0.7038 0.6686 0.2401
vn -0.7235 0.6904 -0.0000
vn -0.7235 -0.6904 -0.0000
vn -0.7038 -0.6686 0.2400
vn 0.7235 0.6904 -0.0000
vn -0.3618 -0.6904 0.6265
vn -0.3618 0.6904 0.6265
vn -0.3508 0.7125 0.6076
vn -0.7038 0.6686 -0.2401
vn -0.1305 -0.0000 0.9914
vn -0.2588 -0.0000 0.9659
vn -0.3827 -0.0000 0.9239
vn -0.6088 -0.0000 0.7934
vn -0.7934 -0.0000 0.6088
vn -0.8660 -0.0000 0.5000
vn -0.9239 -0.0000 0.3827
vn -0.9914 -0.0000 0.1305
vn -0.9914 -0.0000 -0.1305
vn -0.9239 -0.0000 -0.3827
vn -0.8660 -0.0000 -0.5000
vn -0.7934 -0.0000 -0.6088
vn -0.6088 -0.0000 -0.7934
vn -0.3827 -0.0000 -0.9239
vn -0.2588 -0.0000 -0.9659
vn -0.1305 -0.0000 -0.9914
vn 0.1305 -0.0000 -0.9914
vn 0.2588 -0.0000 -0.9659
vn 0.3827 -0.0000 -0.9239
vn 0.6088 -0.0000 -0.7934
vn 0.7934 -0.0000 -0.6088
vn 0.8660 -0.0000 -0.5000
vn 0.9239 -0.0000 -0.3827
vn 0.9914 -0.0000 -0.1305
vn 0.9914 -0.0000 0.1305
vn 0.9239 -0.0000 0.3827
vn 0.8660 -0.0000 0.5000
vn 0.7934 -0.0000 0.6088
vn 0.6088 -0.0000 0.7934
vn 0.3827 -0.0000 0.9239
vn 0.2588 -0.0000 0.9659
vn 0.1305 -0.0000 0.9914
vn -0.5774 0.5773 0.5773
vn 0.5774 0.5773 0.5773
vn -0.5774 0.5773 -0.5773
vn 0.5774 0.5773 -0.5773
vn -0.5774 -0.5773 -0.5773
vn -0.5774 -0.5773 0.5773
vn 0.5774 -0.5773 0.5773
vn 0.5774 -0.5773 -0.5773
vn -0.7071 0.7071 -0.0000
vn -0.0000 0.7071 0.7071
vn 0.7071 0.7071 -0.0000
vn -0.0000 0.7071 -0.7071
vn -0.7071 -0.7071 -0.0000
vn -0.0000 -0.7071 0.7071
vn 0.7071 -0.7071 -0.0000
vn -0.0000 -0.7071 -0.7071
vn 0.7106 -0.0000 -0.7036
vn 0.7131 -0.0000 -0.7010
vn 0.7191 -0.0000 -0.6949
vn -0.5678 0.5961 -0.5678
vn -0.7036 -0.0000 0.7106
vn -0.6949 -0.0000 0.7191
vn -0.7010 -0.0000 0.7131
vn -0.5333 0.6567 0.5332
vn -0.9628 0.2702 -0.0091
vn -0.9771 0.2126 -0.0071
vn -0.0071 0.2126 -0.9771
vn -0.0091 0.2702 -0.9628
vn 0.5332 0.6567 -0.5333
vn -0.0160 0.4760 -0.8793
vn -0.8793 0.4760 -0.0160
vn 0.9771 0.2126 0.0071
vn 0.9628 0.2702 0.0091
vn 0.8793 0.4760 0.0160
vn 0.0091 0.2702 0.9628
vn 0.0071 0.2126 0.9771
vn 0.0160 0.4760 0.8793
vn -0.5332 0.6567 0.5333
vn 0.5333 0.6567 -0.5332
vn 0.7036 -0.0000 -0.7106
vn 0.7010 -0.0000 -0.7131
vn -0.7131 -0.0000 0.7010
vn -0.7106 -0.0000 0.7036
vn 0.6949 -0.0000 -0.7191
vn 0.5678 0.5961 0.5678
vn -0.7191 -0.0000 0.6949
vn 0.7036 -0.0000 0.7106
vn 0.7010 -0.0000 0.7131
vn 0.6949 -0.0000 0.7191
vn 0.5678 0.5961 -0.5678
vn -0.7106 -0.0000 -0.7036
vn -0.7191 -0.0000 -0.6949
vn -0.7131 -0.0000 -0.7010
vn -0.5332 0.6567 -0.5333
vn 0.0091 0.2702 -0.9628
vn 0.0071 0.2126 -0.9771
vn 0.9771 0.2126 -0.0071
vn 0.9628 0.2702 -0.0091
vn 0.5333 0.6567 0.5332
vn 0.8793 0.4760 -0.0160
vn 0.0160 0.4760 -0.8793
vn -0.7036 -0.0000 -0.7106
vn -0.7010 -0.0000 -0.7131
vn -0.6949 -0.0000 -0.7191
vn -0.5678 0.5961 0.5678
vn 0.7106 -0.0000 0.7036
vn 0.7191 -0.0000 0.6949
vn 0.7131 -0.0000 0.7010
vn 0.5332 0.6567 0.5333
vn -0.0091 0.2702 0.9628
vn -0.0071 0.2126 0.9771
vn -0.9771 0.2126 0.0071
vn -0.9628 0.2702 0.0091
vn -0.5333 0.6567 -0.5332
vn -0.8793 0.4760 0.0160
vn -0.0160 0.4760 0.8793
vn -0.0000 0.4632 0.8862
vn -0.0000 0.2385 0.9711
vn -0.0000 0.1585 0.9874
vn -0.0000 -0.9782 -0.2079
vn -0.0000 -0.9986 0.0523
vn 0.9766 -0.2046 0.0665
vn 0.9766 -0.1804 0.1171
vn 0.9766 -0.1439 0.1598
vn 0.9766 -0.0976 0.1916
vn 0.9766 -0.0447 0.2104
vn 0.9766 0.0113 0.2148
vn 0.9766 0.0665 0.2046
vn 0.9766 0.1171 0.1804
vn 0.9766 0.1598 0.1439
vn 0.9766 0.1916 0.0976
vn 0.9766 0.2104 0.0447
vn 0.9766 0.2148 -0.0113
vn 0.9766 0.2045 -0.0665
vn 0.9766 0.1804 -0.1171
vn 0.9766 0.1439 -0.1598
vn 0.9766 0.0976 -0.1916
vn 0.9766 0.0447 -0.2104
vn 0.9766 -0.0113 -0.2148
vn 0.9766 -0.0665 -0.2045
vn 0.9766 -0.1171 -0.1804
vn 0.9766 -0.1598 -0.1439
vn -0.7079 -0.6294 -0.3207
vn -0.7078 -0.6909 -0.1469
vn 0.9766 -0.2148 0.0113
vn 0.7079 -0.6909 -0.1469
vn 0.7079 -0.6294 -0.3207
vn -0.7079 -0.7054 0.0370
vn 0.7079 -0.7054 0.0370
vn -0.7079 -0.6718 0.2183
vn 0.7079 -0.6718 0.2183
vn -0.7079 -0.5924 0.3847
vn 0.7079 -0.5924 0.3847
vn -0.7079 -0.4726 0.5249
vn 0.7079 -0.4726 0.5249
vn -0.7079 -0.3207 0.6294
vn 0.7079 -0.3207 0.6294
vn -0.7079 -0.1469 0.6909
vn 0.7079 -0.1469 0.6909
vn -0.7079 0.0370 0.7054
vn 0.7079 0.0370 0.7054
vn -0.7079 0.2183 0.6718
vn 0.7079 0.2183 0.6718
vn -0.7079 0.3847 0.5924
vn 0.7079 0.3847 0.5924
vn -0.7079 0.5249 0.4726
vn 0.7079 0.5249 0.4726
vn -0.7079 0.6294 0.3207
vn 0.7079 0.6294 0.3207
vn -0.7079 0.6909 0.1469
vn 0.7079 0.6909 0.1469
vn -0.7079 0.7054 -0.0370
vn 0.7079 0.7054 -0.0370
vn -0.7079 0.6718 -0.2183
vn 0.7079 0.6718 -0.2183
vn -0.7079 0.5924 -0.3847
vn 0.7079 0.5924 -0.3847
vn -0.7079 0.4726 -0.5249
vn 0.7079 0.4726 -0.5249
vn -0.7079 0.3207 -0.6294
vn 0.7079 0.3207 -0.6294
vn -0.7079 0.1469 -0.6909
vn 0.7079 0.1469 -0.6909
vn -0.7079 -0.0370 -0.7054
vn 0.7079 -0.0370 -0.7054
vn -0.7079 -0.2183 -0.6718
vn 0.7079 -0.2183 -0.6718
vn -0.7079 -0.3847 -0.5924
vn 0.7079 -0.3847 -0.5924
vn -0.7079 -0.5249 -0.4726
vn 0.7079 -0.5249 -0.4726
vn -0.9766 -0.2148 0.0113
vn -0.9766 -0.2104 -0.0447
vn -0.6087 -0.5610 0.5610
vn 0.6087 -0.5610 0.5610
vn -0.6643 0.3459 0.6627
vn -0.7075 0.1933 0.6798
vn -0.7156 0.1539 0.6813
vn -0.7359 0.0002 0.6771
vn 0.7156 0.1539 0.6813
vn 0.7075 0.1933 0.6798
vn 0.6643 0.3459 0.6627
vn 0.7359 0.0002 0.6771
vn -0.0000 -0.8910 -0.4540
vn -0.0000 -0.5446 -0.8387
vn -0.0000 -0.7431 -0.6691
vn -0.0000 -0.3090 -0.9511
vn -0.0000 -0.0523 -0.9986
vn -0.0000 0.2079 -0.9781
vn -0.0000 0.4540 -0.8910
vn -0.0000 0.6691 -0.7431
vn -0.0000 0.8387 -0.5446
vn -0.0000 0.9511 -0.3090
vn -0.0000 0.9986 -0.0523
vn -0.0000 0.9781 0.2079
vn -0.0000 0.8910 0.4540
vn -0.0000 0.7431 0.6691
vn -0.0000 0.5446 0.8387
vn -0.0000 0.3090 0.9511
vn -0.0000 0.0523 0.9986
vn -0.0000 -0.2079 0.9781
vn -0.0000 -0.4540 0.8910
vn -0.0000 -0.6691 0.7431
vn -0.0000 -0.8387 0.5446
vn -0.0000 -0.9511 0.3090
vn 0.9766 -0.2104 -0.0447
vn 0.9766 -0.1916 -0.0976
vn -0.9766 -0.1916 -0.0976
vn -0.9766 -0.1598 -0.1439
vn -0.9766 -0.1171 -0.1804
vn -0.9766 -0.0665 -0.2045
vn -0.9766 -0.0113 -0.2148
vn -0.9766 0.0447 -0.2104
vn -0.9766 0.0976 -0.1916
vn -0.9766 0.1439 -0.1598
vn -0.9766 0.1804 -0.1171
vn -0.9766 0.2045 -0.0665
vn -0.9766 0.2148 -0.0113
vn -0.9766 0.2104 0.0447
vn -0.9766 0.1916 0.0976
vn -0.9766 0.1598 0.1439
vn -0.9766 0.1171 0.1804
vn -0.9766 0.0665 0.2046
vn -0.9766 0.0113 0.2148
vn -0.9766 -0.0447 0.2104
vn -0.9766 -0.0976 0.1916
vn -0.9766 -0.1439 0.1598
vn -0.9766 -0.1804 0.1171
vn -0.9766 -0.2046 0.0665
vn -0.6290 -0.6926 -0.3529
vn -0.6290 -0.7604 -0.1616
vn -0.6290 -0.6927 -0.3529
vn 0.6290 -0.7604 -0.1616
vn 0.6290 -0.6926 -0.3529
vn 0.6290 -0.6927 -0.3529
vn 0.6290 -0.5777 -0.5202
vn -0.6290 -0.5777 -0.5202
vn -0.6290 -0.4234 -0.6520
vn 0.6290 -0.4234 -0.6520
vn -0.6290 -0.2402 -0.7393
vn 0.6290 -0.2402 -0.7393
vn -0.6290 -0.0407 -0.7763
vn 0.6290 -0.0407 -0.7763
vn -0.6290 0.1616 -0.7604
vn 0.6290 0.1616 -0.7604
vn -0.6290 0.3529 -0.6927
vn 0.6290 0.3529 -0.6927
vn -0.6290 0.5202 -0.5777
vn 0.6290 0.5202 -0.5777
vn -0.6290 0.6520 -0.4234
vn 0.6290 0.6520 -0.4234
vn -0.6290 0.7393 -0.2402
vn 0.6290 0.7393 -0.2402
vn -0.6291 0.7763 -0.0407
vn 0.6291 0.7763 -0.0407
vn -0.6291 0.7604 0.1616
vn 0.6291 0.7604 0.1616
vn -0.6290 0.6927 0.3529
vn 0.6290 0.6926 0.3529
vn -0.6290 0.5777 0.5202
vn 0.6290 0.5777 0.5202
vn -0.6290 0.4234 0.6520
vn 0.6290 0.4234 0.6520
vn -0.6290 0.2402 0.7393
vn 0.6290 0.2402 0.7393
vn -0.6290 0.0407 0.7763
vn 0.6290 0.0407 0.7763
vn -0.6290 -0.1616 0.7604
vn 0.6290 -0.1616 0.7604
vn -0.6290 -0.3529 0.6927
vn 0.6290 -0.3529 0.6927
vn -0.6290 -0.5202 0.5777
vn 0.6290 -0.5202 0.5777
vn -0.6290 -0.6520 0.4234
vn 0.6290 -0.6520 0.4234
vn -0.6290 -0.7393 0.2402
vn 0.6290 -0.7393 0.2402
vn -0.6290 -0.7763 0.0407
vn 0.6290 -0.7763 0.0407
vn -0.0000 -0.8853 -0.4651
vn 0.7261 -0.6137 -0.3103
vn -0.7260 -0.6137 -0.3103
vn -0.7261 0.6137 -0.3103
vn 0.7261 0.6137 -0.3103
vn -0.0000 0.8853 -0.4651
vn -0.0000 0.3020 -0.9533
vn 1.0000 -0.0001 -0.0001
vn 1.0000 0.0002 -0.0000
vn 1.0000 0.0003 0.0002
vn 1.0000 0.0001 -0.0001
vn -0.0000 0.1564 -0.9877
vn -0.0000 -0.4067 0.9135
vn -0.1024 -0.7731 -0.6260
vn 0.1024 -0.7731 -0.6260
vn 1.0000 -0.0002 -0.0002
vn 1.0000 -0.0002 -0.0001
vn -0.0000 -0.8697 0.4936
vn 1.0000 -0.0000 0.0001
vn -0.0000 -0.8090 0.5878
vn -0.0000 -0.9336 0.3584
vn -0.0000 -0.1564 0.9877
vn -0.0000 0.1045 0.9945
vn -0.0000 0.3584 0.9336
vn -0.0000 0.5878 0.8090
vn -0.0000 0.9135 0.4068
vn -0.0000 0.9877 0.1564
vn -0.0000 0.9336 -0.3584
vn -0.0000 0.8090 -0.5878
vn -0.0000 0.4067 -0.9135
vn -0.0000 -0.3584 -0.9336
vn -0.0000 -0.5878 -0.8090
vn -0.0000 -0.9135 -0.4067
vn -0.0000 -0.9877 -0.1564
vn -0.0000 -0.9945 0.1045
vn -0.0000 -0.9336 0.3583
vn -0.0000 0.7772 0.6293
vn -0.0000 0.9877 0.1565
vn -0.0000 -0.3583 -0.9336
vn -0.0000 0.4068 -0.9135
vn 0.7166 -0.6307 0.2979
vn 0.7109 -0.6408 0.2898
vn 0.6172 -0.7677 0.1724
vn -0.7165 0.1602 -0.6789
vn -0.7108 0.1502 -0.6872
vn -0.6170 0.0089 -0.7869
vn 0.7108 0.1502 -0.6871
vn 0.7166 0.1602 -0.6789
vn 0.6170 0.0089 -0.7869
vn -0.7108 -0.6409 0.2899
vn -0.7165 -0.6307 0.2979
vn -0.6169 -0.7678 0.1726
vn 0.3048 -0.7402 -0.5994
vn -0.7396 0.2032 -0.6416
vn 0.7397 -0.5852 0.3321
vn 0.7397 0.2032 -0.6416
vn 0.7102 -0.5695 0.4138
vn 0.7102 -0.4430 0.5471
vn 0.7102 -0.5696 0.4138
vn 0.7102 -0.6572 0.2523
vn 0.7301 -0.6765 0.0961
vn 0.7431 -0.6673 0.0502
vn 0.6385 -0.7485 -0.1789
vn 0.7300 -0.6808 -0.0606
vn 0.6335 -0.7239 -0.2734
vn 0.6790 -0.6554 -0.3308
vn 0.7101 -0.5472 -0.4431
vn 0.6335 -0.4179 -0.6512
vn 0.6790 -0.4599 -0.5723
vn 0.6385 -0.3306 -0.6950
vn 0.7299 -0.2008 -0.6533
vn 0.7300 -0.0466 -0.6818
vn 0.7430 -0.0896 -0.6633
vn 0.7101 0.1101 -0.6954
vn 0.7101 0.2864 -0.6432
vn 0.7102 0.4431 -0.5471
vn 0.7102 0.4431 -0.5472
vn 0.7101 0.5696 -0.4138
vn 0.7102 0.6573 -0.2523
vn 0.7102 0.6572 -0.2523
vn 0.7301 0.6766 -0.0961
vn 0.7430 0.6674 -0.0502
vn 0.6384 0.7486 0.1789
vn 0.7299 0.6809 0.0606
vn 0.6334 0.7239 0.2735
vn 0.6789 0.6554 0.3309
vn 0.7101 0.5472 0.4431
vn 0.6335 0.4180 0.6512
vn 0.6789 0.4599 0.5723
vn 0.6385 0.3306 0.6950
vn 0.7299 0.2008 0.6534
vn 0.7300 0.0467 0.6818
vn 0.7430 0.0896 0.6633
vn 0.7102 -0.1101 0.6954
vn 0.7102 -0.2863 0.6431
vn 0.7101 -0.5696 0.4139
vn 0.7101 -0.4431 0.5472
vn 0.7101 -0.6573 0.2523
vn 0.7300 -0.6767 0.0961
vn 0.7429 -0.6675 0.0503
vn 0.7299 -0.6809 -0.0605
vn 0.6334 -0.7239 -0.2734
vn 0.6789 -0.6555 -0.3309
vn 0.6790 -0.4598 -0.5723
vn 0.7300 -0.0467 -0.6818
vn 0.7101 0.4431 -0.5472
vn 0.7102 0.5696 -0.4138
vn 0.7300 0.6766 -0.0961
vn 0.7430 0.6674 -0.0503
vn 0.6384 0.7487 0.1789
vn 0.7299 0.6808 0.0606
vn 0.6332 0.7240 0.2735
vn 0.6789 0.6555 0.3309
vn 0.6333 0.4180 0.6513
vn 0.6789 0.4600 0.5723
vn 0.6384 0.3307 0.6950
vn 0.7300 0.0466 0.6818
vn 0.7101 -0.2864 0.6432
vn 0.7101 -0.5696 0.4138
vn 0.7102 -0.4431 0.5471
vn 0.7430 -0.6674 0.0503
vn 0.6789 -0.6554 -0.3308
vn 0.6335 -0.4180 -0.6512
vn 0.6789 -0.4599 -0.5723
vn 0.7299 -0.2008 -0.6534
vn 0.7300 -0.0467 -0.6819
vn 0.7102 0.5695 -0.4138
vn 0.7300 0.6767 -0.0961
vn 0.6385 0.7485 0.1789
vn 0.7300 0.6808 0.0606
vn 0.6334 0.4180 0.6512
vn 0.6790 0.4599 0.5722
vn 0.7300 0.2008 0.6533
vn 0.7101 -0.1101 0.6954
vn 0.7102 -0.6573 0.2523
vn 0.7241 -0.6840 0.0880
vn 0.7294 -0.6816 0.0585
vn 0.6887 -0.7096 -0.1492
vn 0.7180 -0.6916 -0.0788
vn 0.6808 -0.6779 -0.2774
vn 0.6913 -0.6524 -0.3105
vn 0.6334 -0.4180 -0.6512
vn 0.7102 0.1101 -0.6954
vn 0.7101 0.6573 -0.2523
vn 0.7299 0.6767 -0.0961
vn 0.7429 0.6675 -0.0502
vn 0.6335 0.7239 0.2734
vn 0.6790 0.6553 0.3309
vn 0.6787 0.4124 0.6077
vn 0.6904 0.4407 0.5737
vn 0.6866 0.2956 0.6642
vn 0.7188 0.2195 0.6597
vn 0.7246 0.0554 0.6869
vn 0.7304 0.0848 0.6778
vn 0.7299 -0.6768 0.0962
vn 0.6384 -0.7486 -0.1789
vn 0.7298 -0.6809 -0.0606
vn 0.6334 -0.7239 -0.2735
vn 0.6386 -0.3306 -0.6950
vn 0.7300 -0.2008 -0.6533
vn 0.7300 -0.0466 -0.6819
vn 0.6335 0.7238 0.2735
vn 0.6386 0.3306 0.6950
vn 0.7429 -0.6675 0.0502
vn 0.7298 -0.6810 -0.0606
vn 0.6335 -0.4179 -0.6511
vn 0.6386 -0.3306 -0.6949
vn 0.7102 0.2864 -0.6432
vn 0.7101 0.5696 -0.4139
vn 0.7298 0.6809 0.0606
vn 0.6335 0.7238 0.2734
vn 0.6790 0.6554 0.3308
vn 0.6790 0.4599 0.5723
vn 0.7300 0.0467 0.6819
vn 0.7429 0.0896 0.6633
vn 0.7102 -0.2864 0.6432
vn 0.7102 -0.2863 0.6432
vn 0.7101 -0.4431 0.5471
vn 0.7299 -0.6767 0.0961
vn 0.6809 -0.4122 -0.6054
vn 0.6914 -0.4394 -0.5736
vn 0.6888 -0.2934 -0.6629
vn 0.7181 -0.2209 -0.6599
vn 0.7242 -0.0561 -0.6873
vn 0.7295 -0.0844 -0.6788
vn 0.7102 0.2863 -0.6432
vn 0.7101 0.6574 -0.2523
vn 0.7246 0.6835 -0.0886
vn 0.7303 0.6807 -0.0579
vn 0.6866 0.7111 0.1511
vn 0.7188 0.6909 0.0775
vn 0.6788 0.6801 0.2770
vn 0.6905 0.6527 0.3118
vn -0.7298 -0.6810 -0.0606
vn -0.7429 -0.6675 0.0503
vn -0.7299 -0.6767 0.0961
vn -0.6384 -0.7486 -0.1789
vn -0.7101 -0.6573 0.2523
vn -0.7101 -0.5696 0.4138
vn -0.7101 -0.5696 0.4139
vn -0.7101 -0.4431 0.5471
vn -0.7101 -0.4431 0.5472
vn -0.7102 -0.2864 0.6432
vn -0.7102 -0.4431 0.5471
vn -0.7102 -0.2863 0.6432
vn -0.7102 -0.1101 0.6954
vn -0.7300 0.0467 0.6819
vn -0.7429 0.0896 0.6633
vn -0.6385 0.3306 0.6950
vn -0.7299 0.2008 0.6534
vn -0.6790 0.4599 0.5723
vn -0.6334 0.4180 0.6512
vn -0.7101 0.5472 0.4431
vn -0.6790 0.6554 0.3309
vn -0.6334 0.7239 0.2735
vn -0.7297 0.6811 0.0606
vn -0.6384 0.7486 0.1789
vn -0.7429 0.6676 -0.0502
vn -0.7299 0.6767 -0.0961
vn -0.7101 0.6573 -0.2523
vn -0.7101 0.5696 -0.4139
vn -0.7102 0.4431 -0.5471
vn -0.7102 0.2864 -0.6432
vn -0.7101 0.1101 -0.6954
vn -0.7430 -0.0896 -0.6633
vn -0.7300 -0.0467 -0.6819
vn -0.7300 -0.2008 -0.6533
vn -0.6386 -0.3306 -0.6949
vn -0.6790 -0.4598 -0.5723
vn -0.6335 -0.4179 -0.6511
vn -0.7101 -0.5472 -0.4431
vn -0.6789 -0.6555 -0.3309
vn -0.6333 -0.7239 -0.2735
vn -0.7300 -0.6767 0.0961
vn -0.7429 -0.6675 0.0502
vn -0.7102 -0.5696 0.4138
vn -0.7102 -0.6572 0.2523
vn -0.7101 -0.2864 0.6432
vn -0.7101 -0.1101 0.6954
vn -0.7430 0.0896 0.6633
vn -0.7300 0.0467 0.6818
vn -0.6789 0.4599 0.5723
vn -0.6790 0.6554 0.3308
vn -0.6335 0.7238 0.2735
vn -0.7299 0.6808 0.0606
vn -0.6385 0.7485 0.1789
vn -0.7300 0.6767 -0.0961
vn -0.7430 0.6674 -0.0502
vn -0.7102 0.5696 -0.4138
vn -0.7101 0.4431 -0.5472
vn -0.7101 0.2864 -0.6432
vn -0.7300 -0.0466 -0.6819
vn -0.6789 -0.4599 -0.5723
vn -0.6335 -0.4180 -0.6512
vn -0.6789 -0.6554 -0.3308
vn -0.6334 -0.7239 -0.2735
vn -0.7299 -0.6809 -0.0606
vn -0.7430 -0.6674 0.0503
vn -0.7102 -0.6573 0.2523
vn -0.7102 -0.4431 0.5472
vn -0.7304 0.0848 0.6778
vn -0.7246 0.0554 0.6869
vn -0.7188 0.2195 0.6596
vn -0.6866 0.2956 0.6642
vn -0.6904 0.4407 0.5737
vn -0.6787 0.4124 0.6077
vn -0.6790 0.6553 0.3309
vn -0.6335 0.7239 0.2734
vn -0.7101 0.5696 -0.4138
vn -0.7299 -0.2008 -0.6534
vn -0.6790 -0.4599 -0.5723
vn -0.6335 -0.4179 -0.6512
vn -0.7101 -0.5471 -0.4431
vn -0.6914 -0.6524 -0.3105
vn -0.6809 -0.6779 -0.2773
vn -0.7180 -0.6916 -0.0788
vn -0.6887 -0.7095 -0.1492
vn -0.7294 -0.6816 0.0585
vn -0.7241 -0.6840 0.0880
vn -0.7102 -0.5695 0.4138
vn -0.7300 0.0466 0.6818
vn -0.6790 0.4599 0.5722
vn -0.6788 0.6555 0.3310
vn -0.6333 0.7240 0.2735
vn -0.7300 0.6808 0.0606
vn -0.6385 0.7486 0.1789
vn -0.7300 0.6766 -0.0961
vn -0.7102 0.6572 -0.2523
vn -0.7102 0.5695 -0.4138
vn -0.7100 0.4431 -0.5472
vn -0.7101 0.2864 -0.6433
vn -0.6385 -0.3306 -0.6950
vn -0.7100 -0.5472 -0.4431
vn -0.6384 0.3307 0.6951
vn -0.6789 0.4600 0.5723
vn -0.6333 0.4180 0.6513
vn -0.6789 0.6554 0.3309
vn -0.7431 0.6673 -0.0503
vn -0.7301 0.6766 -0.0961
vn -0.7300 -0.0467 -0.6818
vn -0.7299 -0.2008 -0.6533
vn -0.7102 -0.5471 -0.4431
vn -0.6790 -0.6554 -0.3308
vn -0.6334 -0.7239 -0.2734
vn -0.7102 -0.4430 0.5471
vn -0.7102 -0.2863 0.6431
vn -0.7299 0.6809 0.0606
vn -0.7102 0.2863 -0.6432
vn -0.6335 -0.7239 -0.2734
vn -0.7299 -0.6808 -0.0606
vn -0.6385 -0.7485 -0.1789
vn -0.7430 -0.6674 0.0502
vn -0.7301 -0.6766 0.0961
vn -0.7397 -0.5853 0.3321
vn -0.6914 -0.4394 -0.5736
vn -0.6809 -0.4122 -0.6054
vn -0.7181 -0.2208 -0.6599
vn -0.6888 -0.2934 -0.6629
vn -0.7295 -0.0844 -0.6788
vn -0.7242 -0.0561 -0.6873
vn -0.7102 0.1101 -0.6954
vn -0.7102 0.2863 -0.6431
vn -0.7303 0.6806 -0.0580
vn -0.7246 0.6835 -0.0886
vn -0.7188 0.6909 0.0775
vn -0.6866 0.7112 0.1511
vn -0.6904 0.6527 0.3118
vn -0.6787 0.6801 0.2770
vn -0.6335 0.4180 0.6512
vn -0.3048 -0.7402 -0.5994
vn 1.0000 0.0004 0.0003
vn 0.7101 -0.5905 0.3835
vn 0.7101 -0.4711 0.5232
vn -0.7101 0.6273 0.3196
vn -0.7101 0.5232 0.4711
vn -0.7101 -0.5905 0.3835
vn -0.7101 -0.6696 0.2176
vn -0.7101 0.3835 0.5905
vn -0.7101 -0.7031 0.0368
vn -0.7101 -0.6887 -0.1464
vn -0.7101 -0.6273 -0.3196
vn -0.7101 -0.6273 -0.3197
vn -0.7101 -0.5233 -0.4711
vn -0.7101 -0.3835 -0.5905
vn -0.7101 -0.2176 -0.6696
vn -0.7101 -0.0369 -0.7031
vn -0.7101 0.1464 -0.6887
vn 0.7101 0.3196 -0.6273
vn 0.7101 0.1464 -0.6887
vn 0.7101 -0.0369 -0.7031
vn 0.7101 -0.2176 -0.6696
vn 0.7101 -0.3835 -0.5905
vn 0.7101 -0.5233 -0.4711
vn 0.7101 -0.6273 -0.3196
vn 0.7101 -0.6887 -0.1464
vn 0.7101 -0.7031 0.0368
vn 0.7101 -0.6696 0.2176
vn -0.7101 0.7031 -0.0369
vn -0.7101 0.6887 0.1464
vn 0.7101 -0.3196 0.6273
vn 0.7101 -0.1464 0.6887
vn 0.7101 0.0369 0.7031
vn 0.7101 0.2176 0.6696
vn 0.7101 0.3835 0.5905
vn 0.7101 0.5232 0.4711
vn 0.7101 0.6273 0.3196
vn 0.7101 0.6887 0.1464
vn 0.7101 0.7031 -0.0369
vn 0.7101 0.6696 -0.2176
vn 0.7101 0.5905 -0.3835
vn 0.7101 0.4711 -0.5232
vn -0.7101 0.2176 0.6696
vn 0.7101 0.7002 -0.0736
vn 0.7101 0.6954 0.1101
vn 0.7101 0.6432 0.2864
vn 0.7102 0.5471 0.4431
vn 0.7101 0.4139 0.5696
vn 0.7101 0.4138 0.5696
vn 0.7101 0.2523 0.6573
vn 0.7101 0.0736 0.7002
vn 0.7101 -0.7002 0.0736
vn 0.7102 -0.6954 -0.1102
vn 0.7102 -0.6432 -0.2864
vn 0.7101 -0.4139 -0.5696
vn 0.7102 -0.2523 -0.6573
vn 0.7101 -0.0736 -0.7002
vn -0.7101 -0.0736 -0.7002
vn -0.7101 -0.2523 -0.6573
vn -0.7101 -0.4139 -0.5696
vn -0.7102 -0.5472 -0.4431
vn -0.7102 -0.6431 -0.2864
vn -0.7102 -0.6954 -0.1102
vn -0.7101 -0.7002 0.0736
vn -0.7101 0.0736 0.7002
vn -0.7101 0.2523 0.6573
vn -0.7101 0.4139 0.5696
vn -0.7101 0.4138 0.5696
vn -0.7102 0.5471 0.4431
vn -0.7102 0.6432 0.2864
vn -0.7101 0.6954 0.1101
vn -0.7101 0.7002 -0.0736
vn -0.7101 0.3196 -0.6273
vn -0.7101 0.4711 -0.5232
vn -0.7101 0.6696 -0.2176
vn -0.7101 0.0369 0.7031
vn -0.7101 -0.1464 0.6887
vn -0.7101 -0.3196 0.6273
vn -0.7101 -0.4711 0.5232
vn -0.7101 0.5905 -0.3835
vn -0.0000 -0.7772 -0.6293
vn -0.0000 -0.9135 -0.4068
vn -0.0000 -0.9877 -0.1565
vn -0.0000 0.9135 0.4067
vn -0.0000 -0.7432 -0.6691
vn -0.0000 -0.9781 -0.2079
vn -0.0000 0.4696 -0.8829
vn -0.0000 -0.2758 0.9612
vn -0.0000 0.6168 0.7871
vn -0.0000 0.4097 0.9122
vn -0.0000 0.7878 0.6160
vn -0.0000 -0.4067 -0.9136
vn -0.6891 -0.2947 -0.6620
vn -0.0000 -0.8747 0.4847
vn -0.0000 -0.9612 -0.2758
vn 0.7071 0.6763 -0.2067
vn 0.7071 0.5571 0.4356
vn 0.7231 0.4228 0.5463
vn 0.7227 0.4308 0.5405
vn 0.7071 0.3321 -0.6243
vn 0.6891 -0.2947 -0.6620
vn 0.7341 0.0424 0.6777
vn 0.7343 0.0521 0.6768
vn 0.7071 -0.6797 -0.1950
vn 0.7071 -0.1950 0.6797
vn 0.7072 -0.6184 0.3427
vn -0.0000 0.9563 -0.2922
vn -0.7071 0.6763 -0.2067
vn -0.7071 0.5571 0.4356
vn -0.7227 0.4308 0.5405
vn -0.7230 0.4228 0.5463
vn -0.7071 0.3321 -0.6243
vn -0.7341 0.0424 0.6777
vn -0.7343 0.0521 0.6768
vn -0.7071 -0.6797 -0.1950
vn -0.7071 -0.1950 0.6797
vn -0.7071 -0.6185 0.3427
vn -0.3090 -0.0000 0.9511
vn -0.5878 -0.0000 0.8090
vn -0.9511 -0.0000 0.3090
vn -0.9969 -0.0000 0.0785
vn -0.0064 0.9966 0.0819
vn 0.0064 0.9966 0.0819
vn 0.0263 0.9964 0.0810
vn 0.0501 0.9964 0.0689
vn 0.0689 0.9964 0.0501
vn 0.0810 0.9964 0.0263
vn 0.0819 0.9966 0.0064
vn 0.0819 0.9966 -0.0064
vn 0.0810 0.9964 -0.0263
vn 0.0689 0.9964 -0.0501
vn 0.0501 0.9964 -0.0689
vn 0.0263 0.9964 -0.0810
vn 0.0064 0.9966 -0.0819
vn -0.0064 0.9966 -0.0819
vn -0.0263 0.9964 -0.0810
vn -0.0501 0.9964 -0.0689
vn -0.0689 0.9964 -0.0501
vn -0.0810 0.9964 -0.0263
vn -0.0819 0.9966 -0.0064
vn -0.0819 0.9966 0.0064
vn -0.0810 0.9964 0.0263
vn -0.0689 0.9964 0.0501
vn -0.0501 0.9964 0.0689
vn -0.0263 0.9964 0.0810
vn 0.5878 -0.0000 0.8090
vn 0.3090 -0.0000 0.9511
vn -0.8090 -0.0000 0.5878
vn 0.9511 -0.0000 0.3090
vn 0.8090 -0.0000 0.5878
vn 0.5878 -0.0000 -0.8090
vn 0.8090 -0.0000 -0.5878
vn -0.0785 -0.0000 -0.9969
vn 0.0785 -0.0000 -0.9969
vn 0.9846 0.1569 0.0775
vn 0.9846 0.1569 -0.0775
vn 0.9486 0.3076 -0.0747
vn 0.9486 0.3076 0.0747
vn 0.9049 0.3078 0.2940
vn 0.8084 0.5852 0.0636
vn 0.7714 0.5850 0.2506
vn 0.5899 0.8061 0.0464
vn 0.5643 0.8050 0.1833
vn 0.3142 0.9490 0.0247
vn 0.3040 0.9475 0.0988
vn 0.7698 0.3078 0.5593
vn 0.6562 0.5850 0.4767
vn 0.4800 0.8050 0.3488
vn 0.2586 0.9475 0.1879
vn 0.5593 0.3078 0.7698
vn 0.4767 0.5850 0.6562
vn 0.3488 0.8050 0.4800
vn 0.1879 0.9475 0.2586
vn 0.2940 0.3078 0.9049
vn 0.2506 0.5850 0.7714
vn 0.1833 0.8050 0.5643
vn 0.0988 0.9475 0.3040
vn 0.0747 0.3076 0.9486
vn 0.0636 0.5852 0.8084
vn 0.0464 0.8061 0.5899
vn 0.0247 0.9490 0.3142
vn -0.9486 0.3076 0.0747
vn -0.9049 0.3078 0.2940
vn -0.7714 0.5850 0.2506
vn -0.8084 0.5852 0.0636
vn -0.5643 0.8050 0.1833
vn -0.5899 0.8061 0.0464
vn -0.3040 0.9475 0.0988
vn -0.3142 0.9490 0.0247
vn -0.7698 0.3078 0.5593
vn -0.6562 0.5850 0.4767
vn -0.4800 0.8050 0.3488
vn -0.2586 0.9475 0.1879
vn -0.5593 0.3078 0.7698
vn -0.4767 0.5850 0.6562
vn -0.3488 0.8050 0.4800
vn -0.1879 0.9475 0.2586
vn -0.2940 0.3078 0.9049
vn -0.2506 0.5850 0.7714
vn -0.1833 0.8050 0.5643
vn -0.0988 0.9475 0.3040
vn -0.0775 0.1569 0.9846
vn 0.0775 0.1569 0.9846
vn -0.0747 0.3076 0.9486
vn -0.0636 0.5852 0.8084
vn -0.0464 0.8061 0.5899
vn -0.0247 0.9490 0.3142
vn 0.9391 0.1583 -0.3051
vn 0.9049 0.3078 -0.2940
vn 0.2940 0.3078 -0.9049
vn 0.0747 0.3076 -0.9486
vn 0.0636 0.5852 -0.8084
vn 0.2506 0.5850 -0.7714
vn 0.0464 0.8061 -0.5899
vn 0.1833 0.8050 -0.5643
vn 0.0247 0.9490 -0.3142
vn 0.0988 0.9475 -0.3040
vn 0.5593 0.3078 -0.7698
vn 0.4767 0.5850 -0.6562
vn 0.3488 0.8050 -0.4800
vn 0.1879 0.9475 -0.2586
vn 0.7698 0.3078 -0.5593
vn 0.6562 0.5850 -0.4767
vn 0.4800 0.8050 -0.3488
vn 0.2586 0.9475 -0.1879
vn 0.7714 0.5850 -0.2506
vn 0.5643 0.8050 -0.1833
vn 0.3040 0.9475 -0.0988
vn 0.8084 0.5852 -0.0636
vn 0.5899 0.8061 -0.0464
vn 0.3142 0.9490 -0.0247
vn -0.0747 0.3076 -0.9486
vn -0.2940 0.3078 -0.9049
vn -0.2506 0.5850 -0.7714
vn -0.0636 0.5852 -0.8084
vn -0.1833 0.8050 -0.5643
vn -0.0464 0.8061 -0.5899
vn -0.0988 0.9475 -0.3040
vn -0.0247 0.9490 -0.3142
vn -0.5593 0.3078 -0.7698
vn -0.4767 0.5850 -0.6562
vn -0.3488 0.8050 -0.4800
vn -0.1879 0.9475 -0.2586
vn -0.7698 0.3078 -0.5593
vn -0.6562 0.5850 -0.4767
vn -0.4800 0.8050 -0.3488
vn -0.2586 0.9475 -0.1879
vn -0.9049 0.3078 -0.2940
vn -0.7714 0.5850 -0.2506
vn -0.5643 0.8050 -0.1833
vn -0.3040 0.9475 -0.0988
vn 0.0775 0.1569 -0.9846
vn -0.0775 0.1569 -0.9846
vn -0.9486 0.3076 -0.0747
vn -0.8084 0.5852 -0.0636
vn -0.5899 0.8061 -0.0464
vn -0.3142 0.9490 -0.0247
vn -0.9846 0.1569 0.0775
vn -0.9391 0.1583 0.3051
vn -0.3051 0.1583 -0.9391
vn 0.3051 0.1583 -0.9391
vn 0.9969 -0.0000 -0.0785
vn 0.9969 -0.0000 0.0785
vn -0.9969 -0.0000 -0.0785
vn -0.9511 -0.0000 -0.3090
vn -0.0785 -0.0000 0.9969
vn 0.7988 0.1583 0.5804
vn 0.9391 0.1583 0.3051
vn -0.3090 -0.0000 -0.9511
vn 0.5804 0.1583 -0.7988
vn -0.7988 0.1583 0.5804
vn 0.9511 -0.0000 -0.3090
vn -0.5804 0.1583 -0.7988
vn -0.0756 -0.0000 0.9971
vn -0.3063 -0.0000 0.9519
vn -0.9519 -0.0000 0.3063
vn -0.9971 -0.0000 0.0756
vn -0.3063 -0.0000 -0.9519
vn -0.0756 -0.0000 -0.9971
vn -0.5878 -0.0000 -0.8090
vn 0.3063 -0.0000 -0.9519
vn 0.9519 -0.0000 -0.3063
vn 0.9971 -0.0000 -0.0756
vn 0.9971 -0.0000 0.0756
vn -0.9971 -0.0000 -0.0756
vn -0.9519 -0.0000 -0.3063
vn 0.9519 -0.0000 0.3063
vn -0.8090 -0.0000 -0.5878
vn 0.0756 -0.0000 -0.9971
vn 0.3063 -0.0000 0.9519
vn 0.0756 -0.0000 0.9971
vn 0.7988 0.1583 -0.5804
vn -0.9391 0.1583 -0.3051
vn -0.9846 0.1569 -0.0775
vn 0.3051 0.1583 0.9391
vn 0.5804 0.1583 0.7988
vn -0.3051 0.1583 0.9391
vn 0.0785 -0.0000 0.9969
vn -0.7988 0.1583 -0.5804
vn -0.5804 0.1583 0.7988
vn 0.3090 -0.0000 -0.9511
vn 0.7194 -0.6541 0.2337
vn 0.7571 -0.6506 0.0596
vn 0.6119 -0.6541 0.4446
vn 0.4446 -0.6541 0.6120
vn 0.2337 -0.6541 0.7194
vn 0.0596 -0.6506 0.7571
vn -0.7571 -0.6506 0.0596
vn -0.7194 -0.6541 0.2337
vn -0.6119 -0.6541 0.4446
vn -0.4446 -0.6541 0.6119
vn -0.2337 -0.6541 0.7194
vn -0.0596 -0.6506 0.7571
vn 0.2337 -0.6541 -0.7194
vn 0.0596 -0.6506 -0.7571
vn 0.4446 -0.6541 -0.6119
vn 0.6119 -0.6541 -0.4446
vn 0.7194 -0.6541 -0.2337
vn 0.7571 -0.6506 -0.0596
vn -0.0596 -0.6506 -0.7571
vn -0.2337 -0.6541 -0.7194
vn -0.4446 -0.6541 -0.6120
vn -0.6119 -0.6541 -0.4446
vn -0.7194 -0.6541 -0.2337
vn -0.7571 -0.6506 -0.0596
vn -0.2171 0.7115 0.6683
vn -0.0554 0.7082 0.7038
vn -0.7038 0.7082 0.0554
vn -0.6683 0.7115 0.2172
vn -0.0554 0.7082 -0.7038
vn -0.2171 0.7115 -0.6683
vn -0.4130 0.7115 -0.5685
vn 0.4130 0.7115 -0.5685
vn 0.2171 0.7115 -0.6683
vn 0.6683 0.7115 -0.2172
vn 0.5685 0.7115 -0.4130
vn 0.7038 0.7082 0.0554
vn 0.7038 0.7082 -0.0554
vn -0.7038 0.7082 -0.0554
vn -0.5685 0.7115 0.4130
vn -0.4130 0.7115 0.5685
vn -0.6683 0.7115 -0.2172
vn 0.6683 0.7115 0.2172
vn 0.4130 0.7115 0.5685
vn 0.5685 0.7115 0.4130
vn -0.5685 0.7115 -0.4130
vn 0.0554 0.7082 -0.7038
vn 0.0554 0.7082 0.7038
vn 0.2171 0.7115 0.6683
vn 0.0001 0.7771 0.6293
vn -0.0001 -0.7771 -0.6293
vn 0.5776 0.0854 0.8119
vn 0.5772 0.8121 -0.0851
vn -0.5775 0.0855 0.8119
vn -0.5773 0.8120 -0.0857
vn -0.5777 -0.8118 0.0853
vn 0.5776 -0.8118 0.0853
vn 0.5776 -0.0854 -0.8119
vn -0.5776 -0.0853 -0.8119
vn -0.0000 0.1046 0.9945
vn -0.0000 0.9945 -0.1046
vn 0.3666 0.2533 -0.8952
vn -0.3666 0.2531 -0.8953
vn -0.5774 -0.8120 0.0851
vn 0.5774 -0.0857 -0.8119
vn 0.5772 0.0857 0.8121
vn -0.5772 0.0857 0.8121
vn -0.5772 0.8121 -0.0855
vn 0.5772 0.8122 -0.0851
vn -0.0000 -0.9946 0.1042
vn 0.0001 -0.1048 -0.9945
vn 0.3665 -0.2534 0.8952
vn -0.3666 -0.2534 0.8952
vn -0.3666 0.8230 -0.4338
vn 0.7072 0.5495 0.4450
vn -0.0000 0.9945 -0.1048
vn -0.7072 0.5495 0.4449
vn 0.7072 -0.5494 -0.4449
vn -0.7072 -0.5494 -0.4449
vn -0.7073 -0.4449 0.5494
vn -0.7072 0.4450 -0.5494
vn 0.7073 0.4449 -0.5494
vn 0.7069 -0.5497 -0.4451
vn -0.7069 -0.5497 -0.4451
vn -0.0000 -0.1049 -0.9945
vn -0.7070 0.5496 0.4450
vn -0.0000 0.9946 -0.1042
vn 0.7069 0.5496 0.4451
vn 0.7071 -0.4450 0.5495
vn -0.7071 -0.4450 0.5496
vn -0.7072 0.5495 0.4450
vn 0.7070 -0.4450 0.5497
vn 0.7070 0.4450 -0.5496
vn -0.7073 0.4449 -0.5494
vn 0.5771 0.8122 -0.0851
vn -0.5774 0.8120 -0.0857
vn -0.5777 -0.8118 0.0852
vn 0.5776 -0.8119 0.0852
vn -0.5776 -0.0853 -0.8118
vn -0.0000 0.9945 -0.1047
vn 0.3664 -0.8231 0.4339
vn -0.5777 -0.0853 -0.8118
vn 0.5774 -0.0856 -0.8120
vn 0.5771 0.8122 -0.0852
vn 0.3665 -0.2534 0.8953
vn -0.3666 0.8230 -0.4339
vn 0.7072 -0.5495 -0.4449
vn 0.7072 -0.4450 0.5494
vn -0.7070 -0.5496 -0.4450
vn -0.7069 -0.5497 -0.4452
vn 0.7070 -0.5496 -0.4450
vn -0.7070 0.5496 0.4451
vn 0.7069 0.5497 0.4451
vn 0.7072 0.4449 -0.5494
vn -0.0000 0.6291 -0.7773
vn 0.6015 0.4961 0.6261
vn 0.5355 0.4592 0.7088
vn 0.5355 0.7888 0.3017
vn 0.6015 0.7156 0.3550
vn -0.0020 0.7766 0.6300
vn -0.0022 0.7768 0.6298
vn -0.0022 0.7776 0.6288
vn -0.0019 0.7778 0.6286
vn -0.0000 -0.6295 0.7770
vn -0.9994 0.0279 0.0226
vn 0.0020 0.7766 0.6300
vn 0.0022 0.7767 0.6298
vn 0.0006 0.7755 0.6314
vn 0.0011 0.7759 0.6309
vn 0.7071 -0.4353 0.5572
vn 0.0001 0.7775 0.6289
vn -0.0000 0.7775 0.6288
vn -0.0001 -0.7771 -0.6294
vn 0.0003 -0.7772 -0.6292
vn -0.0000 0.7774 0.6290
vn 1.0000 -0.0000 -0.0001
vn 0.1743 0.9844 0.0232
vn 0.2618 0.9610 0.0891
vn -0.2618 0.9610 0.0891
vn -0.1743 0.9844 0.0232
vn 0.0001 0.7774 0.6290
vn 0.0001 0.7772 0.6293
vn -0.7071 -0.4449 0.5495
vn -0.0000 0.6289 -0.7775
vn -0.1743 0.2276 0.9580
vn -0.2618 0.2872 0.9214
vn 0.2618 0.2871 0.9214
vn 0.1743 0.2276 0.9580
vn -0.0001 0.7772 0.6293
vn 0.0001 0.7772 0.6292
vn -0.5355 0.4592 0.7088
vn -0.6015 0.4961 0.6261
vn 0.2628 0.2744 0.9250
vn 0.1824 0.2238 0.9574
vn -0.1824 0.2238 0.9574
vn -0.2628 0.2745 0.9250
vn 0.5464 0.7834 0.2961
vn 0.6035 0.7181 0.3467
vn 0.6034 0.4885 0.6303
vn 0.5462 0.4527 0.7048
vn -0.5462 0.4528 0.7048
vn -0.6032 0.4886 0.6304
vn -0.6033 0.7182 0.3467
vn -0.5463 0.7835 0.2961
vn -0.0010 0.7784 0.6277
vn -0.0005 0.7788 0.6273
vn 0.0005 0.7788 0.6273
vn 0.0010 0.7784 0.6277
vn 0.9994 0.0279 0.0226
vn -0.0011 -0.7759 -0.6308
vn -0.0006 -0.7755 -0.6313
vn -0.0022 -0.7768 -0.6298
vn -0.0020 -0.7766 -0.6300
vn -0.0001 -0.7772 -0.6293
vn 0.0001 -0.7772 -0.6293
vn 0.7071 -0.4520 0.5438
vn 0.7071 -0.4455 0.5491
vn 0.7072 0.4445 -0.5498
vn 0.7070 0.4379 -0.5553
vn -0.7072 0.4444 -0.5498
vn -0.7071 0.4379 -0.5552
vn -0.7071 -0.4455 0.5491
vn -0.7071 -0.4520 0.5438
vn -0.4053 0.8919 0.2004
vn -0.4157 0.8903 0.1861
vn 0.4157 0.8903 0.1861
vn 0.0001 -0.7771 -0.6294
vn 0.0002 -0.7771 -0.6294
vn 0.7071 0.4451 -0.5495
vn 0.7071 -0.4451 0.5495
vn 0.7068 0.4313 -0.5607
vn -0.7070 0.4314 -0.5604
vn 0.7070 -0.4584 0.5386
vn -0.7071 -0.4583 0.5385
vn -0.0002 -0.7773 -0.6292
vn -0.0004 -0.7772 -0.6293
vn -0.0002 -0.7772 -0.6292
vn -0.0002 -0.7771 -0.6294
vn -0.0003 0.7771 0.6294
vn 0.0002 0.7770 0.6295
vn -0.0004 -0.7771 -0.6294
vn -0.0002 -0.7771 -0.6293
vn -0.7071 0.4451 -0.5495
vn -0.0000 -0.7773 -0.6291
vn 0.0001 0.7770 0.6295
vn 0.0001 0.7769 0.6296
vn 0.7070 0.4451 -0.5495
vn -0.0000 -0.7771 -0.6294
vn 0.0001 -0.7771 -0.6293
vn 0.0004 -0.7772 -0.6293
vn 0.0002 0.7769 0.6296
vn -0.0002 0.7769 0.6297
vn -0.0002 0.7770 0.6294
vn 0.7071 -0.4450 0.5496
vn -0.0002 0.7772 0.6293
vn -0.0000 0.7770 0.6296
vn -0.0001 0.7771 0.6294
vn -0.7071 -0.4449 0.5496
vn -0.0003 0.7769 0.6297
vn 0.0003 -0.7772 -0.6293
vn -0.0002 0.7771 0.6294
vn -0.7071 0.4545 -0.5417
vn 0.0002 -0.7772 -0.6293
vn -0.0002 -0.7772 -0.6293
vn -0.0000 -0.7772 -0.6292
vn 0.0002 -0.7773 -0.6291
vn 0.0002 0.7772 0.6293
vn 0.7070 -0.4449 0.5497
vn -0.7070 -0.4450 0.5496
vn -0.7072 -0.4449 0.5496
vn -0.7070 -0.4449 0.5497
vn -0.7071 0.4450 -0.5496
vn -0.7069 0.4451 -0.5497
vn 1.0000 0.0001 0.0001
vn -1.0000 0.0001 0.0001
vn -0.0000 -0.6292 0.7773
vn -0.0001 0.7769 0.6297
vn 0.0002 -0.7773 -0.6292
vn 0.7071 -0.4449 0.5496
vn 0.4998 0.2351 0.8336
vn 0.5001 -0.8642 -0.0563
vn 0.4999 0.2349 0.8336
vn 0.4999 -0.8643 -0.0565
vn 0.5000 -0.8642 -0.0565
vn 0.5000 -0.2351 -0.8335
vn 0.5001 0.8642 0.0563
vn 0.4999 -0.2349 -0.8336
vn 0.4999 0.8642 0.0562
vn 0.5001 -0.2347 -0.8335
vn 0.4998 0.8643 0.0565
vn -0.4999 0.2351 0.8336
vn -0.5001 -0.8641 -0.0563
vn -0.4998 0.2350 0.8336
vn -0.4999 -0.8642 -0.0565
vn -0.4999 0.2350 0.8336
vn -0.5000 -0.8642 -0.0567
vn -0.5000 -0.2351 -0.8335
vn -0.5002 0.8641 0.0564
vn -0.5001 -0.2349 -0.8335
vn -0.4999 0.8643 0.0562
vn -0.5001 -0.2348 -0.8335
vn -0.4998 0.8643 0.0564
vn -0.0000 -0.1044 -0.9945
vn -0.0000 0.9945 -0.1051
vn -0.0000 -0.1043 -0.9946
vn 0.7070 0.5496 0.4451
vn -0.7071 -0.5495 -0.4451
vn -0.7069 0.5496 0.4451
vn -0.0000 -0.9946 0.1039
vn -0.0000 -0.9945 0.1047
vn -0.0000 0.1041 0.9946
vn -0.4714 -0.2827 -0.8354
vn 0.4713 -0.2826 -0.8355
vn 0.4714 -0.8759 -0.1024
vn -0.4714 -0.8760 -0.1024
vn -0.4668 -0.8775 -0.1097
vn -0.4669 -0.2898 -0.8355
vn 0.4669 -0.2898 -0.8355
vn 0.4667 -0.8776 -0.1099
vn -0.0000 0.0025 -1.0000
vn -0.0000 -0.9758 0.2186
vn 0.7785 -0.4878 -0.3950
vn -0.7840 -0.4824 -0.3906
vn -0.0000 -0.9776 0.2103
vn -0.0000 0.0113 -0.9999
vn -0.7785 -0.4877 -0.3950
vn 0.7843 -0.4823 -0.3903
vn 0.0019 0.7777 0.6286
vn 0.0022 0.7776 0.6288
vn -0.0000 -0.6226 0.7826
vn 1.0000 0.0067 0.0055
vn -0.0000 0.6360 -0.7717
vn -0.7142 -0.3991 0.5750
vn -1.0000 0.0067 0.0055
vn 0.7071 0.4545 -0.5417
vn -0.7072 -0.4353 0.5572
vn 0.0019 -0.7778 -0.6286
vn 0.0022 -0.7776 -0.6288
vn 0.0022 -0.7768 -0.6298
vn 0.0020 -0.7766 -0.6300
vn -0.7142 0.4794 -0.5099
vn 0.0006 -0.7755 -0.6313
vn 0.0011 -0.7759 -0.6308
vn 0.0010 -0.7784 -0.6277
vn 0.0005 -0.7788 -0.6273
vn -0.0019 -0.7777 -0.6286
vn -0.0022 -0.7776 -0.6288
vn -0.0005 -0.7788 -0.6273
vn -0.0010 -0.7784 -0.6277
vn 0.7142 -0.3991 0.5750
vn -0.0000 -0.6004 0.7997
vn -0.0000 0.6574 -0.7535
vn -0.0011 0.7759 0.6309
vn -0.0006 0.7755 0.6313
vn 0.7142 0.4794 -0.5100
vn -0.4860 -0.2721 -0.8305
vn 0.4860 -0.2721 -0.8305
vn 0.4859 -0.8690 -0.0934
vn -0.4859 -0.8690 -0.0935
vn -0.0000 -0.9584 0.2855
vn -0.7641 -0.5014 -0.4060
vn -0.0000 0.0800 -0.9968
vn 0.7640 -0.5014 -0.4060
vn -0.0000 0.6290 -0.7774
vn 0.6013 0.4963 0.6262
vn 0.5354 0.4593 0.7087
vn 0.5354 0.7888 0.3018
vn 0.6013 0.7157 0.3551
vn -0.0019 0.7777 0.6286
vn 0.0006 0.7755 0.6313
vn -0.0000 0.7775 0.6289
vn -0.0000 0.7773 0.6291
vn 0.1743 0.9844 0.0233
vn 0.2618 0.9610 0.0892
vn -0.2618 0.9610 0.0892
vn 0.0001 0.7771 0.6294
vn -0.0000 0.6288 -0.7776
vn 0.2618 0.2872 0.9214
vn 0.1743 0.2277 0.9580
vn -0.6014 0.7157 0.3551
vn -0.5354 0.7888 0.3018
vn -0.5355 0.4593 0.7088
vn -0.6014 0.4962 0.6262
vn 0.2627 0.2745 0.9250
vn 0.1824 0.2239 0.9574
vn -0.0000 0.1050 0.9945
vn 0.5464 0.7834 0.2962
vn 0.6034 0.7181 0.3468
vn 0.6033 0.4886 0.6303
vn 0.5462 0.4528 0.7048
vn -0.5463 0.4526 0.7048
vn -0.6034 0.4885 0.6303
vn -0.6035 0.7180 0.3466
vn -0.5465 0.7834 0.2961
vn -0.0011 -0.7759 -0.6309
vn -0.7070 0.4451 -0.5495
vn 0.7072 0.4444 -0.5499
vn 0.7071 0.4379 -0.5552
vn -0.7071 -0.4519 0.5438
vn -0.4156 0.3673 0.8321
vn -0.4159 0.8902 0.1861
vn 0.4157 0.8902 0.1863
vn 0.7070 -0.4451 0.5495
vn 0.7069 0.4314 -0.5605
vn 0.7070 -0.4584 0.5385
vn -0.7071 -0.4582 0.5386
vn -0.7070 -0.4450 0.5497
vn -0.7070 0.4451 -0.5496
vn 0.0001 -0.7772 -0.6292
vn 0.0004 -0.7772 -0.6292
vn -0.0002 0.7770 0.6295
vn 0.0002 0.7771 0.6294
vn -0.0000 0.7770 0.6295
vn -0.0003 0.7768 0.6297
vn -0.7071 0.4546 -0.5417
vn 0.0002 0.7768 0.6297
vn 0.7072 -0.4449 0.5496
vn 0.7071 0.4450 -0.5496
vn -0.7071 -0.4451 0.5495
vn -0.7072 -0.4449 0.5495
vn -0.0001 0.7769 0.6296
vn 0.7070 -0.4450 0.5496
vn 0.5000 -0.8642 -0.0562
vn 0.4999 -0.8642 -0.0565
vn 0.4998 0.2349 0.8336
vn 0.5000 -0.8642 -0.0564
vn 0.5000 -0.2349 -0.8336
vn 0.5000 0.8642 0.0562
vn 0.4999 0.8643 0.0563
vn 0.5000 -0.2347 -0.8336
vn -0.4998 0.2351 0.8336
vn -0.4999 -0.8642 -0.0566
vn -0.4999 0.2349 0.8336
vn -0.4999 -0.2351 -0.8335
vn -0.5001 0.8642 0.0563
vn -0.4999 -0.2349 -0.8336
vn -0.4999 0.8643 0.0563
vn -0.5000 -0.2348 -0.8336
vn -0.4998 0.8643 0.0565
vn -0.0000 0.9945 -0.1050
vn -0.0000 -0.1043 -0.9945
vn 0.7071 0.5496 0.4450
vn 0.7073 -0.5494 -0.4449
vn -0.7069 0.5497 0.4451
vn -0.0000 0.1042 0.9946
vn -0.0000 0.1044 0.9945
vn -0.4714 -0.2826 -0.8354
vn 0.4713 -0.2827 -0.8354
vn 0.4714 -0.8759 -0.1025
vn -0.4668 -0.8775 -0.1099
vn -0.4668 -0.2898 -0.8355
vn 0.4668 -0.2899 -0.8355
vn 0.4667 -0.8775 -0.1100
vn -0.7839 -0.4825 -0.3908
vn -0.0000 0.0110 -0.9999
vn -0.7784 -0.4879 -0.3951
vn 0.7841 -0.4823 -0.3905
vn -0.0000 0.6360 -0.7716
vn -1.0000 0.0068 0.0055
vn -0.7071 -0.4353 0.5572
vn -0.7142 0.4795 -0.5099
vn 0.7142 -0.3992 0.5749
vn 0.7142 0.4794 -0.5099
vn -0.4859 -0.2721 -0.8306
vn 0.4859 -0.8690 -0.0935
vn -0.4859 -0.8690 -0.0934
vn 0.7641 -0.5014 -0.4060
vn 0.6013 0.4962 0.6262
vn 0.5354 0.4593 0.7088
vn 0.6013 0.7158 0.3552
vn -1.0000 -0.0000 0.0001
vn 0.0022 0.7768 0.6298
vn 0.0003 -0.7771 -0.6294
vn -0.1743 0.9844 0.0233
vn 0.0001 0.7773 0.6291
vn -0.0000 0.6286 -0.7777
vn -0.1743 0.2275 0.9580
vn -0.2618 0.2871 0.9214
vn 0.1743 0.2274 0.9581
vn -0.6013 0.7158 0.3552
vn -0.5354 0.4594 0.7088
vn -0.6013 0.4963 0.6262
vn -0.1825 0.2238 0.9574
vn -0.2628 0.2743 0.9250
vn 0.5465 0.7834 0.2960
vn 0.6036 0.7180 0.3466
vn 0.6035 0.4884 0.6303
vn 0.5463 0.4526 0.7048
vn -0.5463 0.4527 0.7047
vn -0.6036 0.7180 0.3466
vn 0.7071 -0.4519 0.5438
vn 0.7071 0.4380 -0.5551
vn -0.7072 0.4444 -0.5499
vn 0.4156 0.3673 0.8321
vn 0.4158 0.8902 0.1860
vn 0.7069 0.4316 -0.5603
vn -0.7069 0.4314 -0.5605
vn 0.7070 -0.4583 0.5386
vn 0.0002 0.7770 0.6294
vn 0.0001 0.7769 0.6297
vn 0.0002 0.7768 0.6298
vn -0.0002 0.7767 0.6298
vn -0.0003 0.7769 0.6296
vn 0.0002 -0.7772 -0.6292
vn -0.7069 0.4452 -0.5496
vn -0.7069 0.4451 -0.5496
vn 0.4998 0.2352 0.8336
vn 0.4999 -0.8642 -0.0562
vn 0.4999 0.2350 0.8336
vn 0.4998 0.2348 0.8337
vn 0.5000 -0.2349 -0.8335
vn 0.5000 0.8642 0.0563
vn 0.4999 -0.2350 -0.8336
vn 0.5001 -0.2348 -0.8335
vn -0.4999 0.2352 0.8336
vn -0.5001 -0.8641 -0.0562
vn -0.4998 0.2348 0.8337
vn -0.5000 -0.8642 -0.0564
vn -0.5000 -0.2349 -0.8335
vn -0.5001 0.8642 0.0562
vn -0.5000 -0.2349 -0.8336
vn -0.0000 -0.1042 -0.9946
vn 0.7072 -0.5495 -0.4450
vn 0.7070 0.5497 0.4450
vn -0.7073 -0.5494 -0.4449
vn -0.0000 -0.9946 0.1038
vn -0.0000 0.1043 0.9945
vn 0.4713 -0.8760 -0.1024
vn -0.4668 -0.8775 -0.1100
vn -0.4669 -0.2899 -0.8355
vn 0.4667 -0.8775 -0.1101
vn -0.0000 0.0024 -1.0000
vn 0.7784 -0.4878 -0.3951
vn -0.7839 -0.4825 -0.3906
vn -0.0000 -0.9776 0.2104
vn -0.0000 0.0115 -0.9999
vn -0.7784 -0.4878 -0.3950
vn 0.7839 -0.4825 -0.3907
vn 1.0000 0.0068 0.0055
vn -0.7142 0.4795 -0.5100
vn 0.0011 -0.7759 -0.6309
vn 0.7142 -0.3992 0.5750
vn 0.7142 0.4795 -0.5100
vn 0.4859 -0.2722 -0.8306
vn -0.4858 -0.8690 -0.0934
vn 0.6015 0.4962 0.6261
vn 0.5354 0.4592 0.7088
vn 0.5353 0.7889 0.3017
vn 0.6014 0.7156 0.3551
vn -0.2630 0.9618 0.0760
vn -0.1825 0.9830 0.0197
vn 0.1826 0.9830 0.0198
vn 0.2630 0.9618 0.0760
vn -0.0022 0.7775 0.6289
vn -0.0020 0.7777 0.6286
vn 0.0011 0.7759 0.6308
vn 0.7070 -0.4354 0.5573
vn 0.0001 0.7767 0.6298
vn -0.0001 0.7768 0.6298
vn 0.0007 -0.7772 -0.6293
vn 0.0008 -0.7771 -0.6294
vn 0.1743 0.9844 0.0231
vn 0.2617 0.9610 0.0891
vn -0.2619 0.9610 0.0891
vn -0.1743 0.9844 0.0231
vn -0.0002 0.7771 0.6293
vn -0.0000 -0.6292 0.7772
vn -0.1743 0.2274 0.9581
vn -0.2619 0.2870 0.9214
vn 0.2618 0.2870 0.9214
vn -0.6015 0.4962 0.6261
vn -0.0000 0.1043 0.9946
vn 0.6034 0.7181 0.3467
vn 0.6034 0.4884 0.6304
vn 0.5464 0.4525 0.7047
vn -0.5465 0.4526 0.7047
vn -0.6035 0.4884 0.6303
vn -0.6034 0.7181 0.3467
vn -0.5464 0.7834 0.2962
vn -0.0011 0.7784 0.6278
vn -0.0006 0.7788 0.6273
vn 0.0006 0.7788 0.6273
vn 0.0011 0.7784 0.6278
vn 0.7072 -0.4519 0.5437
vn 0.7071 0.4445 -0.5499
vn 0.7069 0.4380 -0.5553
vn -0.7071 0.4445 -0.5499
vn -0.7070 0.4380 -0.5553
vn -0.4054 0.8919 0.2005
vn 0.4158 0.3671 0.8321
vn -0.4159 0.3671 0.8320
vn -0.0001 -0.7773 -0.6292
vn 0.0001 -0.7774 -0.6290
vn 0.7067 0.4316 -0.5606
vn -0.7068 0.4316 -0.5605
vn 0.7072 -0.4583 0.5384
vn -0.7071 -0.4582 0.5385
vn -0.0003 -0.7771 -0.6293
vn -0.0007 -0.7771 -0.6293
vn -0.0003 0.7772 0.6293
vn -0.0003 0.7772 0.6292
vn 0.0010 -0.7771 -0.6294
vn -0.7071 0.4451 -0.5494
vn -0.0000 -0.7774 -0.6290
vn 0.0009 -0.7769 -0.6296
vn -0.0008 -0.7769 -0.6296
vn 0.0007 0.7771 0.6293
vn 0.0005 0.7770 0.6295
vn -0.0005 -0.7773 -0.6292
vn 0.0003 -0.7773 -0.6291
vn -0.0003 -0.7773 -0.6291
vn 0.0002 -0.7771 -0.6293
vn -0.0002 0.7768 0.6298
vn -0.0000 0.7771 0.6294
vn -0.0004 0.7769 0.6296
vn -0.0007 0.7770 0.6295
vn -0.0009 -0.7771 -0.6294
vn -0.0001 -0.7775 -0.6289
vn 0.0002 -0.7774 -0.6290
vn 0.0003 0.7771 0.6293
vn 0.0003 0.7770 0.6295
vn 0.7072 0.4450 -0.5494
vn -0.0003 0.7770 0.6295
vn 0.5001 -0.8642 -0.0564
vn 0.5000 0.2348 0.8336
vn 0.4999 -0.2348 -0.8337
vn 0.4999 0.8642 0.0568
vn 0.5004 0.8640 0.0560
vn 0.5001 -0.2347 -0.8336
vn 0.4997 0.8643 0.0563
vn -0.5000 0.2350 0.8335
vn -0.5001 -0.8641 -0.0564
vn -0.4998 0.2349 0.8337
vn -0.5000 0.2348 0.8336
vn -0.5000 -0.8642 -0.0566
vn -0.4997 -0.2348 -0.8337
vn -0.4999 0.8642 0.0568
vn -0.5005 0.8639 0.0560
vn -0.5001 -0.2348 -0.8336
vn -0.0000 0.9944 -0.1054
vn 0.7073 0.5493 0.4449
vn 0.7068 -0.5497 -0.4452
vn -0.7073 0.5493 0.4449
vn -0.7070 -0.5496 -0.4452
vn -0.0000 -0.9945 0.1048
vn -0.4716 -0.2825 -0.8353
vn 0.4716 -0.2824 -0.8354
vn 0.4716 -0.8758 -0.1025
vn -0.4716 -0.8758 -0.1025
vn -0.4669 -0.8775 -0.1096
vn -0.4665 -0.2899 -0.8357
vn 0.4664 -0.2899 -0.8357
vn 0.4668 -0.8775 -0.1097
vn -0.0000 -0.9759 0.2183
vn 0.7785 -0.4878 -0.3949
vn -0.7787 -0.4876 -0.3949
vn 0.7840 -0.4824 -0.3906
vn 0.0020 0.7777 0.6286
vn 0.0022 0.7775 0.6289
vn -0.7070 -0.4354 0.5573
vn 0.0019 -0.7778 -0.6285
vn 0.0021 -0.7776 -0.6288
vn -0.7143 0.4793 -0.5099
vn 0.0010 -0.7785 -0.6277
vn 0.0005 -0.7788 -0.6272
vn -0.0019 -0.7778 -0.6285
vn -0.0021 -0.7776 -0.6288
vn -0.0005 -0.7788 -0.6272
vn -0.0010 -0.7785 -0.6277
vn -0.0000 -0.6003 0.7998
vn -0.0011 0.7759 0.6308
vn 0.7143 0.4793 -0.5100
vn -0.4860 -0.2722 -0.8305
vn 0.4860 -0.2722 -0.8305
vn 0.4860 -0.8689 -0.0932
vn -0.4861 -0.8689 -0.0933
vn -0.7640 -0.5014 -0.4060
vn -0.0000 0.0799 -0.9968
vn 0.5353 0.4593 0.7088
vn 0.5352 0.7889 0.3018
vn 0.6013 0.7157 0.3552
vn -0.2630 0.9618 0.0759
vn -0.1827 0.9830 0.0197
vn 0.1826 0.9830 0.0197
vn -0.9994 0.0278 0.0226
vn -0.0001 0.7767 0.6298
vn 0.0007 -0.7773 -0.6292
vn 0.0008 -0.7771 -0.6293
vn -0.0000 0.7770 0.6294
vn 0.1742 0.9844 0.0231
vn -0.2618 0.2870 0.9214
vn -0.6014 0.7156 0.3552
vn -0.5354 0.4593 0.7088
vn 0.5464 0.4526 0.7047
vn -0.5466 0.4524 0.7047
vn -0.6036 0.4883 0.6303
vn 0.7072 -0.4519 0.5438
vn 0.7071 -0.4455 0.5492
vn 0.7070 0.4381 -0.5552
vn -0.7070 0.4380 -0.5552
vn -0.7072 -0.4518 0.5438
vn -0.4160 0.3670 0.8321
vn -0.0001 -0.7773 -0.6291
vn 0.0001 -0.7774 -0.6289
vn 0.7068 0.4317 -0.5605
vn -0.7069 0.4317 -0.5604
vn 0.7072 -0.4582 0.5384
vn -0.7072 -0.4581 0.5385
vn -0.0003 0.7771 0.6293
vn 0.0010 -0.7770 -0.6294
vn -0.0000 -0.7775 -0.6289
vn 0.0007 0.7770 0.6295
vn 0.0005 0.7770 0.6296
vn 0.7071 -0.4449 0.5495
vn 0.0002 -0.7775 -0.6289
vn 0.0003 0.7771 0.6294
vn 0.5000 0.2350 0.8335
vn 0.4999 -0.8642 -0.0564
vn 0.4999 0.2348 0.8336
vn 0.4999 -0.8642 -0.0563
vn 0.4999 -0.2346 -0.8337
vn 0.4998 0.8643 0.0567
vn 0.4998 0.8643 0.0564
vn -0.4999 -0.8642 -0.0564
vn -0.4997 -0.2347 -0.8338
vn -0.4998 0.8643 0.0568
vn -0.4999 -0.2350 -0.8336
vn -0.4997 0.8644 0.0564
vn -0.0000 -0.1041 -0.9946
vn 0.7073 0.5494 0.4449
vn 0.7071 -0.5496 -0.4450
vn -0.7073 0.5494 0.4449
vn -0.7067 -0.5498 -0.4452
vn -0.7068 0.5497 0.4452
vn -0.7068 -0.5497 -0.4452
vn -0.4716 -0.2824 -0.8354
vn -0.4715 -0.8759 -0.1025
vn -0.4669 -0.8775 -0.1097
vn 0.4664 -0.2900 -0.8357
vn 0.4667 -0.8776 -0.1098
vn -0.0000 0.0026 -1.0000
vn -0.7838 -0.4826 -0.3908
vn -0.7785 -0.4878 -0.3949
vn 0.7839 -0.4825 -0.3908
vn 0.0022 0.7775 0.6288
vn -0.7141 -0.3991 0.5751
vn -0.0000 0.6575 -0.7535
vn 0.7143 0.4793 -0.5099
vn 0.4861 -0.8689 -0.0933
vn -0.4860 -0.8690 -0.0933
vn 0.6012 0.7158 0.3552
vn -0.2629 0.9618 0.0758
vn 0.1827 0.9830 0.0197
vn 0.2630 0.9618 0.0759
vn 0.7071 -0.4354 0.5573
vn 0.0001 0.7768 0.6298
vn -0.6013 0.7157 0.3552
vn -0.5353 0.7889 0.3018
vn -0.5353 0.4593 0.7088
vn 0.5465 0.7833 0.2961
vn 0.6036 0.4883 0.6303
vn 0.5465 0.4524 0.7047
vn -0.6036 0.4882 0.6303
vn 0.9994 0.0278 0.0226
vn 0.7072 -0.4518 0.5438
vn 0.4160 0.3670 0.8320
vn -0.4160 0.3669 0.8321
vn -0.4158 0.8902 0.1860
vn -0.0001 -0.7774 -0.6291
vn 0.7068 0.4318 -0.5604
vn -0.7069 0.4317 -0.5603
vn 0.7072 -0.4581 0.5385
vn -0.7072 -0.4581 0.5386
vn -0.0003 -0.7771 -0.6294
vn -0.0007 -0.7772 -0.6293
vn 0.0010 -0.7770 -0.6295
vn 0.0005 0.7769 0.6296
vn -0.0005 -0.7773 -0.6291
vn 0.0002 0.7767 0.6298
vn 0.7071 0.4449 -0.5496
vn -0.7070 0.4450 -0.5496
vn 0.4999 -0.2347 -0.8337
vn 0.5000 -0.2350 -0.8335
vn 0.5000 -0.2348 -0.8336
vn -0.5000 0.2350 0.8336
vn -0.5001 -0.8642 -0.0564
vn -0.4999 0.2348 0.8337
vn -0.5000 -0.8642 -0.0563
vn -0.4998 -0.2347 -0.8338
vn -0.4998 0.8643 0.0567
vn -0.4999 -0.2347 -0.8337
vn -0.0000 0.9946 -0.1041
vn 0.7073 0.5494 0.4448
vn 0.7068 0.5497 0.4452
vn -0.7069 0.5497 0.4452
vn -0.0000 0.1049 0.9945
vn -0.0000 -0.9946 0.1041
vn 0.4716 -0.2825 -0.8354
vn 0.4715 -0.8759 -0.1025
vn -0.4669 -0.8775 -0.1098
vn -0.4665 -0.2900 -0.8357
vn 0.4663 -0.2900 -0.8357
vn 0.4667 -0.8775 -0.1099
vn 0.7784 -0.4879 -0.3950
vn -0.0000 0.0111 -0.9999
vn -0.7786 -0.4877 -0.3949
vn 0.7837 -0.4827 -0.3909
vn -0.7143 0.4794 -0.5099
vn 0.7141 -0.3991 0.5751
vn 0.7143 0.4794 -0.5099
vn 0.4859 -0.2721 -0.8306
vn 0.4860 -0.8690 -0.0933
vn -0.5771 0.0852 0.8122
vn 0.5773 0.0853 0.8121
vn -0.5774 0.8120 -0.0849
vn 0.5771 0.8122 -0.0853
vn -0.5774 -0.0854 -0.8120
vn -0.5771 -0.8123 0.0850
vn 0.5771 -0.8122 0.0851
vn 0.5774 -0.0855 -0.8120
vn -0.7069 0.5496 0.4452
vn -0.7068 0.5497 0.4453
vn 0.7070 0.5497 0.4451
vn -0.8551 -0.0541 -0.5156
vn -0.8551 -0.5156 0.0541
vn 0.8552 -0.5155 0.0542
vn 0.8552 -0.0541 -0.5154
vn -0.5772 -0.0854 -0.8122
vn 0.5774 -0.0854 -0.8120
vn -0.5772 -0.8121 0.0853
vn 0.5773 -0.8121 0.0853
vn -0.5774 0.0853 0.8120
vn -0.5773 0.8121 -0.0855
vn 0.5773 0.8120 -0.0855
vn 0.5774 0.0852 0.8120
vn -0.7070 -0.5497 -0.4451
vn -0.8551 0.0542 0.5157
vn -0.8551 0.5156 -0.0542
vn 0.8552 0.5155 -0.0542
vn 0.8552 0.0542 0.5155
vn -0.0000 0.9945 -0.1043
vn -0.7071 -0.5496 -0.4450
vn -0.0000 -0.9945 0.1046
vn -0.7070 0.5495 0.4451
vn -0.7069 -0.4451 0.5496
vn 0.7072 0.5495 0.4449
vn -0.5772 0.0855 0.8121
vn 0.5773 0.0855 0.8120
vn -0.5772 0.8121 -0.0853
vn 0.5774 0.8120 -0.0855
vn -0.5772 -0.8121 0.0852
vn -0.7069 0.5498 0.4451
vn -0.7068 0.5498 0.4451
vn -0.8550 -0.0542 -0.5157
vn -0.8552 -0.5155 0.0542
vn 0.8553 -0.5154 0.0541
vn 0.8551 -0.0542 -0.5156
vn -0.5775 -0.0852 -0.8119
vn 0.5776 -0.0851 -0.8119
vn -0.5771 -0.8122 0.0852
vn 0.5774 -0.8120 0.0851
vn -0.5771 0.0855 0.8122
vn 0.5773 0.8121 -0.0853
vn 0.5771 0.0856 0.8122
vn -0.7071 -0.5495 -0.4449
vn -0.7071 -0.5496 -0.4449
vn 0.7071 -0.5495 -0.4449
vn -0.8552 0.0543 0.5154
vn 0.8552 0.5154 -0.0542
vn 0.8553 0.0544 0.5153
vn 0.7072 -0.5494 -0.4450
vn -0.0000 -0.9945 0.1043
vn 0.7070 0.5495 0.4451
vn -0.7074 -0.4449 0.5493
vn 0.7074 -0.4448 0.5493
vn -0.5771 0.8122 -0.0855
vn 0.5774 0.0854 0.8120
vn -0.5772 0.0854 0.8121
vn -0.5776 -0.0854 -0.8119
vn -0.5775 -0.8120 0.0850
vn 0.8551 -0.5156 0.0542
vn -0.8551 -0.5156 0.0543
vn 0.5770 -0.8123 0.0851
vn -0.5772 -0.8122 0.0853
vn -0.5771 -0.0852 -0.8122
vn 0.5770 0.8123 -0.0853
vn 0.5775 0.0853 0.8119
vn -0.5773 0.0854 0.8120
vn -0.5770 0.8123 -0.0852
vn 0.7071 -0.5496 -0.4449
vn -0.7070 -0.5497 -0.4450
vn 0.8552 0.5154 -0.0541
vn -0.8551 0.0542 0.5156
vn -0.8551 0.5155 -0.0543
vn 0.7071 0.5495 0.4451
vn -0.7070 -0.4451 0.5496
vn 0.7071 -0.5495 -0.4451
vn 0.5769 0.8124 -0.0850
vn -0.5775 0.8119 -0.0857
vn 0.5770 0.0856 0.8123
vn 0.5772 -0.0852 -0.8122
vn 0.8552 -0.5155 0.0543
vn 0.8552 -0.0541 -0.5155
vn -0.8552 -0.0542 -0.5154
vn -0.8551 -0.5155 0.0542
vn 0.5777 -0.8118 0.0854
vn 0.5771 -0.0854 -0.8122
vn -0.5776 -0.0854 -0.8118
vn 0.5774 0.8120 -0.0851
vn 0.5773 0.0855 0.8121
vn -0.5772 0.0856 0.8121
vn -0.5773 0.8121 -0.0851
vn 0.7070 -0.5497 -0.4450
vn 0.8552 0.5155 -0.0541
vn 0.8552 0.0542 0.5154
vn -0.8552 0.0542 0.5154
vn -0.8552 0.5154 -0.0542
vn 0.7073 -0.4448 0.5494
vn -0.0000 -0.9945 0.1049
vn -0.7072 -0.5494 -0.4450
vn -0.7072 -0.4450 0.5495
vn 0.7073 -0.4449 0.5494
vn -0.6012 0.7157 0.3554
vn -0.5352 0.7889 0.3021
vn -0.6012 0.4963 0.6263
vn 0.0019 0.7766 0.6300
vn -0.0000 0.6295 -0.7770
vn -0.0022 0.7775 0.6288
vn -0.0010 0.7784 0.6278
vn 0.0005 -0.7773 -0.6292
vn 0.0002 -0.7770 -0.6295
vn -1.0000 -0.0000 -0.0001
vn -0.2619 0.2871 0.9214
vn 0.2619 0.2870 0.9214
vn 0.1744 0.2274 0.9581
vn -0.0001 0.7771 0.6293
vn 0.1743 0.9844 0.0234
vn 0.2618 0.9610 0.0894
vn -0.2617 0.9610 0.0895
vn -0.1743 0.9844 0.0235
vn 0.7069 0.5496 0.4452
vn 0.5354 0.7888 0.3020
vn 0.6014 0.7156 0.3553
vn -0.5461 0.4526 0.7049
vn -0.6032 0.4885 0.6305
vn -0.6031 0.7182 0.3469
vn -0.5461 0.7836 0.2964
vn 0.5462 0.7835 0.2963
vn 0.6032 0.7182 0.3468
vn 0.6033 0.4885 0.6304
vn 0.5462 0.4526 0.7048
vn 0.0010 0.7759 0.6309
vn -0.0010 0.7759 0.6309
vn 0.0011 -0.7784 -0.6278
vn 0.0006 -0.7788 -0.6273
vn 0.0022 -0.7775 -0.6289
vn 0.0019 -0.7777 -0.6286
vn -0.7071 -0.4456 0.5491
vn -0.7071 -0.4521 0.5437
vn 0.4055 0.3815 0.8307
vn -0.4155 0.8903 0.1864
vn 0.4156 0.8903 0.1863
vn 0.4156 0.3671 0.8321
vn -0.4156 0.3671 0.8322
vn -0.7072 -0.4585 0.5382
vn -0.7070 0.4313 -0.5605
vn 0.7070 0.4314 -0.5604
vn -0.0004 -0.7772 -0.6292
vn -0.0002 -0.7768 -0.6297
vn -0.0000 -0.7773 -0.6292
vn 0.0001 -0.7770 -0.6295
vn -0.0001 -0.7770 -0.6295
vn -0.0000 0.7772 0.6292
vn -0.0001 0.7774 0.6290
vn -0.0006 -0.7772 -0.6292
vn -0.0000 -0.7775 -0.6288
vn 0.0001 -0.7775 -0.6289
vn 0.0004 -0.7771 -0.6293
vn 0.0007 -0.7770 -0.6295
vn 0.0004 0.7771 0.6293
vn -0.0001 0.7770 0.6295
vn 0.0003 -0.7771 -0.6293
vn -0.0004 0.7771 0.6294
vn 0.0003 -0.7767 -0.6299
vn -0.0002 0.7773 0.6292
vn 0.7068 0.4452 -0.5498
vn 0.7069 -0.4450 0.5498
vn 1.0000 0.0001 -0.0000
vn -0.0001 0.7773 0.6291
vn 0.0001 -0.7769 -0.6296
vn -0.4996 0.8644 0.0567
vn -0.4999 0.8642 0.0565
vn -0.5002 -0.2350 -0.8334
vn -0.4998 0.8643 0.0562
vn -0.4998 -0.2348 -0.8337
vn -0.5001 -0.8642 -0.0565
vn -0.5001 0.2349 0.8335
vn -0.4999 -0.8643 -0.0565
vn -0.4999 0.2347 0.8337
vn -0.4996 0.2351 0.8337
vn 0.4997 0.8643 0.0567
vn 0.5000 0.8642 0.0564
vn 0.4999 -0.2351 -0.8336
vn 0.5001 0.8642 0.0561
vn 0.4998 -0.2351 -0.8336
vn 0.5000 -0.8642 -0.0567
vn 0.5002 0.2348 0.8335
vn 0.5001 -0.8641 -0.0561
vn 0.4998 0.2350 0.8336
vn -0.7072 -0.5495 -0.4449
vn 0.7069 -0.5497 -0.4452
vn 0.7069 -0.5496 -0.4452
vn -0.0000 -0.1053 -0.9944
vn 0.4712 -0.8760 -0.1028
vn -0.4710 -0.8761 -0.1027
vn -0.4716 -0.2823 -0.8354
vn 0.4714 -0.2823 -0.8355
vn 0.4668 -0.2897 -0.8355
vn 0.4670 -0.8774 -0.1097
vn -0.4668 -0.2897 -0.8355
vn 0.7842 -0.4823 -0.3905
vn -0.0000 0.0027 -1.0000
vn -0.0000 -0.9758 0.2185
vn 0.7787 -0.4876 -0.3948
vn -0.7841 -0.4823 -0.3906
vn -0.0019 0.7766 0.6300
vn -0.0000 -0.6225 0.7826
vn -0.7070 -0.4353 0.5573
vn -0.0019 -0.7765 -0.6301
vn -0.0022 -0.7767 -0.6298
vn -0.0022 -0.7775 -0.6288
vn 0.7143 -0.3991 0.5748
vn -0.0010 -0.7784 -0.6278
vn -0.0010 -0.7758 -0.6309
vn -0.0005 -0.7755 -0.6314
vn 0.0019 -0.7765 -0.6301
vn 0.0022 -0.7767 -0.6298
vn 0.0006 -0.7755 -0.6314
vn 0.0011 -0.7758 -0.6309
vn -0.7143 0.4793 -0.5100
vn 0.0010 0.7784 0.6278
vn -0.7143 -0.3991 0.5749
vn 0.4860 -0.8689 -0.0934
vn -0.4858 -0.8691 -0.0934
vn 0.4859 -0.2721 -0.8305
vn 0.7640 -0.5014 -0.4061
vn -0.6015 0.7156 0.3551
vn -0.5355 0.7888 0.3018
vn -0.7070 0.5497 0.4451
vn 0.0020 0.7777 0.6287
vn -0.0000 0.6287 -0.7776
vn 0.0001 0.7775 0.6288
vn -0.1742 0.2272 0.9581
vn -0.2617 0.2870 0.9215
vn 0.2618 0.2869 0.9215
vn 0.1743 0.2271 0.9582
vn -0.0004 0.7774 0.6291
vn 0.2619 0.9610 0.0892
vn -0.2619 0.9610 0.0892
vn -0.1744 0.9844 0.0233
vn 0.7069 0.5497 0.4452
vn -0.5462 0.4527 0.7048
vn -0.6032 0.4885 0.6304
vn -0.6032 0.7182 0.3469
vn -0.5462 0.7835 0.2963
vn 0.5465 0.7834 0.2961
vn 0.6035 0.7181 0.3466
vn 0.5463 0.4527 0.7047
vn 0.0010 0.7759 0.6308
vn 0.0020 -0.7777 -0.6286
vn -0.7071 0.4379 -0.5553
vn -0.7072 0.4445 -0.5498
vn -0.7070 -0.4521 0.5438
vn 0.7072 0.4378 -0.5552
vn 0.4053 0.3816 0.8308
vn 0.4054 0.8919 0.2005
vn -0.4051 0.3818 0.8307
vn -0.4156 0.8902 0.1863
vn 0.4160 0.8901 0.1860
vn 0.4157 0.3673 0.8321
vn -0.4157 0.3673 0.8321
vn -0.0000 -0.7774 -0.6291
vn -0.7069 -0.4585 0.5386
vn -0.7069 0.4313 -0.5606
vn 0.7071 0.4312 -0.5604
vn 0.0002 0.7771 0.6293
vn 0.0004 -0.7771 -0.6294
vn 0.7071 0.4451 -0.5494
vn -0.0001 -0.7772 -0.6292
vn -0.0001 -0.7776 -0.6288
vn 0.0003 -0.7776 -0.6288
vn -0.0004 0.7773 0.6291
vn -0.0002 0.7777 0.6286
vn -0.0000 -0.7770 -0.6295
vn 0.0002 -0.7769 -0.6296
vn -0.0004 0.7774 0.6290
vn 0.0003 0.7774 0.6290
vn 0.0006 -0.7774 -0.6290
vn 0.0001 -0.7767 -0.6299
vn -0.0002 -0.7767 -0.6299
vn 0.0005 0.7774 0.6291
vn -0.0002 0.7772 0.6292
vn -0.7071 -0.4449 0.5497
vn 0.7070 0.4450 -0.5497
vn 0.7073 -0.4447 0.5495
vn 0.7069 -0.4450 0.5497
vn 0.0004 0.7778 0.6285
vn -0.4999 0.8642 0.0563
vn -0.5000 -0.8642 -0.0565
vn -0.5002 0.2346 0.8335
vn 0.4999 0.8642 0.0564
vn 0.5000 -0.2350 -0.8336
vn 0.4997 -0.8643 -0.0568
vn 0.5003 0.2343 0.8336
vn 0.5002 -0.8641 -0.0564
vn 0.5001 0.2345 0.8336
vn -0.0000 0.1036 0.9946
vn -0.7068 -0.5498 -0.4452
vn 0.7072 0.5494 0.4450
vn 0.7069 -0.5496 -0.4453
vn 0.4717 -0.8758 -0.1025
vn -0.4716 -0.8758 -0.1026
vn 0.4670 -0.2894 -0.8356
vn 0.4669 -0.8775 -0.1098
vn -0.4669 -0.8775 -0.1099
vn -0.4670 -0.2895 -0.8355
vn -0.0000 -0.9776 0.2105
vn -0.0000 0.0103 -0.9999
vn -0.7788 -0.4875 -0.3947
vn 0.7841 -0.4823 -0.3906
vn 0.7790 -0.4873 -0.3946
vn -0.7842 -0.4822 -0.3905
vn 0.7070 0.4546 -0.5418
vn -0.0022 -0.7775 -0.6289
vn -0.0020 -0.7777 -0.6286
vn 0.7143 -0.3991 0.5749
vn -0.0006 -0.7788 -0.6273
vn -0.0011 -0.7784 -0.6278
vn -0.0010 -0.7759 -0.6309
vn -0.0006 -0.7755 -0.6314
vn 0.0019 -0.7766 -0.6300
vn 0.0010 -0.7759 -0.6309
vn 0.0011 0.7783 0.6279
vn 0.0006 0.7787 0.6273
vn -0.7143 -0.3991 0.5750
vn 0.4860 -0.8689 -0.0935
vn -0.4860 -0.8690 -0.0935
vn -0.4857 -0.2720 -0.8307
vn 0.4858 -0.2721 -0.8306
vn -0.0000 0.0801 -0.9968
vn -0.0000 0.6292 -0.7773
vn 0.6015 0.4962 0.6262
vn -0.0019 0.7765 0.6301
vn -0.0021 0.7767 0.6298
vn 0.0019 0.7765 0.6301
vn 0.0021 0.7767 0.6298
vn 0.0005 0.7755 0.6314
vn 0.0010 0.7758 0.6309
vn 0.7072 -0.4353 0.5572
vn -0.0002 0.7774 0.6290
vn 0.0004 0.7774 0.6290
vn 0.0009 -0.7772 -0.6292
vn 0.0011 -0.7770 -0.6295
vn 0.1740 0.9845 0.0235
vn 0.2614 0.9611 0.0893
vn -0.2616 0.9610 0.0894
vn -0.1741 0.9844 0.0235
vn -0.0001 0.7772 0.6292
vn 0.0002 0.7772 0.6292
vn -0.1744 0.2273 0.9581
vn -0.2619 0.2870 0.9215
vn 0.1744 0.2273 0.9581
vn -0.7071 0.5495 0.4449
vn 0.2628 0.2745 0.9250
vn 0.6035 0.4885 0.6303
vn 0.5463 0.4527 0.7048
vn -0.5462 0.4528 0.7047
vn -0.6034 0.4886 0.6302
vn -0.6035 0.7181 0.3466
vn -0.0011 -0.7758 -0.6309
vn 0.7071 -0.4521 0.5437
vn -0.7071 -0.4455 0.5492
vn -0.4050 0.8920 0.2006
vn -0.4054 0.3815 0.8307
vn 0.4047 0.8922 0.2005
vn -0.4158 0.8902 0.1861
vn 0.4158 0.8902 0.1861
vn 0.0012 -0.7769 -0.6296
vn 0.0002 -0.7768 -0.6297
vn 0.7068 -0.4451 0.5499
vn 0.7070 -0.4586 0.5383
vn -0.7072 -0.4583 0.5384
vn -0.0006 -0.7773 -0.6292
vn -0.0012 -0.7771 -0.6293
vn 0.0004 -0.7778 -0.6285
vn 0.0013 -0.7774 -0.6290
vn 0.7069 0.4452 -0.5496
vn -0.0005 0.7773 0.6291
vn -0.0004 -0.7769 -0.6296
vn -0.0000 0.7773 0.6292
vn -0.0001 0.7776 0.6288
vn -0.0010 -0.7773 -0.6291
vn -0.0011 -0.7771 -0.6294
vn -0.0011 -0.7775 -0.6289
vn -0.0002 0.7775 0.6289
vn 0.0003 0.7769 0.6296
vn -0.0005 0.7769 0.6296
vn -0.0004 0.7770 0.6295
vn -0.0001 0.7775 0.6289
vn 0.0004 0.7773 0.6292
vn -0.7070 0.4546 -0.5417
vn -0.0004 -0.7776 -0.6287
vn 0.0004 -0.7776 -0.6288
vn -0.0003 -0.7778 -0.6285
vn -0.7067 -0.4451 0.5499
vn -0.7073 -0.4447 0.5494
vn -0.7073 0.4450 -0.5493
vn -1.0000 0.0001 -0.0000
vn -0.0001 -0.7770 -0.6294
vn -0.0004 0.7769 0.6297
vn 0.0006 -0.7772 -0.6292
vn 0.5000 0.2351 0.8335
vn 0.5000 -0.8642 -0.0560
vn 0.5000 0.2349 0.8335
vn 0.5001 -0.8641 -0.0566
vn 0.4997 -0.8644 -0.0569
vn 0.5002 -0.2348 -0.8335
vn 0.5002 0.8641 0.0563
vn 0.5003 -0.2347 -0.8334
vn 0.5002 0.8641 0.0561
vn 0.5000 -0.2346 -0.8336
vn 0.4999 0.8642 0.0565
vn -0.5001 0.2351 0.8334
vn -0.4999 -0.8643 -0.0561
vn -0.5002 0.2349 0.8334
vn -0.5001 -0.8641 -0.0566
vn -0.5001 0.2348 0.8335
vn -0.4997 -0.8643 -0.0570
vn -0.5002 -0.2348 -0.8335
vn -0.5002 0.8641 0.0562
vn -0.5002 -0.2347 -0.8335
vn -0.5004 0.8640 0.0561
vn -0.5001 -0.2347 -0.8336
vn 0.7074 0.5493 0.4448
vn -0.7069 -0.5496 -0.4453
vn -0.7072 0.5494 0.4450
vn -0.0000 -0.9946 0.1035
vn -0.4713 -0.2826 -0.8355
vn 0.4714 -0.2825 -0.8355
vn 0.4717 -0.8758 -0.1022
vn -0.4718 -0.8758 -0.1022
vn -0.4662 -0.8778 -0.1101
vn -0.4664 -0.2900 -0.8357
vn 0.4665 -0.2900 -0.8356
vn 0.4664 -0.8777 -0.1101
vn -0.0000 -0.9757 0.2190
vn 0.7786 -0.4877 -0.3948
vn -0.7840 -0.4824 -0.3907
vn -0.0000 -0.9777 0.2100
vn -0.0000 0.0109 -0.9999
vn 0.7841 -0.4822 -0.3906
vn -0.7143 -0.3990 0.5749
vn 0.0020 -0.7765 -0.6301
vn -0.7142 0.4794 -0.5100
vn 0.0012 -0.7784 -0.6277
vn -0.0012 -0.7784 -0.6277
vn -0.0000 0.6574 -0.7536
vn -0.0005 0.7755 0.6314
vn 0.7142 0.4793 -0.5101
vn -0.4859 -0.2722 -0.8305
vn 0.4859 -0.2722 -0.8305
vn 0.4862 -0.8689 -0.0935
vn -0.4862 -0.8688 -0.0936
vn -0.0000 -0.9583 0.2857
vn -0.7639 -0.5015 -0.4061
vn 0.7639 -0.5015 -0.4061
vn -0.0000 0.6292 -0.7772
vn 0.5350 0.7891 0.3019
vn 0.6010 0.7160 0.3552
vn 0.0009 -0.7774 -0.6291
vn 0.0011 -0.7771 -0.6293
vn 0.2613 0.9611 0.0893
vn -0.2616 0.9610 0.0893
vn -0.1742 0.9844 0.0235
vn -0.1744 0.2274 0.9581
vn -0.2618 0.2870 0.9215
vn 0.2618 0.2870 0.9215
vn 0.1824 0.2237 0.9574
vn -0.2628 0.2744 0.9250
vn -0.5464 0.4526 0.7047
vn -0.6036 0.4884 0.6302
vn -0.6037 0.7180 0.3465
vn -0.5466 0.7833 0.2959
vn 0.7071 0.4379 -0.5553
vn -0.7071 0.4380 -0.5552
vn -0.7072 -0.4519 0.5438
vn -0.4050 0.8920 0.2005
vn -0.4159 0.8902 0.1859
vn 0.0012 -0.7770 -0.6294
vn 0.7068 -0.4451 0.5498
vn -0.7070 0.4315 -0.5603
vn -0.7072 -0.4582 0.5385
vn -0.0012 -0.7771 -0.6294
vn 0.7069 0.4452 -0.5497
vn -0.7069 -0.4450 0.5497
vn -0.7069 0.4452 -0.5497
vn 0.0005 0.7769 0.6297
vn -0.0011 -0.7770 -0.6295
vn -0.0011 -0.7774 -0.6290
vn -0.0001 0.7775 0.6288
vn 0.0001 0.7770 0.6294
vn 0.0004 -0.7776 -0.6287
vn -0.0003 -0.7779 -0.6284
vn 0.0005 0.7771 0.6294
vn 0.7073 -0.4448 0.5495
vn 0.7069 -0.4451 0.5497
vn -0.7068 -0.4451 0.5499
vn -0.7074 -0.4448 0.5493
vn 0.0006 -0.7773 -0.6292
vn 0.4999 -0.8643 -0.0560
vn 0.4997 -0.8644 -0.0567
vn 0.5002 0.8641 0.0562
vn -0.5000 0.2351 0.8335
vn -0.4998 -0.8643 -0.0561
vn -0.5001 0.2350 0.8335
vn -0.5001 -0.8641 -0.0567
vn -0.5000 0.2347 0.8336
vn -0.4996 -0.8644 -0.0569
vn -0.5001 -0.2350 -0.8335
vn -0.5000 -0.2346 -0.8336
vn -0.4996 0.8644 0.0565
vn -0.0000 -0.1040 -0.9946
vn 0.7073 -0.5493 -0.4448
vn -0.7068 0.5498 0.4452
vn 0.4714 -0.2825 -0.8354
vn 0.4717 -0.8758 -0.1023
vn -0.4717 -0.8758 -0.1023
vn -0.4661 -0.8778 -0.1101
vn 0.4665 -0.2902 -0.8356
vn 0.4664 -0.8777 -0.1102
vn -0.0000 -0.9757 0.2189
vn 0.7786 -0.4877 -0.3949
vn -0.7839 -0.4826 -0.3908
vn 0.0020 -0.7778 -0.6286
vn -0.0010 0.7758 0.6309
vn 0.4862 -0.8688 -0.0936
vn -0.4861 -0.8689 -0.0935
vn 0.6012 0.4963 0.6263
vn 0.5353 0.4592 0.7089
vn 0.5350 0.7891 0.3020
vn 0.6009 0.7160 0.3553
vn 0.0004 0.7774 0.6291
vn 0.0009 -0.7773 -0.6291
vn 0.0011 -0.7771 -0.6294
vn 0.2614 0.9611 0.0894
vn -0.0000 0.6291 -0.7774
vn -0.6012 0.7158 0.3552
vn -0.5353 0.7889 0.3019
vn 0.1825 0.2238 0.9574
vn 0.5466 0.7833 0.2959
vn 0.6037 0.7180 0.3465
vn 0.6036 0.4884 0.6302
vn -0.4159 0.8902 0.1858
vn 0.4159 0.8902 0.1859
vn 0.0012 -0.7770 -0.6295
vn 0.0002 -0.7768 -0.6298
vn 0.7070 0.4315 -0.5603
vn 0.0004 -0.7779 -0.6284
vn -0.0004 -0.7768 -0.6298
vn -0.0002 0.7776 0.6288
vn -0.0000 0.7776 0.6288
vn 0.0004 0.7773 0.6291
vn -0.0004 -0.7775 -0.6289
vn 0.7072 -0.4448 0.5495
vn -0.7067 -0.4452 0.5499
vn -0.7073 -0.4448 0.5494
vn -0.7072 0.4451 -0.5493
vn 0.5000 0.2352 0.8335
vn 0.5000 0.2347 0.8336
vn 0.5001 0.8641 0.0563
vn 0.5003 -0.2349 -0.8334
vn 0.4999 0.8643 0.0565
vn -0.4998 -0.8643 -0.0560
vn -0.4999 0.2348 0.8336
vn -0.4997 -0.8644 -0.0567
vn -0.5002 0.8641 0.0563
vn -0.5003 -0.2347 -0.8335
vn -0.5004 0.8640 0.0562
vn 0.7072 0.5494 0.4449
vn 0.7073 -0.5494 -0.4448
vn -0.7074 -0.5493 -0.4448
vn 0.4713 -0.2826 -0.8354
vn -0.4662 -0.8778 -0.1102
vn 0.4664 -0.2901 -0.8356
vn 0.4663 -0.8777 -0.1103
vn -0.0000 0.0108 -0.9999
vn 0.7070 0.4546 -0.5417
vn -0.0000 -0.6005 0.7996
vn -0.4859 -0.2722 -0.8306
vn 0.4861 -0.8689 -0.0936
vn -0.5773 0.0849 0.8121
vn 0.5774 0.0849 0.8120
vn -0.5769 0.8124 -0.0853
vn 0.5772 0.8121 -0.0855
vn -0.5776 -0.0855 -0.8119
vn -0.5767 -0.8125 0.0852
vn 0.5771 -0.8122 0.0853
vn 0.5775 -0.0855 -0.8119
vn -0.7071 0.5494 0.4451
vn -0.8551 -0.0542 -0.5157
vn -0.8552 -0.5155 0.0543
vn 0.8553 -0.5153 0.0542
vn 0.8552 -0.0542 -0.5154
vn -0.5774 -0.0851 -0.8120
vn 0.5777 -0.0853 -0.8118
vn -0.5770 -0.8122 0.0853
vn 0.5772 -0.8121 0.0853
vn -0.5774 0.0851 0.8120
vn -0.5761 0.8129 -0.0859
vn 0.5764 0.8126 -0.0859
vn -0.7069 -0.5496 -0.4452
vn -0.7071 -0.5497 -0.4449
vn -0.7069 -0.5497 -0.4450
vn -0.8550 0.0542 0.5157
vn 0.7069 -0.5496 -0.4451
vn -0.0000 0.9945 -0.1052
vn -0.7069 -0.4451 0.5497
vn 0.7072 0.4450 -0.5495
vn -0.5770 0.0854 0.8123
vn 0.5770 0.0855 0.8123
vn -0.5775 0.8119 -0.0855
vn 0.5773 0.8120 -0.0856
vn -0.5771 -0.8122 0.0855
vn 0.5778 -0.8117 0.0856
vn 0.5776 -0.0853 -0.8119
vn 0.8552 -0.5155 0.0540
vn -0.5771 -0.0851 -0.8122
vn 0.5771 -0.0851 -0.8122
vn -0.5773 -0.8120 0.0854
vn 0.5772 -0.8121 0.0855
vn -0.5773 0.0853 0.8121
vn -0.5777 0.8118 -0.0852
vn 0.5779 0.8117 -0.0853
vn -0.8550 0.0542 0.5158
vn 0.8553 0.5154 -0.0541
vn 0.8551 0.0542 0.5155
vn 0.7070 -0.4451 0.5497
vn 0.7074 -0.5493 -0.4448
vn -0.7071 0.5495 0.4451
vn 0.7070 -0.5497 -0.4451
vn 0.2628 0.2747 0.9249
vn 0.1825 0.2241 0.9573
vn -0.1822 0.2241 0.9574
vn -0.2626 0.2748 0.9250
vn -0.7070 0.4546 -0.5418
vn 0.0001 0.7773 0.6292
vn -0.0002 0.7773 0.6291
vn -0.1744 0.2276 0.9580
vn 0.2620 0.2869 0.9214
vn -0.0006 0.7772 0.6292
vn -0.0009 0.7773 0.6292
vn 0.1741 0.9844 0.0234
vn 0.2617 0.9610 0.0894
vn -0.2619 0.9610 0.0894
vn -0.5460 0.4529 0.7048
vn -0.6031 0.4887 0.6304
vn -0.6033 0.7182 0.3468
vn -0.5461 0.7836 0.2962
vn 0.5463 0.4528 0.7047
vn 0.0011 -0.7783 -0.6278
vn 0.0020 -0.7777 -0.6287
vn -0.7072 -0.4519 0.5437
vn 0.7072 -0.4455 0.5490
vn 0.7071 0.4380 -0.5552
vn 0.4056 0.3813 0.8307
vn 0.4050 0.8920 0.2005
vn -0.4053 0.8919 0.2006
vn -0.4053 0.3816 0.8307
vn -0.4154 0.8904 0.1862
vn 0.4159 0.8902 0.1860
vn -0.0002 -0.7773 -0.6291
vn 0.7070 0.4315 -0.5604
vn 0.0007 -0.7774 -0.6291
vn 0.0003 0.7773 0.6292
vn 0.0008 0.7770 0.6295
vn -0.0009 -0.7774 -0.6290
vn -0.0007 -0.7777 -0.6286
vn 0.0002 -0.7777 -0.6286
vn -0.0003 0.7773 0.6292
vn -0.0005 0.7775 0.6289
vn 0.0003 -0.7768 -0.6297
vn -0.0000 -0.7769 -0.6297
vn 0.0005 -0.7770 -0.6295
vn 0.0005 0.7767 0.6299
vn -0.0004 0.7767 0.6299
vn 0.0002 0.7775 0.6289
vn -0.0002 0.7775 0.6288
vn 0.0004 -0.7774 -0.6291
vn -0.0008 0.7770 0.6295
vn -0.0005 0.7773 0.6292
vn -0.7073 0.4449 -0.5493
vn -0.7074 -0.4448 0.5494
vn 0.7069 0.4451 -0.5497
vn 0.7072 0.4451 -0.5493
vn 0.7070 0.4449 -0.5497
vn 0.7073 -0.4446 0.5496
vn 0.0002 0.7774 0.6290
vn 0.0003 0.7772 0.6292
vn -0.5000 -0.2347 -0.8336
vn -0.4999 -0.2347 -0.8336
vn -0.4999 0.8642 0.0564
vn -0.4998 -0.2350 -0.8337
vn -0.4994 -0.8646 -0.0565
vn -0.5002 0.2350 0.8334
vn -0.4998 -0.8643 -0.0564
vn -0.5004 -0.8640 -0.0566
vn -0.5000 0.2345 0.8337
vn 0.5000 0.8642 0.0565
vn 0.4998 -0.2349 -0.8337
vn 0.4998 -0.2348 -0.8337
vn 0.4997 -0.2350 -0.8337
vn 0.4998 -0.8643 -0.0564
vn 0.4999 0.2348 0.8337
vn 0.5001 -0.8642 -0.0561
vn 0.7074 -0.5494 -0.4448
vn 0.4715 -0.8759 -0.1029
vn -0.4713 -0.8759 -0.1030
vn -0.4715 -0.2824 -0.8354
vn 0.4713 -0.2825 -0.8355
vn 0.4672 -0.2894 -0.8355
vn 0.4667 -0.8776 -0.1096
vn -0.4667 -0.8775 -0.1099
vn -0.4671 -0.2896 -0.8354
vn -0.0000 0.0102 -0.9999
vn -0.7786 -0.4876 -0.3949
vn -0.0000 0.0030 -1.0000
vn 0.7786 -0.4876 -0.3949
vn -0.7841 -0.4823 -0.3905
vn 0.7069 0.4546 -0.5418
vn -0.0021 -0.7767 -0.6299
vn -0.0020 -0.7777 -0.6287
vn 0.7141 -0.3992 0.5750
vn -0.0011 -0.7783 -0.6278
vn -0.0010 -0.7758 -0.6310
vn -0.0005 -0.7754 -0.6314
vn 0.0021 -0.7767 -0.6298
vn 0.0005 -0.7755 -0.6314
vn -0.7141 -0.3992 0.5750
vn -0.4861 -0.8689 -0.0934
vn 0.4859 -0.2720 -0.8306
vn 0.7641 -0.5013 -0.4059
vn -0.0000 -0.9584 0.2854
vn -0.7640 -0.5015 -0.4060
vt 0.245485 0.530407
vt 0.243423 0.530402
vt 0.243455 0.518225
vt 0.245515 0.518228
vt 0.060961 0.013137
vt 0.060962 0.001326
vt 0.676503 0.001416
vt 0.676502 0.013223
vt 0.547554 0.538965
vt 0.545494 0.538969
vt 0.545463 0.526791
vt 0.547524 0.526786
vt 0.547524 0.521984
vt 0.545463 0.521979
vt 0.545494 0.509802
vt 0.547554 0.509805
vt 0.060962 0.058545
vt 0.060962 0.046733
vt 0.676503 0.046744
vt 0.676503 0.058555
vt 0.245515 0.547388
vt 0.243455 0.547391
vt 0.243423 0.535214
vt 0.245485 0.535209
vt 0.060961 0.032316
vt 0.676502 0.032236
vt 0.676503 0.044047
vt 0.060962 0.044127
vt 0.245478 0.534706
vt 0.243407 0.534704
vt 0.243407 0.530912
vt 0.245478 0.530910
vt 0.676503 0.044393
vt 0.676503 0.046398
vt 0.060962 0.046433
vt 0.060962 0.044428
vt 0.528837 0.522547
vt 0.544952 0.522534
vt 0.544952 0.526236
vt 0.528837 0.526223
vt 0.060961 0.028134
vt 0.676502 0.028116
vt 0.676502 0.031811
vt 0.060961 0.031827
vt 0.060960 0.015488
vt 0.060961 0.013483
vt 0.676501 0.013524
vt 0.676501 0.015529
vt 0.547518 0.526283
vt 0.545447 0.526281
vt 0.545447 0.522489
vt 0.547518 0.522487
vt 0.015841 0.616864
vt 0.015870 0.001030
vt 0.027688 0.001031
vt 0.027658 0.616865
vt 0.226798 0.530970
vt 0.242912 0.530957
vt 0.242912 0.534659
vt 0.226798 0.534646
vt 0.942347 0.205956
vt 0.958465 0.205956
vt 0.958465 0.820735
vt 0.942346 0.820735
vt 0.924178 0.205956
vt 0.940296 0.205956
vt 0.940296 0.820734
vt 0.924177 0.820735
vt 0.224324 0.535128
vt 0.226278 0.535154
vt 0.226103 0.546583
vt 0.224170 0.546556
vt 0.013143 0.616864
vt 0.001326 0.616861
vt 0.001478 0.001027
vt 0.013295 0.001030
vt 0.526209 0.510638
vt 0.528142 0.510610
vt 0.528317 0.522039
vt 0.526363 0.522065
vt 0.526363 0.526705
vt 0.528317 0.526731
vt 0.528141 0.538160
vt 0.526209 0.538132
vt 0.058698 0.616859
vt 0.046881 0.616862
vt 0.046749 0.001028
vt 0.058565 0.001025
vt 0.224170 0.519061
vt 0.226102 0.519034
vt 0.226278 0.530463
vt 0.224324 0.530489
vt 0.032343 0.616864
vt 0.032234 0.001031
vt 0.044052 0.001029
vt 0.044160 0.616862
vt 0.224321 0.530966
vt 0.226314 0.530952
vt 0.226314 0.534664
vt 0.224321 0.534650
vt 0.044397 0.001029
vt 0.046404 0.001028
vt 0.046580 0.616862
vt 0.044585 0.616862
vt 0.028147 0.616865
vt 0.028113 0.001031
vt 0.031809 0.001031
vt 0.031854 0.616865
vt 0.015495 0.616864
vt 0.013489 0.616864
vt 0.013507 0.001030
vt 0.015502 0.001030
vt 0.526360 0.522543
vt 0.528354 0.522529
vt 0.528354 0.526241
vt 0.526360 0.526227
vt 0.547612 0.509457
vt 0.547897 0.509743
vt 0.245858 0.547450
vt 0.245572 0.547736
vt 0.547897 0.539027
vt 0.547612 0.539313
vt 0.245572 0.517880
vt 0.245858 0.518167
vt 0.545153 0.539031
vt 0.545438 0.539314
vt 0.545153 0.509740
vt 0.545437 0.509456
vt 0.243113 0.547454
vt 0.243398 0.547737
vt 0.243114 0.518163
vt 0.243398 0.517879
vt 0.547881 0.526784
vt 0.547874 0.526281
vt 0.547881 0.521986
vt 0.547874 0.522489
vt 0.245841 0.535207
vt 0.245834 0.534704
vt 0.245841 0.530409
vt 0.245834 0.530912
vt 0.545118 0.526802
vt 0.544899 0.526555
vt 0.545118 0.521968
vt 0.544899 0.522215
vt 0.243078 0.535225
vt 0.242859 0.534978
vt 0.243078 0.530391
vt 0.242859 0.530638
vt 0.526151 0.538456
vt 0.525888 0.538186
vt 0.223848 0.519008
vt 0.224112 0.518738
vt 0.525888 0.510585
vt 0.526151 0.510315
vt 0.224112 0.546879
vt 0.223848 0.546609
vt 0.528461 0.510548
vt 0.528191 0.510286
vt 0.528461 0.538222
vt 0.528190 0.538485
vt 0.226422 0.518971
vt 0.226151 0.518709
vt 0.226422 0.546646
vt 0.226151 0.546908
vt 0.526025 0.522066
vt 0.526020 0.522543
vt 0.526025 0.526704
vt 0.526019 0.526227
vt 0.223986 0.530489
vt 0.223980 0.530966
vt 0.223986 0.535127
vt 0.223980 0.534651
vt 0.528644 0.522018
vt 0.528867 0.522240
vt 0.528644 0.526752
vt 0.528867 0.526530
vt 0.226604 0.530441
vt 0.226827 0.530663
vt 0.226604 0.535176
vt 0.226827 0.534953
vt 0.060961 0.015834
vt 0.676501 0.015829
vt 0.676503 0.001070
vt 0.060962 0.001025
vt 0.676503 0.058901
vt 0.060962 0.058913
vt 0.060961 0.027645
vt 0.676501 0.027641
vt 0.001132 0.001027
vt 0.001025 0.616861
vt 0.058910 0.001025
vt 0.058910 0.616859
vt 0.544951 0.526581
vt 0.528837 0.526568
vt 0.528837 0.522202
vt 0.544951 0.522189
vt 0.242912 0.535004
vt 0.226797 0.534991
vt 0.242912 0.530612
vt 0.226797 0.530625
vt 0.291294 0.566657
vt 0.292482 0.565924
vt 0.292512 0.566237
vt 0.290976 0.567576
vt 0.438115 0.572160
vt 0.438115 0.571300
vt 0.441355 0.571300
vt 0.441355 0.572160
vt 0.296423 0.559036
vt 0.296041 0.557256
vt 0.296555 0.557188
vt 0.296794 0.559022
vt 0.289089 0.561643
vt 0.289523 0.563062
vt 0.289268 0.563201
vt 0.288850 0.561762
vt 0.289943 0.564405
vt 0.290687 0.565550
vt 0.290478 0.565833
vt 0.289712 0.564619
vt 0.296685 0.560593
vt 0.296987 0.560668
vt 0.289497 0.560408
vt 0.289168 0.560398
vt 0.296179 0.561999
vt 0.296482 0.562151
vt 0.290145 0.558941
vt 0.289749 0.558891
vt 0.295501 0.563300
vt 0.295745 0.563475
vt 0.291030 0.557305
vt 0.290429 0.557164
vt 0.294722 0.564489
vt 0.294928 0.564737
vt 0.292363 0.555291
vt 0.291230 0.554891
vt 0.293734 0.565366
vt 0.293800 0.565628
vt 0.295974 0.554416
vt 0.293864 0.554647
vt 0.294893 0.553661
vt 0.296283 0.554742
vt 0.290755 0.565365
vt 0.289998 0.564282
vt 0.289595 0.562986
vt 0.289119 0.561524
vt 0.289635 0.560364
vt 0.290321 0.558901
vt 0.291358 0.557320
vt 0.293118 0.555766
vt 0.295400 0.555239
vt 0.295819 0.557341
vt 0.296279 0.559019
vt 0.296615 0.560542
vt 0.296062 0.561932
vt 0.295426 0.563228
vt 0.294663 0.564375
vt 0.293769 0.565268
vt 0.292530 0.565767
vt 0.291546 0.565981
vt 0.291184 0.567063
vt 0.290471 0.566001
vt 0.289637 0.564756
vt 0.289202 0.563282
vt 0.288761 0.561867
vt 0.289017 0.560447
vt 0.289567 0.558931
vt 0.290096 0.557144
vt 0.290391 0.554860
vt 0.295967 0.553253
vt 0.296413 0.555085
vt 0.296785 0.557183
vt 0.296937 0.559044
vt 0.297113 0.560728
vt 0.296610 0.562225
vt 0.295824 0.563551
vt 0.295005 0.564870
vt 0.293780 0.565742
vt 0.292432 0.566330
vt 0.267501 0.533808
vt 0.267501 0.537530
vt 0.264866 0.537530
vt 0.264866 0.533808
vt 0.267501 0.517879
vt 0.267501 0.521601
vt 0.264866 0.521601
vt 0.264866 0.517879
vt 0.275106 0.576270
vt 0.278434 0.578193
vt 0.278433 0.582036
vt 0.275104 0.583956
vt 0.271776 0.582034
vt 0.271777 0.578191
vt 0.267501 0.525843
vt 0.267501 0.529565
vt 0.264866 0.529565
vt 0.264866 0.525843
vt 0.267501 0.537790
vt 0.267501 0.541512
vt 0.264866 0.541512
vt 0.264866 0.537790
vt 0.267501 0.521861
vt 0.267501 0.525583
vt 0.264866 0.525583
vt 0.264866 0.521861
vt 0.093581 0.579590
vt 0.093581 0.575747
vt 0.096910 0.573827
vt 0.100238 0.575749
vt 0.100238 0.579593
vt 0.096909 0.581513
vt 0.271702 0.577983
vt 0.271560 0.578230
vt 0.274964 0.576103
vt 0.275248 0.576103
vt 0.278508 0.577986
vt 0.278650 0.578232
vt 0.278650 0.581996
vt 0.278508 0.582243
vt 0.275246 0.584124
vt 0.274962 0.584124
vt 0.271702 0.582241
vt 0.271560 0.581995
vt 0.093365 0.575787
vt 0.093506 0.575540
vt 0.093365 0.579551
vt 0.093507 0.579797
vt 0.096767 0.581680
vt 0.097051 0.581680
vt 0.100313 0.579800
vt 0.100454 0.579553
vt 0.100454 0.575789
vt 0.100312 0.575543
vt 0.097052 0.573660
vt 0.096768 0.573659
vt 0.264866 0.533548
vt 0.267501 0.533548
vt 0.267501 0.529825
vt 0.264866 0.529825
vt 0.267501 0.541772
vt 0.264866 0.541772
vt 0.290795 0.568074
vt 0.289142 0.567153
vt 0.287916 0.565754
vt 0.287107 0.564036
vt 0.286653 0.562239
vt 0.286639 0.560423
vt 0.286860 0.558665
vt 0.286965 0.557156
vt 0.286907 0.555668
vt 0.299506 0.553983
vt 0.299468 0.555328
vt 0.299669 0.557184
vt 0.299669 0.559109
vt 0.299490 0.561144
vt 0.298860 0.563058
vt 0.297834 0.564839
vt 0.296521 0.566396
vt 0.294866 0.567514
vt 0.292930 0.568144
vt 0.438115 0.574739
vt 0.438115 0.573879
vt 0.441355 0.573879
vt 0.441355 0.574739
vt 0.438115 0.581615
vt 0.438115 0.580756
vt 0.441355 0.580756
vt 0.441355 0.581615
vt 0.438115 0.573019
vt 0.441355 0.573019
vt 0.438115 0.567002
vt 0.438115 0.566143
vt 0.441355 0.566143
vt 0.441355 0.567002
vt 0.338707 0.546295
vt 0.338206 0.546891
vt 0.337531 0.547279
vt 0.336764 0.547413
vt 0.335998 0.547277
vt 0.335325 0.546887
vt 0.334826 0.546291
vt 0.334560 0.545560
vt 0.334560 0.544783
vt 0.334827 0.544053
vt 0.335326 0.543458
vt 0.336000 0.543063
vt 0.336770 0.542934
vt 0.337535 0.543071
vt 0.338207 0.543459
vt 0.338708 0.544053
vt 0.338973 0.544785
vt 0.338973 0.545563
vt 0.438115 0.567862
vt 0.441355 0.567862
vt 0.438115 0.577317
vt 0.438115 0.576458
vt 0.441355 0.576458
vt 0.441355 0.577317
vt 0.438115 0.568721
vt 0.441355 0.568721
vt 0.438115 0.578177
vt 0.441355 0.578177
vt 0.438115 0.575598
vt 0.441355 0.575598
vt 0.438115 0.569581
vt 0.441355 0.569581
vt 0.438115 0.579036
vt 0.441355 0.579036
vt 0.438115 0.570441
vt 0.441355 0.570441
vt 0.438115 0.579896
vt 0.441355 0.579896
vt 0.338987 0.546456
vt 0.338414 0.547139
vt 0.339292 0.545619
vt 0.339292 0.544729
vt 0.338988 0.543892
vt 0.338414 0.543211
vt 0.337644 0.542768
vt 0.336773 0.542614
vt 0.335910 0.542752
vt 0.335117 0.543213
vt 0.335870 0.542765
vt 0.334548 0.543891
vt 0.334242 0.544726
vt 0.334242 0.545615
vt 0.334545 0.546452
vt 0.335117 0.547135
vt 0.335888 0.547581
vt 0.336764 0.547737
vt 0.337641 0.547584
vt 0.249062 0.554650
vt 0.248114 0.555308
vt 0.248066 0.555034
vt 0.249182 0.553849
vt 0.582544 0.546381
vt 0.582544 0.547240
vt 0.579303 0.547240
vt 0.579303 0.546381
vt 0.244989 0.561717
vt 0.245416 0.563491
vt 0.244738 0.563494
vt 0.244594 0.561677
vt 0.251703 0.559031
vt 0.251179 0.557777
vt 0.251414 0.557634
vt 0.251945 0.558919
vt 0.250643 0.556581
vt 0.249811 0.555603
vt 0.249974 0.555327
vt 0.250845 0.556367
vt 0.244724 0.560305
vt 0.244446 0.560171
vt 0.251478 0.560240
vt 0.251802 0.560241
vt 0.245130 0.558942
vt 0.244853 0.558787
vt 0.251000 0.561625
vt 0.251363 0.561677
vt 0.245652 0.557734
vt 0.245432 0.557574
vt 0.250276 0.563116
vt 0.250756 0.563267
vt 0.246264 0.556653
vt 0.246077 0.556436
vt 0.249041 0.564787
vt 0.249789 0.565233
vt 0.247067 0.555848
vt 0.246998 0.555613
vt 0.247095 0.568781
vt 0.248766 0.568962
vt 0.249770 0.555767
vt 0.250596 0.556691
vt 0.251107 0.557846
vt 0.251654 0.559119
vt 0.251340 0.560274
vt 0.250843 0.561646
vt 0.250036 0.563084
vt 0.248706 0.564455
vt 0.246611 0.566275
vt 0.245783 0.563488
vt 0.245162 0.561781
vt 0.244788 0.560423
vt 0.245232 0.559025
vt 0.245717 0.557812
vt 0.246317 0.556761
vt 0.247040 0.555947
vt 0.248091 0.555451
vt 0.248975 0.555230
vt 0.245747 0.566320
vt 0.244538 0.566170
vt 0.249126 0.554282
vt 0.249973 0.555187
vt 0.250910 0.556242
vt 0.251482 0.557564
vt 0.252046 0.558834
vt 0.251955 0.560203
vt 0.251529 0.561655
vt 0.251011 0.563298
vt 0.250154 0.565457
vt 0.249812 0.568706
vt 0.243798 0.565833
vt 0.244383 0.563462
vt 0.244421 0.561608
vt 0.244334 0.560053
vt 0.244741 0.558693
vt 0.245362 0.557492
vt 0.246008 0.556311
vt 0.247010 0.555500
vt 0.248126 0.554935
vt 0.290138 0.546983
vt 0.286415 0.546983
vt 0.286415 0.544349
vt 0.290138 0.544349
vt 0.306066 0.546983
vt 0.302344 0.546983
vt 0.302344 0.544349
vt 0.306066 0.544349
vt 0.345169 0.576361
vt 0.348497 0.578283
vt 0.348496 0.582127
vt 0.345167 0.584047
vt 0.341839 0.582125
vt 0.341840 0.578281
vt 0.298102 0.546983
vt 0.294380 0.546983
vt 0.294380 0.544349
vt 0.298102 0.544349
vt 0.286155 0.546983
vt 0.282433 0.546983
vt 0.282433 0.544349
vt 0.286155 0.544349
vt 0.302084 0.546983
vt 0.298362 0.546983
vt 0.298362 0.544349
vt 0.302084 0.544349
vt 0.062620 0.579591
vt 0.062620 0.575747
vt 0.065949 0.573827
vt 0.069277 0.575749
vt 0.069277 0.579593
vt 0.065948 0.581513
vt 0.341765 0.578074
vt 0.341623 0.578321
vt 0.345027 0.576194
vt 0.345311 0.576194
vt 0.348571 0.578077
vt 0.348713 0.578323
vt 0.348713 0.582087
vt 0.348571 0.582334
vt 0.345309 0.584215
vt 0.345025 0.584215
vt 0.341765 0.582331
vt 0.341623 0.582085
vt 0.062404 0.575787
vt 0.062545 0.575540
vt 0.062404 0.579551
vt 0.062546 0.579797
vt 0.065806 0.581680
vt 0.066090 0.581681
vt 0.069352 0.579800
vt 0.069493 0.579553
vt 0.069493 0.575789
vt 0.069351 0.575543
vt 0.066091 0.573660
vt 0.065807 0.573660
vt 0.290398 0.544349
vt 0.290398 0.546983
vt 0.294120 0.546983
vt 0.294120 0.544349
vt 0.282173 0.546983
vt 0.282173 0.544349
vt 0.249548 0.553253
vt 0.251155 0.553954
vt 0.252450 0.555135
vt 0.253399 0.556665
vt 0.254042 0.558347
vt 0.254252 0.560137
vt 0.254180 0.561982
vt 0.254133 0.563749
vt 0.254020 0.565634
vt 0.254252 0.567515
vt 0.240784 0.563823
vt 0.241391 0.562461
vt 0.241804 0.561068
vt 0.242134 0.559438
vt 0.242718 0.557888
vt 0.243565 0.556388
vt 0.244635 0.555015
vt 0.246007 0.553988
vt 0.247653 0.553345
vt 0.582544 0.543802
vt 0.582544 0.544662
vt 0.579303 0.544662
vt 0.579303 0.543802
vt 0.582544 0.536925
vt 0.582544 0.537785
vt 0.579303 0.537785
vt 0.579303 0.536925
vt 0.582544 0.545521
vt 0.579303 0.545521
vt 0.582544 0.536066
vt 0.579303 0.536066
vt 0.581827 0.571435
vt 0.582593 0.571570
vt 0.583266 0.571959
vt 0.583766 0.572556
vt 0.584031 0.573287
vt 0.584031 0.574064
vt 0.583764 0.574795
vt 0.583265 0.575391
vt 0.582592 0.575779
vt 0.581827 0.575916
vt 0.581056 0.575793
vt 0.580385 0.575391
vt 0.579887 0.574794
vt 0.579621 0.574063
vt 0.579622 0.573285
vt 0.579887 0.572555
vt 0.580387 0.571959
vt 0.581061 0.571570
vt 0.582544 0.550679
vt 0.582544 0.551538
vt 0.579303 0.551538
vt 0.579303 0.550679
vt 0.582544 0.541223
vt 0.582544 0.542083
vt 0.579303 0.542083
vt 0.579303 0.541223
vt 0.582544 0.549819
vt 0.579303 0.549819
vt 0.582544 0.540364
vt 0.579303 0.540364
vt 0.582544 0.542942
vt 0.579303 0.542942
vt 0.582544 0.548960
vt 0.579303 0.548960
vt 0.582544 0.539504
vt 0.579303 0.539504
vt 0.582544 0.548100
vt 0.579303 0.548100
vt 0.582544 0.538644
vt 0.579303 0.538644
vt 0.581826 0.571111
vt 0.582704 0.571265
vt 0.580950 0.571266
vt 0.580180 0.571711
vt 0.579607 0.572392
vt 0.579304 0.573229
vt 0.579303 0.574119
vt 0.579607 0.574954
vt 0.580174 0.575633
vt 0.580922 0.576091
vt 0.581832 0.576237
vt 0.580968 0.576105
vt 0.582703 0.576082
vt 0.583472 0.575638
vt 0.584044 0.574956
vt 0.584350 0.574120
vt 0.584350 0.573230
vt 0.584046 0.572394
vt 0.583475 0.571712
vt 0.265129 0.554813
vt 0.263909 0.555488
vt 0.263896 0.555174
vt 0.265495 0.553909
vt 0.339292 0.559243
vt 0.339292 0.560102
vt 0.336052 0.560102
vt 0.336052 0.559243
vt 0.259637 0.562174
vt 0.259931 0.563971
vt 0.259413 0.564014
vt 0.259265 0.562169
vt 0.267052 0.559916
vt 0.266700 0.558486
vt 0.266955 0.558361
vt 0.267271 0.559800
vt 0.266359 0.557129
vt 0.265679 0.555951
vt 0.265903 0.555680
vt 0.266602 0.556931
vt 0.259452 0.560605
vt 0.259154 0.560515
vt 0.266659 0.561125
vt 0.267006 0.561144
vt 0.260026 0.559225
vt 0.259731 0.559059
vt 0.265925 0.562563
vt 0.266323 0.562634
vt 0.260767 0.557959
vt 0.260532 0.557772
vt 0.264948 0.564161
vt 0.265542 0.564334
vt 0.261603 0.556811
vt 0.261410 0.556553
vt 0.263506 0.566111
vt 0.264616 0.566569
vt 0.262633 0.555984
vt 0.262580 0.555719
vt 0.259856 0.566817
vt 0.261977 0.566683
vt 0.260901 0.567619
vt 0.259564 0.566475
vt 0.265601 0.556131
vt 0.266298 0.557248
vt 0.266628 0.558558
vt 0.267034 0.560037
vt 0.266505 0.561166
vt 0.265743 0.562595
vt 0.264620 0.564129
vt 0.262778 0.565599
vt 0.260470 0.566020
vt 0.260156 0.563897
vt 0.259780 0.562197
vt 0.259519 0.560659
vt 0.260139 0.559298
vt 0.260838 0.558035
vt 0.261656 0.556927
vt 0.262592 0.556080
vt 0.263853 0.555642
vt 0.264842 0.555477
vt 0.265264 0.554414
vt 0.265920 0.555514
vt 0.266685 0.556799
vt 0.267023 0.558283
vt 0.267337 0.559697
vt 0.267182 0.561100
vt 0.266511 0.562602
vt 0.265872 0.564371
vt 0.265450 0.566644
vt 0.259808 0.567975
vt 0.259452 0.566124
vt 0.259183 0.564009
vt 0.259124 0.562140
vt 0.259031 0.560449
vt 0.259607 0.558978
vt 0.260457 0.557693
vt 0.261340 0.556416
vt 0.262607 0.555607
vt 0.263981 0.555086
vt 0.331308 0.334695
vt 0.331308 0.330973
vt 0.333942 0.330973
vt 0.333942 0.334696
vt 0.331308 0.350624
vt 0.331308 0.346902
vt 0.333942 0.346902
vt 0.333942 0.350624
vt 0.314404 0.576289
vt 0.317732 0.578211
vt 0.317731 0.582054
vt 0.314402 0.583975
vt 0.311074 0.582052
vt 0.311075 0.578209
vt 0.331308 0.342660
vt 0.331308 0.338938
vt 0.333942 0.338938
vt 0.333942 0.342660
vt 0.331308 0.354606
vt 0.331308 0.350884
vt 0.333942 0.350884
vt 0.333942 0.354606
vt 0.331308 0.346642
vt 0.331308 0.342920
vt 0.333942 0.342920
vt 0.333942 0.346642
vt 0.497878 0.577100
vt 0.497878 0.573257
vt 0.501207 0.571337
vt 0.504535 0.573259
vt 0.504535 0.577103
vt 0.501206 0.579023
vt 0.311000 0.578002
vt 0.310858 0.578249
vt 0.314262 0.576121
vt 0.314546 0.576121
vt 0.317806 0.578004
vt 0.317948 0.578250
vt 0.317948 0.582015
vt 0.317806 0.582262
vt 0.314544 0.584142
vt 0.314260 0.584142
vt 0.311000 0.582259
vt 0.310858 0.582013
vt 0.497662 0.573297
vt 0.497804 0.573050
vt 0.497662 0.577061
vt 0.497804 0.577307
vt 0.501064 0.579190
vt 0.501348 0.579190
vt 0.504610 0.577310
vt 0.504751 0.577063
vt 0.504751 0.573299
vt 0.504609 0.573053
vt 0.501350 0.571169
vt 0.501065 0.571169
vt 0.333942 0.334956
vt 0.331308 0.334956
vt 0.331308 0.338678
vt 0.333942 0.338678
vt 0.331308 0.330713
vt 0.333942 0.330713
vt 0.265708 0.553435
vt 0.267310 0.554447
vt 0.268458 0.555921
vt 0.269164 0.557699
vt 0.269510 0.559555
vt 0.269510 0.561313
vt 0.269197 0.563045
vt 0.269005 0.564544
vt 0.268980 0.566034
vt 0.256307 0.567072
vt 0.256411 0.565730
vt 0.256302 0.563866
vt 0.256397 0.561941
vt 0.256676 0.559917
vt 0.257401 0.558035
vt 0.258514 0.556307
vt 0.259903 0.554818
vt 0.261611 0.553784
vt 0.263577 0.553253
vt 0.339292 0.556664
vt 0.339292 0.557524
vt 0.336052 0.557524
vt 0.336052 0.556664
vt 0.339292 0.549787
vt 0.339292 0.550647
vt 0.336052 0.550647
vt 0.336052 0.549787
vt 0.339292 0.558383
vt 0.336052 0.558383
vt 0.339292 0.564400
vt 0.339292 0.565260
vt 0.336052 0.565260
vt 0.336052 0.564400
vt 0.512531 0.577779
vt 0.512030 0.578376
vt 0.511355 0.578764
vt 0.510589 0.578898
vt 0.509823 0.578762
vt 0.509149 0.578372
vt 0.508650 0.577776
vt 0.508384 0.577045
vt 0.508385 0.576268
vt 0.508651 0.575538
vt 0.509150 0.574943
vt 0.509824 0.574548
vt 0.510594 0.574419
vt 0.511359 0.574556
vt 0.512031 0.574944
vt 0.512532 0.575538
vt 0.512798 0.576270
vt 0.512798 0.577048
vt 0.339292 0.563541
vt 0.336052 0.563541
vt 0.339292 0.554085
vt 0.339292 0.554945
vt 0.336052 0.554945
vt 0.336052 0.554085
vt 0.339292 0.562681
vt 0.336052 0.562681
vt 0.339292 0.553226
vt 0.336052 0.553226
vt 0.339292 0.555804
vt 0.336052 0.555804
vt 0.339292 0.561821
vt 0.336052 0.561821
vt 0.339292 0.552366
vt 0.336052 0.552366
vt 0.339292 0.560962
vt 0.336052 0.560962
vt 0.339292 0.551506
vt 0.336052 0.551506
vt 0.512812 0.577941
vt 0.512239 0.578624
vt 0.513116 0.577104
vt 0.513116 0.576214
vt 0.512812 0.575377
vt 0.512239 0.574696
vt 0.511469 0.574253
vt 0.510598 0.574099
vt 0.509734 0.574237
vt 0.508942 0.574698
vt 0.509694 0.574250
vt 0.508373 0.575376
vt 0.508067 0.576211
vt 0.508066 0.577100
vt 0.508369 0.577937
vt 0.508941 0.578620
vt 0.509712 0.579066
vt 0.510588 0.579222
vt 0.511465 0.579069
vt 0.276130 0.565443
vt 0.278002 0.566648
vt 0.276883 0.567723
vt 0.275181 0.566535
vt 0.542846 0.581061
vt 0.542846 0.580201
vt 0.546086 0.580201
vt 0.546086 0.581061
vt 0.281535 0.557052
vt 0.280983 0.555794
vt 0.281170 0.555577
vt 0.281740 0.556870
vt 0.274714 0.559240
vt 0.274700 0.560550
vt 0.274399 0.560496
vt 0.274517 0.559072
vt 0.274793 0.562040
vt 0.275320 0.563572
vt 0.274818 0.563773
vt 0.274394 0.562051
vt 0.282175 0.558366
vt 0.282378 0.558181
vt 0.275705 0.558066
vt 0.275475 0.557831
vt 0.282076 0.559495
vt 0.282362 0.559448
vt 0.276802 0.556975
vt 0.276623 0.556742
vt 0.281769 0.560823
vt 0.282089 0.560815
vt 0.277941 0.555989
vt 0.277816 0.555702
vt 0.281285 0.562276
vt 0.281704 0.562313
vt 0.279194 0.555305
vt 0.279150 0.555046
vt 0.280444 0.563873
vt 0.281038 0.564004
vt 0.280820 0.553869
vt 0.280602 0.554271
vt 0.275577 0.563447
vt 0.274969 0.562065
vt 0.274809 0.560598
vt 0.274710 0.559332
vt 0.275780 0.558159
vt 0.276841 0.557054
vt 0.277954 0.556103
vt 0.279091 0.555410
vt 0.280528 0.554564
vt 0.280982 0.555986
vt 0.281494 0.557150
vt 0.282166 0.558518
vt 0.281962 0.559555
vt 0.281642 0.560873
vt 0.281089 0.562317
vt 0.280116 0.563847
vt 0.278611 0.565540
vt 0.276791 0.564607
vt 0.279325 0.565935
vt 0.280403 0.566249
vt 0.275056 0.566180
vt 0.274617 0.563870
vt 0.274196 0.562028
vt 0.274292 0.560447
vt 0.274452 0.558970
vt 0.275391 0.557729
vt 0.276583 0.556663
vt 0.277792 0.555566
vt 0.279188 0.554975
vt 0.280405 0.554677
vt 0.281190 0.555441
vt 0.281772 0.556770
vt 0.282441 0.558045
vt 0.282485 0.559380
vt 0.282225 0.560763
vt 0.281920 0.562275
vt 0.281360 0.564026
vt 0.281178 0.566243
vt 0.275736 0.568148
vt 0.328287 0.544349
vt 0.332009 0.544349
vt 0.332009 0.546983
vt 0.328287 0.546983
vt 0.312358 0.544349
vt 0.316080 0.544349
vt 0.316080 0.546983
vt 0.312358 0.546983
vt 0.296123 0.578048
vt 0.292795 0.576125
vt 0.292796 0.572282
vt 0.296125 0.570361
vt 0.299453 0.572284
vt 0.299453 0.576127
vt 0.320323 0.544349
vt 0.324045 0.544349
vt 0.324045 0.546983
vt 0.320323 0.546983
vt 0.308376 0.544349
vt 0.312098 0.544349
vt 0.312098 0.546983
vt 0.308376 0.546983
vt 0.316341 0.544349
vt 0.320063 0.544349
vt 0.320063 0.546983
vt 0.316340 0.546983
vt 0.082342 0.579590
vt 0.082342 0.575747
vt 0.085671 0.573827
vt 0.088999 0.575749
vt 0.088999 0.579593
vt 0.085670 0.581513
vt 0.299527 0.576335
vt 0.299669 0.576088
vt 0.296265 0.578215
vt 0.295981 0.578215
vt 0.292721 0.576332
vt 0.292579 0.576086
vt 0.292579 0.572321
vt 0.292722 0.572075
vt 0.295983 0.570194
vt 0.296267 0.570194
vt 0.299527 0.572078
vt 0.299669 0.572323
vt 0.082126 0.575787
vt 0.082267 0.575540
vt 0.082126 0.579551
vt 0.082268 0.579797
vt 0.085528 0.581680
vt 0.085812 0.581680
vt 0.089074 0.579800
vt 0.089215 0.579553
vt 0.089215 0.575789
vt 0.089073 0.575543
vt 0.085813 0.573660
vt 0.085529 0.573659
vt 0.328027 0.546983
vt 0.328027 0.544349
vt 0.324305 0.544349
vt 0.324305 0.546983
vt 0.308116 0.546983
vt 0.308116 0.544349
vt 0.271775 0.565939
vt 0.271603 0.563968
vt 0.271560 0.561953
vt 0.271877 0.560003
vt 0.272458 0.558060
vt 0.273538 0.556342
vt 0.275021 0.554882
vt 0.276749 0.553784
vt 0.278640 0.553253
vt 0.280594 0.553400
vt 0.282230 0.554280
vt 0.283469 0.555706
vt 0.284260 0.557330
vt 0.284589 0.559067
vt 0.284589 0.560814
vt 0.284528 0.562394
vt 0.284384 0.563948
vt 0.284488 0.565360
vt 0.271953 0.567630
vt 0.542846 0.568167
vt 0.542846 0.567307
vt 0.546086 0.567307
vt 0.546086 0.568167
vt 0.542846 0.575043
vt 0.542846 0.574184
vt 0.546086 0.574184
vt 0.546086 0.575043
vt 0.542846 0.581920
vt 0.546086 0.581920
vt 0.542846 0.575903
vt 0.546086 0.575903
vt 0.579622 0.580460
vt 0.579886 0.579728
vt 0.580380 0.579123
vt 0.581061 0.578742
vt 0.581828 0.578609
vt 0.582593 0.578744
vt 0.583266 0.579133
vt 0.583767 0.579728
vt 0.584033 0.580459
vt 0.584033 0.581237
vt 0.583769 0.581968
vt 0.583268 0.582564
vt 0.582594 0.582952
vt 0.581828 0.583087
vt 0.581062 0.582951
vt 0.580388 0.582563
vt 0.579888 0.581968
vt 0.579622 0.581237
vt 0.542846 0.582780
vt 0.546086 0.582780
vt 0.542846 0.576762
vt 0.546086 0.576762
vt 0.542846 0.570745
vt 0.542846 0.569886
vt 0.546086 0.569886
vt 0.546086 0.570745
vt 0.542846 0.577622
vt 0.546086 0.577622
vt 0.542846 0.571605
vt 0.546086 0.571605
vt 0.542846 0.569026
vt 0.546086 0.569026
vt 0.542846 0.578482
vt 0.546086 0.578482
vt 0.542846 0.572465
vt 0.546086 0.572465
vt 0.542846 0.579341
vt 0.546086 0.579341
vt 0.542846 0.573324
vt 0.546086 0.573324
vt 0.579304 0.580405
vt 0.579605 0.579571
vt 0.579303 0.581293
vt 0.579608 0.582129
vt 0.580180 0.582811
vt 0.580951 0.583255
vt 0.581828 0.583410
vt 0.582704 0.583256
vt 0.583475 0.582812
vt 0.584049 0.582131
vt 0.584352 0.581293
vt 0.584352 0.580402
vt 0.584047 0.579567
vt 0.583475 0.578885
vt 0.582703 0.578440
vt 0.581827 0.578287
vt 0.580956 0.578439
vt 0.580190 0.578860
vt 0.580154 0.578889
vt 0.490441 0.570923
vt 0.490736 0.569189
vt 0.490866 0.569513
vt 0.490149 0.570744
vt 0.336052 0.582782
vt 0.336052 0.581923
vt 0.339292 0.581923
vt 0.339292 0.582782
vt 0.487679 0.560550
vt 0.486246 0.560046
vt 0.486173 0.559730
vt 0.487650 0.560224
vt 0.484814 0.567408
vt 0.485947 0.568261
vt 0.485766 0.568460
vt 0.484620 0.567471
vt 0.487168 0.569171
vt 0.488658 0.569686
vt 0.488523 0.570019
vt 0.487007 0.569448
vt 0.489314 0.561051
vt 0.489260 0.560678
vt 0.484571 0.565847
vt 0.484253 0.565884
vt 0.490398 0.561909
vt 0.490524 0.561525
vt 0.484423 0.564210
vt 0.484124 0.564208
vt 0.491678 0.563162
vt 0.491955 0.562634
vt 0.484372 0.562597
vt 0.484052 0.562516
vt 0.493264 0.564895
vt 0.493927 0.563902
vt 0.484641 0.561076
vt 0.484388 0.560946
vt 0.491886 0.567840
vt 0.493293 0.566164
vt 0.493950 0.567175
vt 0.492125 0.568397
vt 0.484465 0.558622
vt 0.484670 0.559149
vt 0.488667 0.569537
vt 0.487222 0.569091
vt 0.486008 0.568215
vt 0.484814 0.567462
vt 0.484673 0.565838
vt 0.484503 0.564223
vt 0.484471 0.562657
vt 0.484660 0.561234
vt 0.484877 0.559409
vt 0.486448 0.560192
vt 0.487759 0.560673
vt 0.489477 0.561222
vt 0.490395 0.562113
vt 0.491583 0.563469
vt 0.492605 0.565514
vt 0.491832 0.567480
vt 0.490761 0.568952
vt 0.490060 0.569799
vt 0.489885 0.570524
vt 0.488468 0.570137
vt 0.486937 0.569561
vt 0.485711 0.568502
vt 0.484556 0.567467
vt 0.484139 0.565893
vt 0.484045 0.564194
vt 0.483929 0.562451
vt 0.484354 0.560872
vt 0.484880 0.559644
vt 0.486041 0.559614
vt 0.487559 0.560104
vt 0.489141 0.560483
vt 0.490518 0.561313
vt 0.492051 0.562333
vt 0.494169 0.563082
vt 0.494169 0.568030
vt 0.492185 0.568743
vt 0.490824 0.569696
vt 0.338626 0.376567
vt 0.338626 0.380289
vt 0.335992 0.380289
vt 0.335992 0.376567
vt 0.338626 0.360638
vt 0.338626 0.364360
vt 0.335992 0.364360
vt 0.335992 0.360638
vt 0.305264 0.576289
vt 0.308592 0.578211
vt 0.308592 0.582054
vt 0.305263 0.583975
vt 0.301935 0.582052
vt 0.301935 0.578209
vt 0.338626 0.368603
vt 0.338626 0.372325
vt 0.335992 0.372325
vt 0.335992 0.368603
vt 0.338626 0.356656
vt 0.338626 0.360378
vt 0.335992 0.360378
vt 0.335992 0.356656
vt 0.338626 0.364621
vt 0.338626 0.368343
vt 0.335992 0.368343
vt 0.335992 0.364621
vt 0.247658 0.573102
vt 0.247658 0.576945
vt 0.244328 0.578865
vt 0.241000 0.576943
vt 0.241001 0.573099
vt 0.244330 0.571179
vt 0.301860 0.578002
vt 0.301719 0.578249
vt 0.305122 0.576121
vt 0.305406 0.576121
vt 0.308666 0.578004
vt 0.308808 0.578250
vt 0.308808 0.582015
vt 0.308667 0.582262
vt 0.305405 0.584142
vt 0.305121 0.584142
vt 0.301861 0.582259
vt 0.301719 0.582013
vt 0.247874 0.576905
vt 0.247732 0.577152
vt 0.247874 0.573141
vt 0.247732 0.572895
vt 0.244472 0.571012
vt 0.244188 0.571012
vt 0.240927 0.572892
vt 0.240784 0.573138
vt 0.240784 0.576903
vt 0.240927 0.577149
vt 0.244186 0.579033
vt 0.244470 0.579033
vt 0.335992 0.376307
vt 0.338626 0.376307
vt 0.338626 0.372585
vt 0.335992 0.372585
vt 0.338626 0.380549
vt 0.335992 0.380549
vt 0.489522 0.572330
vt 0.487599 0.572133
vt 0.485733 0.571401
vt 0.484085 0.570163
vt 0.482709 0.568531
vt 0.481875 0.566545
vt 0.481568 0.564344
vt 0.481768 0.562169
vt 0.482560 0.560227
vt 0.483973 0.558695
vt 0.485773 0.557934
vt 0.487766 0.557839
vt 0.489583 0.558129
vt 0.491265 0.558725
vt 0.492806 0.559325
vt 0.494111 0.559533
vt 0.494002 0.571387
vt 0.492760 0.571543
vt 0.491350 0.571915
vt 0.336052 0.569889
vt 0.336052 0.569029
vt 0.339292 0.569029
vt 0.339292 0.569889
vt 0.336052 0.576765
vt 0.336052 0.575906
vt 0.339292 0.575906
vt 0.339292 0.576765
vt 0.336052 0.568169
vt 0.336052 0.567310
vt 0.339292 0.567310
vt 0.339292 0.568169
vt 0.336052 0.577625
vt 0.339292 0.577625
vt 0.536835 0.577740
vt 0.537509 0.577352
vt 0.538275 0.577218
vt 0.539041 0.577353
vt 0.539722 0.577735
vt 0.540215 0.578341
vt 0.540478 0.579072
vt 0.540478 0.579850
vt 0.540212 0.580580
vt 0.539711 0.581175
vt 0.539037 0.581565
vt 0.538271 0.581698
vt 0.537505 0.581562
vt 0.536832 0.581171
vt 0.536333 0.580575
vt 0.536067 0.579844
vt 0.536068 0.579066
vt 0.536335 0.578336
vt 0.336052 0.578484
vt 0.339292 0.578484
vt 0.336052 0.572467
vt 0.336052 0.571608
vt 0.339292 0.571608
vt 0.339292 0.572467
vt 0.336052 0.579344
vt 0.339292 0.579344
vt 0.336052 0.573327
vt 0.339292 0.573327
vt 0.336052 0.570748
vt 0.339292 0.570748
vt 0.336052 0.580204
vt 0.339292 0.580204
vt 0.336052 0.574187
vt 0.339292 0.574187
vt 0.336052 0.581063
vt 0.339292 0.581063
vt 0.336052 0.575046
vt 0.339292 0.575046
vt 0.536627 0.577492
vt 0.537399 0.577047
vt 0.536054 0.578174
vt 0.535750 0.579009
vt 0.535749 0.579899
vt 0.536053 0.580736
vt 0.536624 0.581419
vt 0.537394 0.581865
vt 0.538269 0.582021
vt 0.539147 0.581870
vt 0.539919 0.581423
vt 0.540492 0.580742
vt 0.540796 0.579906
vt 0.540796 0.579017
vt 0.540495 0.578185
vt 0.539948 0.577502
vt 0.539147 0.577050
vt 0.539913 0.577473
vt 0.538276 0.576896
vt 0.310397 0.565530
vt 0.311036 0.563653
vt 0.311506 0.563825
vt 0.311343 0.566560
vt 0.582544 0.557027
vt 0.582544 0.557886
vt 0.579303 0.557886
vt 0.579303 0.557027
vt 0.308664 0.556158
vt 0.307416 0.555483
vt 0.307406 0.555103
vt 0.308731 0.555877
vt 0.304491 0.561729
vt 0.305118 0.562880
vt 0.304749 0.562929
vt 0.304183 0.561610
vt 0.306028 0.564328
vt 0.307281 0.566273
vt 0.306217 0.566665
vt 0.305444 0.564495
vt 0.309996 0.556843
vt 0.310098 0.556597
vt 0.304549 0.560098
vt 0.304215 0.560003
vt 0.310631 0.557925
vt 0.310876 0.557749
vt 0.304718 0.558595
vt 0.304442 0.558484
vt 0.311141 0.559214
vt 0.311422 0.559088
vt 0.304991 0.557208
vt 0.304730 0.557016
vt 0.311510 0.560603
vt 0.311873 0.560517
vt 0.305506 0.556061
vt 0.305310 0.555781
vt 0.311492 0.562127
vt 0.311859 0.562130
vt 0.305989 0.554712
vt 0.305688 0.553963
vt 0.307978 0.565818
vt 0.306360 0.564279
vt 0.305298 0.562917
vt 0.304586 0.561895
vt 0.304671 0.560169
vt 0.304799 0.558668
vt 0.305074 0.557333
vt 0.305542 0.556275
vt 0.306196 0.555209
vt 0.307522 0.555685
vt 0.308679 0.556269
vt 0.310040 0.556939
vt 0.310547 0.558013
vt 0.311044 0.559277
vt 0.311360 0.560658
vt 0.311349 0.562154
vt 0.310804 0.563542
vt 0.309748 0.564728
vt 0.308662 0.566862
vt 0.309848 0.567832
vt 0.311467 0.566191
vt 0.311022 0.568167
vt 0.305427 0.566709
vt 0.305114 0.564539
vt 0.304569 0.562885
vt 0.304041 0.561480
vt 0.304078 0.559925
vt 0.304360 0.558407
vt 0.304633 0.556876
vt 0.305318 0.555600
vt 0.305971 0.554556
vt 0.307298 0.554944
vt 0.308703 0.555776
vt 0.310105 0.556474
vt 0.310967 0.557654
vt 0.311526 0.559024
vt 0.312053 0.560454
vt 0.312021 0.562106
vt 0.311674 0.563909
vt 0.545480 0.541364
vt 0.545480 0.545086
vt 0.542846 0.545086
vt 0.542846 0.541364
vt 0.545480 0.549328
vt 0.545480 0.553050
vt 0.542846 0.553050
vt 0.542846 0.549328
vt 0.506108 0.531558
vt 0.502780 0.533480
vt 0.499451 0.531560
vt 0.499450 0.527717
vt 0.502778 0.525794
vt 0.506107 0.527714
vt 0.545480 0.557293
vt 0.545480 0.561015
vt 0.542846 0.561015
vt 0.542846 0.557293
vt 0.545480 0.545346
vt 0.545480 0.549068
vt 0.542846 0.549068
vt 0.542846 0.545346
vt 0.545480 0.553310
vt 0.545480 0.557033
vt 0.542846 0.557033
vt 0.542846 0.553310
vt 0.263176 0.572115
vt 0.263175 0.575958
vt 0.259846 0.577878
vt 0.256518 0.575956
vt 0.256519 0.572113
vt 0.259848 0.570192
vt 0.506324 0.527754
vt 0.506182 0.527507
vt 0.506324 0.531518
vt 0.506182 0.531764
vt 0.502922 0.533648
vt 0.502638 0.533648
vt 0.499377 0.531767
vt 0.499234 0.531521
vt 0.499234 0.527756
vt 0.499376 0.527510
vt 0.502636 0.525627
vt 0.502920 0.525627
vt 0.263392 0.575919
vt 0.263250 0.576166
vt 0.263392 0.572154
vt 0.263250 0.571908
vt 0.259990 0.570025
vt 0.259706 0.570025
vt 0.256445 0.571905
vt 0.256302 0.572151
vt 0.256302 0.575917
vt 0.256444 0.576163
vt 0.259704 0.578046
vt 0.259988 0.578046
vt 0.545480 0.565257
vt 0.542846 0.565257
vt 0.542846 0.564997
vt 0.545480 0.564997
vt 0.545480 0.561275
vt 0.542846 0.561275
vt 0.314604 0.565846
vt 0.314701 0.567254
vt 0.302097 0.566006
vt 0.302125 0.564592
vt 0.301991 0.563161
vt 0.301719 0.561467
vt 0.301757 0.559688
vt 0.302121 0.557824
vt 0.302824 0.556011
vt 0.303979 0.554507
vt 0.305640 0.553447
vt 0.307624 0.553253
vt 0.309616 0.553784
vt 0.311356 0.554813
vt 0.312717 0.556276
vt 0.313713 0.558044
vt 0.314420 0.559911
vt 0.314700 0.561911
vt 0.314701 0.563971
vt 0.582544 0.554448
vt 0.582544 0.555308
vt 0.579303 0.555308
vt 0.579303 0.554448
vt 0.582544 0.563044
vt 0.582544 0.563904
vt 0.579303 0.563904
vt 0.579303 0.563044
vt 0.582544 0.556167
vt 0.579303 0.556167
vt 0.582544 0.562184
vt 0.579303 0.562184
vt 0.352090 0.583412
vt 0.351595 0.582807
vt 0.351331 0.582076
vt 0.351330 0.581298
vt 0.351596 0.580567
vt 0.352095 0.579971
vt 0.352768 0.579582
vt 0.353534 0.579446
vt 0.354300 0.579580
vt 0.354974 0.579969
vt 0.355476 0.580563
vt 0.355741 0.581295
vt 0.355742 0.582073
vt 0.355476 0.582803
vt 0.354976 0.583399
vt 0.354303 0.583789
vt 0.353538 0.583924
vt 0.352772 0.583792
vt 0.582544 0.561325
vt 0.579303 0.561325
vt 0.582544 0.567342
vt 0.582544 0.568201
vt 0.579303 0.568201
vt 0.579303 0.567342
vt 0.582544 0.560465
vt 0.579303 0.560465
vt 0.582544 0.566482
vt 0.579303 0.566482
vt 0.582544 0.569061
vt 0.579303 0.569061
vt 0.582544 0.559606
vt 0.579303 0.559606
vt 0.582544 0.565623
vt 0.579303 0.565623
vt 0.582544 0.558746
vt 0.579303 0.558746
vt 0.582544 0.564763
vt 0.579303 0.564763
vt 0.351864 0.583646
vt 0.351314 0.582964
vt 0.352667 0.584096
vt 0.351900 0.583675
vt 0.353538 0.584247
vt 0.354414 0.584093
vt 0.355184 0.583647
vt 0.355756 0.582965
vt 0.356060 0.582129
vt 0.356060 0.581239
vt 0.355757 0.580402
vt 0.355182 0.579720
vt 0.354411 0.579276
vt 0.353535 0.579123
vt 0.352658 0.579278
vt 0.351888 0.579724
vt 0.351315 0.580406
vt 0.351012 0.581242
vt 0.351013 0.582131
vt 0.582544 0.553588
vt 0.579303 0.553588
vt 0.261002 0.451881
vt 0.262155 0.451406
vt 0.262073 0.451735
vt 0.260523 0.452850
vt 0.214410 0.572040
vt 0.214410 0.571181
vt 0.217651 0.571181
vt 0.217651 0.572040
vt 0.267139 0.443222
vt 0.266186 0.441905
vt 0.266273 0.441480
vt 0.267421 0.442686
vt 0.259676 0.445889
vt 0.259819 0.447403
vt 0.259537 0.447439
vt 0.259457 0.445841
vt 0.259962 0.448952
vt 0.260517 0.450397
vt 0.260209 0.450637
vt 0.259658 0.449082
vt 0.268610 0.445142
vt 0.269313 0.444073
vt 0.260540 0.444656
vt 0.260275 0.444476
vt 0.266927 0.448279
vt 0.268539 0.446459
vt 0.269207 0.447442
vt 0.267237 0.448796
vt 0.261574 0.443433
vt 0.261345 0.443223
vt 0.265705 0.449542
vt 0.265850 0.449905
vt 0.262698 0.442291
vt 0.262494 0.442000
vt 0.264577 0.450529
vt 0.264634 0.450873
vt 0.264043 0.441431
vt 0.263894 0.441130
vt 0.263476 0.451121
vt 0.263395 0.451430
vt 0.265772 0.439679
vt 0.265466 0.440083
vt 0.260635 0.450231
vt 0.260051 0.448875
vt 0.259900 0.447386
vt 0.259676 0.445879
vt 0.260635 0.444710
vt 0.261643 0.443495
vt 0.262761 0.442404
vt 0.264009 0.441570
vt 0.265536 0.440530
vt 0.266296 0.442267
vt 0.267044 0.443558
vt 0.267890 0.445844
vt 0.266802 0.447987
vt 0.265700 0.449354
vt 0.264620 0.450355
vt 0.263616 0.450988
vt 0.262272 0.451236
vt 0.261362 0.451155
vt 0.260695 0.452263
vt 0.260156 0.450783
vt 0.259545 0.449167
vt 0.259466 0.447458
vt 0.259388 0.445832
vt 0.260170 0.444414
vt 0.261276 0.443159
vt 0.262415 0.441864
vt 0.263860 0.441032
vt 0.265191 0.440496
vt 0.266183 0.441203
vt 0.267500 0.442354
vt 0.269537 0.443171
vt 0.269449 0.448249
vt 0.267356 0.449093
vt 0.265855 0.450097
vt 0.264595 0.451069
vt 0.263270 0.451579
vt 0.261919 0.451836
vt 0.338626 0.346902
vt 0.338626 0.350624
vt 0.335992 0.350624
vt 0.335992 0.346902
vt 0.338626 0.330973
vt 0.338626 0.334695
vt 0.335992 0.334695
vt 0.335992 0.330973
vt 0.075089 0.573827
vt 0.078417 0.575749
vt 0.078416 0.579593
vt 0.075087 0.581513
vt 0.071759 0.579591
vt 0.071759 0.575747
vt 0.338626 0.338938
vt 0.338626 0.342660
vt 0.335992 0.342660
vt 0.335992 0.338938
vt 0.338626 0.350884
vt 0.338626 0.354606
vt 0.335992 0.354606
vt 0.335992 0.350884
vt 0.338626 0.334956
vt 0.338626 0.338678
vt 0.335992 0.338678
vt 0.335992 0.334956
vt 0.280916 0.582034
vt 0.280916 0.578191
vt 0.284245 0.576270
vt 0.287573 0.578193
vt 0.287573 0.582036
vt 0.284244 0.583956
vt 0.071685 0.575540
vt 0.071543 0.575787
vt 0.074947 0.573660
vt 0.075231 0.573660
vt 0.078491 0.575543
vt 0.078633 0.575789
vt 0.078633 0.579553
vt 0.078491 0.579800
vt 0.075229 0.581681
vt 0.074945 0.581680
vt 0.071685 0.579797
vt 0.071543 0.579551
vt 0.280700 0.578230
vt 0.280841 0.577983
vt 0.280700 0.581995
vt 0.280842 0.582241
vt 0.284101 0.584124
vt 0.284386 0.584124
vt 0.287647 0.582243
vt 0.287789 0.581996
vt 0.287789 0.578232
vt 0.287647 0.577986
vt 0.284387 0.576103
vt 0.284103 0.576103
vt 0.335992 0.346642
vt 0.338626 0.346642
vt 0.338626 0.342920
vt 0.335992 0.342920
vt 0.335992 0.330713
vt 0.338626 0.330713
vt 0.259696 0.453001
vt 0.258268 0.451541
vt 0.257385 0.449648
vt 0.257060 0.447523
vt 0.257240 0.445348
vt 0.258045 0.443328
vt 0.259352 0.441535
vt 0.260956 0.440087
vt 0.262821 0.439155
vt 0.264833 0.438818
vt 0.266552 0.439013
vt 0.268169 0.439521
vt 0.269444 0.439711
vt 0.269537 0.451759
vt 0.268256 0.452018
vt 0.266872 0.452537
vt 0.265288 0.453227
vt 0.263599 0.453613
vt 0.261734 0.453633
vt 0.214410 0.574619
vt 0.214410 0.573760
vt 0.217651 0.573760
vt 0.217651 0.574619
vt 0.214410 0.581496
vt 0.214410 0.580636
vt 0.217651 0.580636
vt 0.217651 0.581496
vt 0.214410 0.572900
vt 0.217651 0.572900
vt 0.214410 0.582355
vt 0.217651 0.582355
vt 0.236277 0.575914
vt 0.236951 0.576302
vt 0.237452 0.576898
vt 0.237719 0.577629
vt 0.237719 0.578407
vt 0.237454 0.579138
vt 0.236955 0.579732
vt 0.236282 0.580129
vt 0.235512 0.580259
vt 0.234748 0.580126
vt 0.234074 0.579739
vt 0.233573 0.579143
vt 0.233307 0.578412
vt 0.233306 0.577634
vt 0.233572 0.576903
vt 0.234071 0.576306
vt 0.234744 0.575916
vt 0.235510 0.575780
vt 0.214410 0.583215
vt 0.217651 0.583215
vt 0.214410 0.577198
vt 0.214410 0.576338
vt 0.217651 0.576338
vt 0.217651 0.577198
vt 0.214410 0.584075
vt 0.217651 0.584075
vt 0.214410 0.578058
vt 0.217651 0.578058
vt 0.214410 0.575479
vt 0.217651 0.575479
vt 0.214410 0.584934
vt 0.217651 0.584934
vt 0.214410 0.578917
vt 0.217651 0.578917
vt 0.214410 0.570321
vt 0.214410 0.569462
vt 0.217651 0.569462
vt 0.217651 0.570321
vt 0.214410 0.579777
vt 0.217651 0.579777
vt 0.236386 0.575610
vt 0.237159 0.576054
vt 0.235510 0.575456
vt 0.234633 0.575613
vt 0.233863 0.576059
vt 0.233291 0.576742
vt 0.232988 0.577579
vt 0.232988 0.578468
vt 0.233293 0.579304
vt 0.233865 0.579987
vt 0.234638 0.580429
vt 0.235510 0.580580
vt 0.236373 0.580441
vt 0.237163 0.579976
vt 0.236414 0.580426
vt 0.237733 0.579299
vt 0.238037 0.578463
vt 0.238037 0.577573
vt 0.237732 0.576737
vt 0.330331 0.554615
vt 0.328535 0.555868
vt 0.328408 0.555575
vt 0.330001 0.554770
vt 0.108044 0.573868
vt 0.108044 0.574728
vt 0.104804 0.574728
vt 0.104804 0.573868
vt 0.323727 0.562432
vt 0.323876 0.563994
vt 0.323580 0.564124
vt 0.323457 0.562505
vt 0.331444 0.562064
vt 0.333231 0.560507
vt 0.333823 0.561602
vt 0.331619 0.562706
vt 0.331683 0.557499
vt 0.330568 0.556175
vt 0.330692 0.555835
vt 0.331940 0.556936
vt 0.323518 0.560882
vt 0.323279 0.560904
vt 0.329627 0.563232
vt 0.329739 0.563686
vt 0.324158 0.559641
vt 0.323882 0.559517
vt 0.328081 0.564127
vt 0.328129 0.564475
vt 0.324986 0.558394
vt 0.324742 0.558228
vt 0.326662 0.564815
vt 0.326635 0.565150
vt 0.325917 0.557213
vt 0.325687 0.556971
vt 0.325334 0.565162
vt 0.325244 0.565423
vt 0.327082 0.556320
vt 0.326958 0.556081
vt 0.323532 0.566399
vt 0.323760 0.565900
vt 0.330584 0.556426
vt 0.331603 0.557859
vt 0.332593 0.559808
vt 0.331441 0.561692
vt 0.329633 0.563019
vt 0.328128 0.563988
vt 0.326746 0.564678
vt 0.325537 0.565064
vt 0.323990 0.565665
vt 0.323938 0.563821
vt 0.323796 0.562383
vt 0.323535 0.560820
vt 0.324262 0.559672
vt 0.325065 0.558441
vt 0.325998 0.557302
vt 0.327105 0.556368
vt 0.328537 0.555984
vt 0.329893 0.555674
vt 0.333217 0.559160
vt 0.333821 0.558159
vt 0.329715 0.554969
vt 0.330655 0.555629
vt 0.332015 0.556586
vt 0.334002 0.557342
vt 0.334002 0.562475
vt 0.331646 0.563073
vt 0.329728 0.563913
vt 0.328079 0.564620
vt 0.326549 0.565310
vt 0.325119 0.565488
vt 0.323993 0.565433
vt 0.323502 0.564222
vt 0.323400 0.562556
vt 0.323201 0.560943
vt 0.323770 0.559484
vt 0.324660 0.558177
vt 0.325586 0.556860
vt 0.326916 0.556004
vt 0.328360 0.555495
vt 0.333942 0.356916
vt 0.333942 0.360638
vt 0.331308 0.360638
vt 0.331308 0.356916
vt 0.333942 0.364881
vt 0.333942 0.368603
vt 0.331308 0.368603
vt 0.331308 0.364881
vt 0.227394 0.575624
vt 0.230722 0.577546
vt 0.230721 0.581390
vt 0.227392 0.583310
vt 0.224064 0.581387
vt 0.224065 0.577544
vt 0.333942 0.372845
vt 0.333942 0.376567
vt 0.331308 0.376567
vt 0.331308 0.372845
vt 0.333942 0.360898
vt 0.333942 0.364621
vt 0.331308 0.364621
vt 0.331308 0.360898
vt 0.333942 0.368863
vt 0.333942 0.372585
vt 0.331308 0.372585
vt 0.331308 0.368863
vt 0.481784 0.580311
vt 0.481785 0.576468
vt 0.485114 0.574547
vt 0.488442 0.576470
vt 0.488441 0.580313
vt 0.485112 0.582233
vt 0.223990 0.577337
vt 0.223848 0.577584
vt 0.227252 0.575456
vt 0.227536 0.575457
vt 0.230796 0.577339
vt 0.230938 0.577585
vt 0.230938 0.581350
vt 0.230796 0.581597
vt 0.227534 0.583477
vt 0.227250 0.583477
vt 0.223991 0.581594
vt 0.223849 0.581348
vt 0.481568 0.576507
vt 0.481710 0.576260
vt 0.481569 0.580272
vt 0.481711 0.580518
vt 0.484970 0.582401
vt 0.485254 0.582401
vt 0.488516 0.580520
vt 0.488658 0.580273
vt 0.488658 0.576509
vt 0.488516 0.576263
vt 0.485256 0.574380
vt 0.484972 0.574380
vt 0.331308 0.356656
vt 0.333942 0.356656
vt 0.333942 0.376827
vt 0.331308 0.376827
vt 0.333942 0.380549
vt 0.331308 0.380549
vt 0.329601 0.553253
vt 0.331202 0.553499
vt 0.332557 0.553833
vt 0.333927 0.554054
vt 0.333637 0.566275
vt 0.332060 0.566433
vt 0.330468 0.566782
vt 0.328697 0.567172
vt 0.326771 0.567442
vt 0.324912 0.567222
vt 0.323155 0.566376
vt 0.321877 0.564834
vt 0.321192 0.562850
vt 0.321095 0.560748
vt 0.321616 0.558717
vt 0.322653 0.556851
vt 0.324011 0.555263
vt 0.325710 0.554118
vt 0.327643 0.553440
vt 0.108044 0.571289
vt 0.108044 0.572149
vt 0.104804 0.572149
vt 0.104804 0.571289
vt 0.108044 0.579885
vt 0.108044 0.580745
vt 0.104804 0.580745
vt 0.104804 0.579885
vt 0.108044 0.573008
vt 0.104804 0.573008
vt 0.108044 0.579026
vt 0.104804 0.579026
vt 0.528414 0.584629
vt 0.527648 0.584495
vt 0.526974 0.584107
vt 0.526473 0.583512
vt 0.526207 0.582781
vt 0.526206 0.582003
vt 0.526471 0.581272
vt 0.526970 0.580675
vt 0.527642 0.580285
vt 0.528408 0.580149
vt 0.529175 0.580281
vt 0.529849 0.580670
vt 0.530349 0.581266
vt 0.530615 0.581996
vt 0.530616 0.582773
vt 0.530353 0.583505
vt 0.529861 0.584111
vt 0.529180 0.584494
vt 0.108044 0.578166
vt 0.104804 0.578166
vt 0.108044 0.568710
vt 0.108044 0.569570
vt 0.104804 0.569570
vt 0.104804 0.568710
vt 0.108044 0.577306
vt 0.104804 0.577306
vt 0.108044 0.583324
vt 0.108044 0.584183
vt 0.104804 0.584183
vt 0.104804 0.583324
vt 0.108044 0.570430
vt 0.104804 0.570430
vt 0.108044 0.576447
vt 0.104804 0.576447
vt 0.108044 0.582464
vt 0.104804 0.582464
vt 0.108044 0.575587
vt 0.104804 0.575587
vt 0.108044 0.581604
vt 0.104804 0.581604
vt 0.528415 0.584951
vt 0.527538 0.584800
vt 0.529286 0.584797
vt 0.530052 0.584373
vt 0.530634 0.583662
vt 0.530087 0.584344
vt 0.530933 0.582829
vt 0.530933 0.581940
vt 0.530629 0.581104
vt 0.530057 0.580423
vt 0.529286 0.579976
vt 0.528407 0.579825
vt 0.527531 0.579981
vt 0.526762 0.580428
vt 0.526191 0.581110
vt 0.525888 0.581948
vt 0.525889 0.582838
vt 0.526193 0.583674
vt 0.526766 0.584355
vt 0.386434 0.112966
vt 0.060961 0.112965
vt 0.060961 0.110798
vt 0.386434 0.110802
vt 0.060961 0.108632
vt 0.386434 0.108637
vt 0.060961 0.106465
vt 0.386434 0.106473
vt 0.060961 0.104298
vt 0.386434 0.104308
vt 0.060961 0.102131
vt 0.386434 0.102143
vt 0.060961 0.099965
vt 0.386434 0.099979
vt 0.060961 0.097798
vt 0.386434 0.097814
vt 0.060961 0.095631
vt 0.386434 0.095650
vt 0.060961 0.093464
vt 0.386435 0.093485
vt 0.060961 0.091298
vt 0.386435 0.091321
vt 0.060962 0.089131
vt 0.386435 0.089156
vt 0.060962 0.086964
vt 0.386435 0.086992
vt 0.060962 0.084797
vt 0.386435 0.084827
vt 0.060962 0.082631
vt 0.386435 0.082663
vt 0.060963 0.080464
vt 0.386436 0.080498
vt 0.060963 0.078297
vt 0.386436 0.078334
vt 0.060963 0.076130
vt 0.386436 0.076169
vt 0.060963 0.073964
vt 0.386436 0.074005
vt 0.060964 0.071797
vt 0.386437 0.071840
vt 0.060964 0.069630
vt 0.386437 0.069675
vt 0.060964 0.067463
vt 0.386437 0.067511
vt 0.060965 0.065297
vt 0.386438 0.065346
vt 0.060965 0.063130
vt 0.386438 0.063182
vt 0.060965 0.060963
vt 0.386438 0.061017
vt 0.386438 0.164915
vt 0.060964 0.164967
vt 0.060964 0.162800
vt 0.386438 0.162751
vt 0.060964 0.160634
vt 0.386438 0.160586
vt 0.060963 0.158467
vt 0.386437 0.158421
vt 0.060963 0.156300
vt 0.386437 0.156257
vt 0.060963 0.154133
vt 0.386437 0.154092
vt 0.060962 0.151967
vt 0.386436 0.151928
vt 0.060962 0.149800
vt 0.386436 0.149763
vt 0.060962 0.147633
vt 0.386436 0.147599
vt 0.060962 0.145466
vt 0.386436 0.145434
vt 0.060962 0.143300
vt 0.386435 0.143270
vt 0.060961 0.141133
vt 0.386435 0.141105
vt 0.060961 0.138966
vt 0.386435 0.138941
vt 0.060961 0.136799
vt 0.386435 0.136776
vt 0.060961 0.134633
vt 0.386435 0.134612
vt 0.060961 0.132466
vt 0.386435 0.132447
vt 0.060961 0.130299
vt 0.386434 0.130282
vt 0.060961 0.128132
vt 0.386434 0.128118
vt 0.060961 0.125966
vt 0.386434 0.125953
vt 0.060961 0.123799
vt 0.386434 0.123789
vt 0.060961 0.121632
vt 0.386434 0.121624
vt 0.060960 0.119465
vt 0.386434 0.119460
vt 0.060961 0.117299
vt 0.386434 0.117295
vt 0.060960 0.115132
vt 0.386434 0.115131
vt 0.665090 0.378216
vt 0.667166 0.378216
vt 0.667166 0.450281
vt 0.665091 0.450281
vt 0.523837 0.582665
vt 0.520844 0.582665
vt 0.520844 0.575928
vt 0.523837 0.575928
vt 0.665091 0.205956
vt 0.667167 0.205956
vt 0.667166 0.278014
vt 0.665091 0.278014
vt 0.061349 0.302597
vt 0.133441 0.302598
vt 0.133441 0.402033
vt 0.061349 0.402033
vt 0.136268 0.402033
vt 0.136268 0.302598
vt 0.208360 0.302597
vt 0.208360 0.402033
vt 0.665091 0.450687
vt 0.667166 0.450687
vt 0.667167 0.550086
vt 0.665091 0.550086
vt 0.060961 0.302530
vt 0.061281 0.302209
vt 0.133509 0.302209
vt 0.133830 0.302530
vt 0.060960 0.402101
vt 0.061281 0.402422
vt 0.133830 0.402101
vt 0.133509 0.402421
vt 0.135880 0.302530
vt 0.136200 0.302209
vt 0.135880 0.402101
vt 0.136200 0.402421
vt 0.208428 0.402422
vt 0.208749 0.402101
vt 0.208749 0.302530
vt 0.208428 0.302209
vt 0.665091 0.550492
vt 0.667167 0.550492
vt 0.665090 0.377810
vt 0.667166 0.377810
vt 0.667166 0.278420
vt 0.665091 0.278420
vt 0.309748 0.465626
vt 0.309747 0.509086
vt 0.282589 0.509085
vt 0.282592 0.502358
vt 0.521232 0.529919
vt 0.523449 0.529919
vt 0.088535 0.491778
vt 0.061379 0.455046
vt 0.061376 0.448319
vt 0.088534 0.448318
vt 0.313335 0.465621
vt 0.313335 0.509086
vt 0.092122 0.491783
vt 0.092122 0.448317
vt 0.088490 0.492102
vt 0.092121 0.492116
vt 0.060960 0.448320
vt 0.060972 0.455103
vt 0.282173 0.509084
vt 0.282185 0.502301
vt 0.309703 0.465302
vt 0.313334 0.465288
vt 0.521232 0.526334
vt 0.523449 0.526334
vt 0.570670 0.588406
vt 0.572888 0.588406
vt 0.572888 0.591991
vt 0.570670 0.591991
vt 0.319186 0.511148
vt 0.319243 0.511555
vt 0.282512 0.538711
vt 0.282188 0.538666
vt 0.061379 0.531236
vt 0.060972 0.531179
vt 0.088491 0.494181
vt 0.088536 0.494505
vt 0.092121 0.494166
vt 0.092123 0.494499
vt 0.061376 0.537963
vt 0.060960 0.537962
vt 0.325970 0.511137
vt 0.325970 0.511552
vt 0.282506 0.542298
vt 0.282173 0.542297
vt 0.325971 0.538711
vt 0.325971 0.542299
vt 0.092123 0.537964
vt 0.088535 0.537964
vt 0.570282 0.542397
vt 0.573276 0.542397
vt 0.570282 0.535660
vt 0.573276 0.535660
vt 0.518176 0.582665
vt 0.515183 0.582665
vt 0.515183 0.575928
vt 0.518176 0.575928
vt 0.224187 0.488254
vt 0.267647 0.488255
vt 0.267646 0.515413
vt 0.260918 0.515410
vt 0.515571 0.529919
vt 0.517788 0.529919
vt 0.251423 0.482278
vt 0.224267 0.445547
vt 0.224264 0.438820
vt 0.251422 0.438818
vt 0.224181 0.484667
vt 0.267647 0.484667
vt 0.255010 0.482284
vt 0.255010 0.438818
vt 0.251378 0.482602
vt 0.255009 0.482617
vt 0.223848 0.438820
vt 0.223860 0.445604
vt 0.267645 0.515829
vt 0.260862 0.515818
vt 0.223863 0.488299
vt 0.223848 0.484668
vt 0.515571 0.526334
vt 0.517788 0.526334
vt 0.217651 0.567411
vt 0.214657 0.567411
vt 0.214657 0.560674
vt 0.217651 0.560674
vt 0.553462 0.416244
vt 0.553461 0.459704
vt 0.526303 0.459703
vt 0.526306 0.452976
vt 0.215045 0.514665
vt 0.217262 0.514665
vt 0.282512 0.459649
vt 0.319245 0.432494
vt 0.325972 0.432491
vt 0.325972 0.459650
vt 0.557049 0.416239
vt 0.557049 0.459704
vt 0.282506 0.463236
vt 0.325972 0.463238
vt 0.282188 0.459604
vt 0.282173 0.463234
vt 0.325972 0.432076
vt 0.319188 0.432087
vt 0.525888 0.459702
vt 0.525899 0.452919
vt 0.553417 0.415920
vt 0.557048 0.415906
vt 0.215045 0.511080
vt 0.217262 0.511080
vt 0.285014 0.386085
vt 0.282173 0.386085
vt 0.282173 0.383245
vt 0.285014 0.383245
vt 0.326417 0.330715
vt 0.329257 0.330715
vt 0.329257 0.383245
vt 0.326417 0.383245
vt 0.235879 0.392826
vt 0.233039 0.392826
vt 0.233039 0.333553
vt 0.235879 0.333553
vt 0.497968 0.540394
vt 0.499256 0.540429
vt 0.499674 0.555672
vt 0.498397 0.555789
vt 0.072211 0.543238
vt 0.071016 0.543342
vt 0.070763 0.541482
vt 0.071888 0.541312
vt 0.069845 0.543456
vt 0.069671 0.541654
vt 0.068684 0.543525
vt 0.068580 0.541695
vt 0.067529 0.543604
vt 0.067469 0.541753
vt 0.066367 0.543652
vt 0.066303 0.541721
vt 0.065195 0.543711
vt 0.065070 0.541698
vt 0.064040 0.543813
vt 0.063771 0.541785
vt 0.062912 0.543931
vt 0.062432 0.541954
vt 0.061865 0.544088
vt 0.061105 0.542368
vt 0.090518 0.543259
vt 0.089434 0.543161
vt 0.089799 0.541100
vt 0.091190 0.541440
vt 0.088272 0.543107
vt 0.088411 0.541014
vt 0.087086 0.543071
vt 0.087075 0.541014
vt 0.085888 0.543057
vt 0.085817 0.541068
vt 0.084687 0.543048
vt 0.084632 0.541119
vt 0.083489 0.543059
vt 0.083492 0.541193
vt 0.082288 0.543028
vt 0.082373 0.541135
vt 0.081072 0.543007
vt 0.081240 0.541076
vt 0.079839 0.542972
vt 0.080060 0.540952
vt 0.078580 0.542936
vt 0.078795 0.540787
vt 0.077297 0.542916
vt 0.077409 0.540628
vt 0.265411 0.471954
vt 0.266621 0.472281
vt 0.266100 0.473523
vt 0.265228 0.473288
vt 0.326335 0.577689
vt 0.325432 0.577695
vt 0.324556 0.577467
vt 0.323768 0.577019
vt 0.323119 0.576385
vt 0.322667 0.575599
vt 0.322435 0.574723
vt 0.322436 0.573819
vt 0.322671 0.572945
vt 0.323121 0.572163
vt 0.323760 0.571524
vt 0.324540 0.571071
vt 0.325410 0.570831
vt 0.326313 0.570829
vt 0.327188 0.571056
vt 0.327976 0.571503
vt 0.328624 0.572137
vt 0.329075 0.572923
vt 0.329306 0.573798
vt 0.329309 0.574702
vt 0.329077 0.575576
vt 0.328623 0.576357
vt 0.327987 0.576999
vt 0.327207 0.577456
vt 0.073430 0.543128
vt 0.073083 0.541084
vt 0.327725 0.578699
vt 0.326515 0.579023
vt 0.267701 0.472916
vt 0.266878 0.473980
vt 0.328808 0.578067
vt 0.268587 0.473801
vt 0.267517 0.474618
vt 0.329691 0.577177
vt 0.269215 0.474884
vt 0.267970 0.475399
vt 0.330322 0.576093
vt 0.269537 0.476095
vt 0.268201 0.476274
vt 0.330646 0.574881
vt 0.269537 0.477350
vt 0.268198 0.477177
vt 0.330646 0.573624
vt 0.269221 0.478568
vt 0.267967 0.478051
vt 0.330328 0.572405
vt 0.268599 0.479670
vt 0.267518 0.478839
vt 0.329703 0.571304
vt 0.267694 0.480556
vt 0.266873 0.479476
vt 0.328796 0.570421
vt 0.266597 0.481174
vt 0.266085 0.479923
vt 0.327698 0.569804
vt 0.265379 0.481488
vt 0.265211 0.480150
vt 0.326481 0.569492
vt 0.264123 0.481484
vt 0.264307 0.480147
vt 0.325227 0.569496
vt 0.262914 0.481148
vt 0.263436 0.479907
vt 0.324018 0.569831
vt 0.261828 0.480519
vt 0.262654 0.479454
vt 0.322934 0.570460
vt 0.260943 0.479630
vt 0.262016 0.478816
vt 0.322049 0.571348
vt 0.260317 0.478543
vt 0.261565 0.478033
vt 0.321423 0.572435
vt 0.259992 0.477331
vt 0.261331 0.477159
vt 0.321098 0.573646
vt 0.259990 0.476074
vt 0.261330 0.476254
vt 0.321095 0.574902
vt 0.260310 0.474857
vt 0.261564 0.475378
vt 0.321415 0.576120
vt 0.260936 0.473757
vt 0.262015 0.474591
vt 0.322041 0.577219
vt 0.261842 0.472874
vt 0.262663 0.473956
vt 0.322947 0.578101
vt 0.262940 0.472257
vt 0.263451 0.473508
vt 0.324045 0.578718
vt 0.264156 0.471943
vt 0.264326 0.473280
vt 0.325260 0.579033
vt 0.498048 0.538109
vt 0.499426 0.538302
vt 0.326417 0.386085
vt 0.063801 0.445600
vt 0.060961 0.445600
vt 0.060961 0.405140
vt 0.063801 0.405140
vt 0.334971 0.388815
vt 0.337807 0.388840
vt 0.337808 0.429308
vt 0.334971 0.429319
vt 0.235879 0.330713
vt 0.277283 0.330713
vt 0.277283 0.333554
vt 0.282173 0.330713
vt 0.285013 0.330713
vt 0.282801 0.402130
vt 0.282804 0.388819
vt 0.479518 0.355262
vt 0.479518 0.358102
vt 0.465573 0.358102
vt 0.465573 0.355262
vt 0.233039 0.330713
vt 0.276650 0.395585
vt 0.279484 0.395597
vt 0.279481 0.436063
vt 0.276642 0.436087
vt 0.105204 0.405140
vt 0.105204 0.445600
vt 0.280123 0.333554
vt 0.280123 0.392828
vt 0.277283 0.392828
vt 0.224472 0.436071
vt 0.224475 0.422760
vt 0.329257 0.386085
vt 0.465573 0.208796
vt 0.465573 0.205956
vt 0.479518 0.205956
vt 0.479518 0.208796
vt 0.280123 0.330713
vt 0.438115 0.302731
vt 0.438115 0.261327
vt 0.479518 0.261327
vt 0.479518 0.302731
vt 0.338448 0.388732
vt 0.337925 0.388202
vt 0.337914 0.429986
vt 0.338448 0.429455
vt 0.280123 0.395451
vt 0.279590 0.394920
vt 0.279599 0.436701
vt 0.280123 0.436171
vt 0.105204 0.404473
vt 0.108044 0.404473
vt 0.108044 0.405140
vt 0.063801 0.446267
vt 0.060961 0.446267
vt 0.063801 0.404473
vt 0.105204 0.446267
vt 0.282232 0.388245
vt 0.282173 0.402416
vt 0.334931 0.430026
vt 0.334980 0.388135
vt 0.108044 0.445600
vt 0.108044 0.446267
vt 0.223848 0.422473
vt 0.223899 0.436645
vt 0.276651 0.436768
vt 0.276610 0.394878
vt 0.060960 0.404473
vt 0.359930 0.475463
vt 0.359624 0.467521
vt 0.372692 0.467011
vt 0.372984 0.474994
vt 0.623206 0.231939
vt 0.625948 0.231939
vt 0.625948 0.240734
vt 0.623206 0.240734
vt 0.482896 0.225253
vt 0.482602 0.233130
vt 0.481568 0.233565
vt 0.481899 0.224739
vt 0.358925 0.475981
vt 0.358582 0.467083
vt 0.496658 0.540403
vt 0.497103 0.555736
vt 0.076397 0.558168
vt 0.075126 0.558118
vt 0.074690 0.543002
vt 0.075989 0.542916
vt 0.078983 0.558279
vt 0.077683 0.558222
vt 0.080256 0.558168
vt 0.081516 0.558062
vt 0.082765 0.557962
vt 0.084005 0.557868
vt 0.085236 0.557779
vt 0.086460 0.557695
vt 0.087679 0.557617
vt 0.088894 0.557543
vt 0.090105 0.557472
vt 0.091315 0.557404
vt 0.063019 0.557879
vt 0.061840 0.557877
vt 0.064200 0.557883
vt 0.065384 0.557891
vt 0.066573 0.557903
vt 0.067767 0.557920
vt 0.068969 0.557941
vt 0.070178 0.557967
vt 0.071397 0.557997
vt 0.072627 0.558032
vt 0.073870 0.558073
vt 0.548042 0.482678
vt 0.548042 0.484580
vt 0.525888 0.484580
vt 0.525888 0.482678
vt 0.495824 0.555687
vt 0.495360 0.540496
vt 0.494102 0.540603
vt 0.494559 0.555643
vt 0.492875 0.540719
vt 0.493309 0.555603
vt 0.491676 0.540827
vt 0.492071 0.555569
vt 0.490492 0.540917
vt 0.490844 0.555539
vt 0.489325 0.541013
vt 0.489628 0.555515
vt 0.488155 0.541067
vt 0.488419 0.555494
vt 0.486983 0.541139
vt 0.487217 0.555479
vt 0.485813 0.541217
vt 0.486021 0.555468
vt 0.484656 0.541315
vt 0.484830 0.555462
vt 0.483522 0.541431
vt 0.483642 0.555459
vt 0.482467 0.541586
vt 0.482456 0.555458
vt 0.510038 0.540640
vt 0.511114 0.540741
vt 0.511920 0.554790
vt 0.510719 0.554859
vt 0.508882 0.540582
vt 0.509516 0.554931
vt 0.507698 0.540543
vt 0.508309 0.555006
vt 0.506499 0.540550
vt 0.507098 0.555085
vt 0.505311 0.540567
vt 0.505882 0.555170
vt 0.504127 0.540554
vt 0.504660 0.555260
vt 0.502939 0.540554
vt 0.503429 0.555355
vt 0.501740 0.540511
vt 0.502189 0.555455
vt 0.500510 0.540456
vt 0.500938 0.555560
vt 0.525888 0.486482
vt 0.548042 0.486482
vt 0.074400 0.540773
vt 0.075880 0.540524
vt 0.496530 0.538012
vt 0.548042 0.488384
vt 0.525888 0.488384
vt 0.548042 0.490286
vt 0.525888 0.490286
vt 0.493725 0.538539
vt 0.495045 0.538269
vt 0.548042 0.492189
vt 0.525888 0.492189
vt 0.492526 0.538786
vt 0.548042 0.494091
vt 0.525888 0.494091
vt 0.491401 0.538974
vt 0.548042 0.495993
vt 0.525888 0.495993
vt 0.490311 0.539088
vt 0.548042 0.497895
vt 0.525888 0.497895
vt 0.489227 0.539198
vt 0.548042 0.499797
vt 0.525888 0.499797
vt 0.488111 0.539182
vt 0.548042 0.501699
vt 0.525888 0.501700
vt 0.486950 0.539192
vt 0.548042 0.503602
vt 0.525888 0.503602
vt 0.485716 0.539204
vt 0.548042 0.505504
vt 0.525888 0.505504
vt 0.484408 0.539275
vt 0.548042 0.507406
vt 0.525888 0.507406
vt 0.483055 0.539433
vt 0.548042 0.461754
vt 0.548042 0.463657
vt 0.525888 0.463656
vt 0.525888 0.461754
vt 0.481711 0.539841
vt 0.548042 0.465559
vt 0.525888 0.465559
vt 0.510418 0.538598
vt 0.511793 0.538946
vt 0.548042 0.467461
vt 0.525888 0.467461
vt 0.509044 0.538500
vt 0.548042 0.469363
vt 0.525888 0.469363
vt 0.507715 0.538482
vt 0.548042 0.471265
vt 0.525888 0.471265
vt 0.506458 0.538572
vt 0.548042 0.473167
vt 0.525888 0.473167
vt 0.505266 0.538668
vt 0.548042 0.475069
vt 0.525888 0.475069
vt 0.504123 0.538673
vt 0.548042 0.476972
vt 0.525888 0.476972
vt 0.502998 0.538696
vt 0.548042 0.478874
vt 0.525888 0.478874
vt 0.501862 0.538593
vt 0.548042 0.480776
vt 0.525888 0.480776
vt 0.500680 0.538435
vt 0.496499 0.537502
vt 0.498102 0.537702
vt 0.074307 0.540384
vt 0.075842 0.540015
vt 0.077460 0.540216
vt 0.494955 0.537876
vt 0.493646 0.538196
vt 0.078847 0.540423
vt 0.492462 0.538471
vt 0.080104 0.540619
vt 0.491356 0.538673
vt 0.081268 0.540761
vt 0.490280 0.538794
vt 0.082388 0.540831
vt 0.489217 0.538898
vt 0.083488 0.540884
vt 0.488115 0.538872
vt 0.084612 0.540802
vt 0.486951 0.538862
vt 0.085799 0.540732
vt 0.485709 0.538852
vt 0.087063 0.540656
vt 0.484378 0.538903
vt 0.088420 0.540633
vt 0.482976 0.539055
vt 0.089857 0.540710
vt 0.481568 0.539473
vt 0.091315 0.541057
vt 0.510480 0.538213
vt 0.511920 0.538568
vt 0.060960 0.542004
vt 0.062351 0.541580
vt 0.509058 0.538121
vt 0.063737 0.541415
vt 0.507701 0.538125
vt 0.065065 0.541348
vt 0.506429 0.538236
vt 0.066313 0.541391
vt 0.505251 0.538349
vt 0.067468 0.541441
vt 0.504119 0.538366
vt 0.068567 0.541398
vt 0.503011 0.538388
vt 0.069642 0.541356
vt 0.501899 0.538278
vt 0.070716 0.541181
vt 0.500724 0.538104
vt 0.071830 0.540996
vt 0.499477 0.537941
vt 0.073003 0.540742
vt 0.492477 0.238467
vt 0.494160 0.535445
vt 0.493024 0.535452
vt 0.491444 0.239312
vt 0.370365 0.494874
vt 0.369302 0.480977
vt 0.370256 0.480064
vt 0.371452 0.494791
vt 0.368520 0.461273
vt 0.370229 0.167017
vt 0.371351 0.167024
vt 0.369579 0.462124
vt 0.623206 0.252428
vt 0.625948 0.252428
vt 0.625948 0.543839
vt 0.623205 0.543839
vt 0.495843 0.225703
vt 0.495561 0.233622
vt 0.623206 0.205956
vt 0.625948 0.205956
vt 0.625948 0.220245
vt 0.623206 0.220245
vt 0.373179 0.479887
vt 0.374357 0.494558
vt 0.493131 0.220676
vt 0.494296 0.206037
vt 0.497184 0.206264
vt 0.496034 0.220848
vt 0.492182 0.219771
vt 0.493215 0.205956
vt 0.374357 0.167042
vt 0.372581 0.462090
vt 0.495451 0.238506
vt 0.497184 0.535427
vt 0.373303 0.567754
vt 0.373303 0.577105
vt 0.369449 0.577105
vt 0.369449 0.567754
vt 0.225519 0.361940
vt 0.228460 0.370855
vt 0.219794 0.367449
vt 0.221463 0.361944
vt 0.221749 0.362315
vt 0.222286 0.362728
vt 0.222866 0.362968
vt 0.223490 0.363050
vt 0.224113 0.362969
vt 0.224693 0.362728
vt 0.225229 0.362317
vt 0.360344 0.506048
vt 0.360036 0.506788
vt 0.359962 0.507350
vt 0.360027 0.507853
vt 0.360392 0.508727
vt 0.360392 0.513974
vt 0.360027 0.514848
vt 0.359962 0.515351
vt 0.360027 0.515855
vt 0.360392 0.516729
vt 0.360392 0.521976
vt 0.360027 0.522850
vt 0.359962 0.523353
vt 0.360027 0.523856
vt 0.360392 0.524730
vt 0.360392 0.529976
vt 0.360027 0.530850
vt 0.359962 0.531354
vt 0.360027 0.531857
vt 0.360392 0.532731
vt 0.360392 0.537978
vt 0.360027 0.538852
vt 0.359962 0.539355
vt 0.360027 0.539858
vt 0.360392 0.540733
vt 0.360392 0.545980
vt 0.360027 0.546854
vt 0.359962 0.547357
vt 0.360027 0.547860
vt 0.360392 0.548735
vt 0.360392 0.553981
vt 0.360027 0.554855
vt 0.359963 0.555358
vt 0.360036 0.555920
vt 0.360344 0.556660
vt 0.358675 0.562165
vt 0.358675 0.500542
vt 0.525888 0.573038
vt 0.525888 0.572446
vt 0.529742 0.572446
vt 0.529742 0.573038
vt 0.352206 0.572336
vt 0.352206 0.571744
vt 0.356060 0.571744
vt 0.356060 0.572336
vt 0.311192 0.574071
vt 0.310600 0.574071
vt 0.310600 0.570217
vt 0.311192 0.570217
vt 0.305271 0.574071
vt 0.304679 0.574071
vt 0.304679 0.570217
vt 0.305271 0.570217
vt 0.258565 0.540080
vt 0.259157 0.540080
vt 0.259157 0.543934
vt 0.258565 0.543934
vt 0.275113 0.574053
vt 0.274521 0.574053
vt 0.274521 0.570199
vt 0.275113 0.570199
vt 0.373304 0.506275
vt 0.369448 0.506275
vt 0.225832 0.336135
vt 0.225467 0.335261
vt 0.225467 0.330014
vt 0.225832 0.329140
vt 0.225897 0.328637
vt 0.225832 0.328134
vt 0.225467 0.327260
vt 0.225467 0.322012
vt 0.225832 0.321138
vt 0.225897 0.320635
vt 0.225832 0.320132
vt 0.225467 0.319258
vt 0.225467 0.314011
vt 0.225832 0.313136
vt 0.225897 0.312633
vt 0.225824 0.312069
vt 0.225519 0.311336
vt 0.228460 0.302421
vt 0.228517 0.302380
vt 0.228517 0.370896
vt 0.225824 0.361208
vt 0.225897 0.360643
vt 0.225832 0.360140
vt 0.225468 0.359266
vt 0.225467 0.354019
vt 0.225832 0.353144
vt 0.225897 0.352642
vt 0.225832 0.352138
vt 0.225468 0.351264
vt 0.225467 0.346017
vt 0.225832 0.345143
vt 0.225897 0.344640
vt 0.225832 0.344137
vt 0.225467 0.343263
vt 0.225467 0.338016
vt 0.225832 0.337141
vt 0.225897 0.336638
vt 0.364713 0.531857
vt 0.364778 0.531354
vt 0.364713 0.530851
vt 0.364349 0.529977
vt 0.364348 0.524729
vt 0.364713 0.523855
vt 0.364778 0.523352
vt 0.364713 0.522849
vt 0.364348 0.521975
vt 0.364349 0.516728
vt 0.364713 0.515854
vt 0.364778 0.515351
vt 0.364713 0.514848
vt 0.364348 0.513974
vt 0.364348 0.508726
vt 0.364713 0.507852
vt 0.364778 0.507349
vt 0.364705 0.506784
vt 0.364400 0.506052
vt 0.367341 0.497137
vt 0.367398 0.497096
vt 0.367398 0.565612
vt 0.367341 0.565571
vt 0.364400 0.556656
vt 0.364705 0.555924
vt 0.364779 0.555359
vt 0.364714 0.554856
vt 0.364349 0.553982
vt 0.364349 0.548735
vt 0.364713 0.547861
vt 0.364778 0.547357
vt 0.364713 0.546854
vt 0.364349 0.545980
vt 0.364348 0.540733
vt 0.364713 0.539859
vt 0.364778 0.539356
vt 0.364713 0.538853
vt 0.364348 0.537978
vt 0.364348 0.532731
vt 0.369448 0.496925
vt 0.373304 0.496924
vt 0.360608 0.517007
vt 0.361167 0.517437
vt 0.361747 0.517677
vt 0.362370 0.517759
vt 0.362993 0.517677
vt 0.363574 0.517436
vt 0.364133 0.517006
vt 0.364133 0.521697
vt 0.363574 0.521267
vt 0.362993 0.521027
vt 0.362370 0.520945
vt 0.361747 0.521027
vt 0.361167 0.521267
vt 0.360608 0.521697
vt 0.360608 0.525008
vt 0.361167 0.525438
vt 0.361747 0.525678
vt 0.362370 0.525760
vt 0.362993 0.525678
vt 0.363574 0.525438
vt 0.364133 0.525008
vt 0.364133 0.529698
vt 0.363574 0.529268
vt 0.362993 0.529028
vt 0.362370 0.528946
vt 0.361747 0.529028
vt 0.361167 0.529268
vt 0.360608 0.529698
vt 0.364133 0.553704
vt 0.363574 0.553274
vt 0.362993 0.553033
vt 0.362370 0.552951
vt 0.361747 0.553033
vt 0.361167 0.553273
vt 0.360608 0.553703
vt 0.360608 0.549013
vt 0.361167 0.549443
vt 0.361747 0.549683
vt 0.362370 0.549765
vt 0.362993 0.549683
vt 0.363574 0.549443
vt 0.364133 0.549013
vt 0.364133 0.537700
vt 0.363574 0.537270
vt 0.362993 0.537030
vt 0.362370 0.536948
vt 0.361747 0.537030
vt 0.361167 0.537270
vt 0.360608 0.537700
vt 0.360608 0.533009
vt 0.361167 0.533439
vt 0.361747 0.533680
vt 0.362370 0.533762
vt 0.362993 0.533680
vt 0.363574 0.533439
vt 0.364133 0.533009
vt 0.364133 0.545702
vt 0.363574 0.545272
vt 0.362993 0.545031
vt 0.362370 0.544949
vt 0.361747 0.545031
vt 0.361167 0.545272
vt 0.360608 0.545702
vt 0.360607 0.541011
vt 0.361167 0.541441
vt 0.361747 0.541681
vt 0.362370 0.541763
vt 0.362993 0.541681
vt 0.363574 0.541441
vt 0.364133 0.541011
vt 0.360607 0.509005
vt 0.361166 0.509435
vt 0.361747 0.509675
vt 0.362370 0.509757
vt 0.362993 0.509675
vt 0.363574 0.509435
vt 0.364133 0.509005
vt 0.364133 0.513695
vt 0.363574 0.513266
vt 0.362993 0.513025
vt 0.362370 0.512943
vt 0.361747 0.513025
vt 0.361167 0.513266
vt 0.360608 0.513696
vt 0.221463 0.311332
vt 0.219794 0.305827
vt 0.225229 0.310960
vt 0.224693 0.310548
vt 0.224113 0.310308
vt 0.223490 0.310226
vt 0.222866 0.310308
vt 0.222286 0.310549
vt 0.221749 0.310961
vt 0.305863 0.574071
vt 0.305863 0.570217
vt 0.360630 0.557031
vt 0.361167 0.557444
vt 0.361748 0.557684
vt 0.362371 0.557766
vt 0.362994 0.557685
vt 0.363575 0.557444
vt 0.364110 0.557033
vt 0.224663 0.377855
vt 0.224663 0.377263
vt 0.228517 0.377263
vt 0.228517 0.377855
vt 0.352206 0.567008
vt 0.352206 0.566415
vt 0.356060 0.566415
vt 0.356060 0.567008
vt 0.224663 0.376079
vt 0.224663 0.375487
vt 0.228517 0.375487
vt 0.228517 0.376079
vt 0.224663 0.374894
vt 0.228517 0.374895
vt 0.224663 0.374302
vt 0.228517 0.374302
vt 0.224663 0.373710
vt 0.228517 0.373710
vt 0.224663 0.373118
vt 0.228517 0.373118
vt 0.224663 0.387328
vt 0.224663 0.386736
vt 0.228517 0.386736
vt 0.228517 0.387328
vt 0.224663 0.386144
vt 0.228517 0.386144
vt 0.224663 0.385552
vt 0.228517 0.385552
vt 0.224663 0.384960
vt 0.228517 0.384960
vt 0.224663 0.384368
vt 0.228517 0.384368
vt 0.224663 0.383776
vt 0.228517 0.383776
vt 0.224663 0.383184
vt 0.228517 0.383184
vt 0.224663 0.382592
vt 0.228517 0.382591
vt 0.224663 0.381999
vt 0.228517 0.381999
vt 0.224663 0.381407
vt 0.228517 0.381407
vt 0.224663 0.380815
vt 0.228517 0.380815
vt 0.224663 0.380223
vt 0.228517 0.380223
vt 0.224663 0.379631
vt 0.228517 0.379631
vt 0.224663 0.379039
vt 0.228517 0.379039
vt 0.224663 0.378447
vt 0.228517 0.378447
vt 0.224663 0.376671
vt 0.228517 0.376671
vt 0.276297 0.574053
vt 0.275705 0.574053
vt 0.275705 0.570199
vt 0.276297 0.570199
vt 0.273928 0.574053
vt 0.273928 0.570199
vt 0.273336 0.574053
vt 0.273336 0.570199
vt 0.272744 0.574053
vt 0.272744 0.570199
vt 0.272152 0.574053
vt 0.272152 0.570199
vt 0.271560 0.574053
vt 0.271560 0.570199
vt 0.285770 0.574053
vt 0.285178 0.574053
vt 0.285178 0.570198
vt 0.285770 0.570198
vt 0.284586 0.574053
vt 0.284586 0.570198
vt 0.283994 0.574053
vt 0.283994 0.570198
vt 0.283402 0.574053
vt 0.283402 0.570198
vt 0.282810 0.574053
vt 0.282810 0.570198
vt 0.282218 0.574053
vt 0.282218 0.570199
vt 0.281625 0.574053
vt 0.281625 0.570199
vt 0.281033 0.574053
vt 0.281033 0.570198
vt 0.280441 0.574053
vt 0.280441 0.570199
vt 0.279849 0.574053
vt 0.279849 0.570199
vt 0.279257 0.574053
vt 0.279257 0.570199
vt 0.278665 0.574053
vt 0.278665 0.570199
vt 0.278073 0.574053
vt 0.278073 0.570199
vt 0.277481 0.574053
vt 0.277481 0.570199
vt 0.276889 0.574053
vt 0.276889 0.570199
vt 0.225252 0.318980
vt 0.224693 0.318550
vt 0.224112 0.318310
vt 0.223489 0.318227
vt 0.222866 0.318310
vt 0.222286 0.318550
vt 0.221726 0.318980
vt 0.221511 0.319258
vt 0.221511 0.314011
vt 0.221726 0.314289
vt 0.222286 0.314719
vt 0.222866 0.314959
vt 0.223489 0.315041
vt 0.224112 0.314959
vt 0.224693 0.314719
vt 0.225252 0.314289
vt 0.257381 0.540080
vt 0.257973 0.540080
vt 0.257973 0.543934
vt 0.257381 0.543934
vt 0.259750 0.540080
vt 0.259750 0.543934
vt 0.260342 0.540080
vt 0.260342 0.543934
vt 0.260934 0.540080
vt 0.260934 0.543934
vt 0.261526 0.540080
vt 0.261526 0.543934
vt 0.262118 0.540080
vt 0.262118 0.543934
vt 0.247908 0.540080
vt 0.248500 0.540080
vt 0.248500 0.543934
vt 0.247908 0.543934
vt 0.249092 0.540080
vt 0.249092 0.543934
vt 0.249684 0.540080
vt 0.249684 0.543934
vt 0.250276 0.540080
vt 0.250276 0.543934
vt 0.250868 0.540080
vt 0.250868 0.543934
vt 0.251460 0.540080
vt 0.251460 0.543934
vt 0.252053 0.540080
vt 0.252053 0.543934
vt 0.252645 0.540080
vt 0.252645 0.543934
vt 0.253237 0.540080
vt 0.253237 0.543934
vt 0.253829 0.540080
vt 0.253829 0.543934
vt 0.254421 0.540080
vt 0.254421 0.543934
vt 0.255013 0.540080
vt 0.255013 0.543934
vt 0.255605 0.540080
vt 0.255605 0.543934
vt 0.256197 0.540080
vt 0.256197 0.543934
vt 0.256789 0.540080
vt 0.256789 0.543934
vt 0.225252 0.326981
vt 0.224693 0.326552
vt 0.224112 0.326311
vt 0.223489 0.326229
vt 0.222866 0.326311
vt 0.222286 0.326552
vt 0.221726 0.326981
vt 0.221511 0.327260
vt 0.221511 0.322013
vt 0.221727 0.322291
vt 0.222286 0.322721
vt 0.222866 0.322961
vt 0.223489 0.323043
vt 0.224112 0.322961
vt 0.224693 0.322720
vt 0.225252 0.322290
vt 0.306455 0.574071
vt 0.306455 0.570217
vt 0.304087 0.574071
vt 0.304087 0.570217
vt 0.303495 0.574071
vt 0.303495 0.570217
vt 0.302903 0.574071
vt 0.302903 0.570217
vt 0.302311 0.574071
vt 0.302311 0.570217
vt 0.301719 0.574071
vt 0.301719 0.570217
vt 0.315929 0.574071
vt 0.315337 0.574071
vt 0.315337 0.570217
vt 0.315929 0.570217
vt 0.314745 0.574071
vt 0.314745 0.570217
vt 0.314152 0.574071
vt 0.314152 0.570217
vt 0.313560 0.574071
vt 0.313560 0.570217
vt 0.312968 0.574071
vt 0.312968 0.570217
vt 0.312376 0.574071
vt 0.312376 0.570217
vt 0.311784 0.574071
vt 0.311784 0.570217
vt 0.221511 0.343262
vt 0.221511 0.338016
vt 0.221727 0.338294
vt 0.222286 0.338724
vt 0.222866 0.338964
vt 0.223489 0.339046
vt 0.224112 0.338964
vt 0.224693 0.338724
vt 0.225252 0.338294
vt 0.225252 0.342984
vt 0.224693 0.342554
vt 0.224112 0.342314
vt 0.223489 0.342232
vt 0.222866 0.342314
vt 0.222286 0.342554
vt 0.221726 0.342984
vt 0.310008 0.574071
vt 0.310008 0.570217
vt 0.309416 0.574071
vt 0.309416 0.570217
vt 0.308824 0.574071
vt 0.308824 0.570217
vt 0.308232 0.574071
vt 0.308232 0.570217
vt 0.307640 0.574071
vt 0.307640 0.570217
vt 0.307047 0.574071
vt 0.307048 0.570217
vt 0.225252 0.334983
vt 0.224692 0.334553
vt 0.224112 0.334313
vt 0.223489 0.334230
vt 0.222866 0.334312
vt 0.222286 0.334553
vt 0.221727 0.334982
vt 0.221511 0.335261
vt 0.221511 0.330014
vt 0.221727 0.330293
vt 0.222286 0.330722
vt 0.222866 0.330963
vt 0.223489 0.331045
vt 0.224112 0.330963
vt 0.224692 0.330722
vt 0.225252 0.330292
vt 0.352206 0.567600
vt 0.356060 0.567600
vt 0.525888 0.567710
vt 0.525888 0.567118
vt 0.529742 0.567118
vt 0.529742 0.567710
vt 0.352206 0.565823
vt 0.352206 0.565231
vt 0.356060 0.565231
vt 0.356060 0.565823
vt 0.352206 0.564639
vt 0.356060 0.564639
vt 0.352206 0.564047
vt 0.356060 0.564047
vt 0.352206 0.563455
vt 0.356060 0.563455
vt 0.352206 0.562863
vt 0.356060 0.562863
vt 0.352206 0.577073
vt 0.352206 0.576481
vt 0.356060 0.576481
vt 0.356060 0.577073
vt 0.352206 0.575889
vt 0.356060 0.575889
vt 0.352206 0.575297
vt 0.356060 0.575297
vt 0.352206 0.574705
vt 0.356060 0.574704
vt 0.352206 0.574112
vt 0.356060 0.574112
vt 0.352206 0.573520
vt 0.356060 0.573520
vt 0.352206 0.572928
vt 0.356060 0.572928
vt 0.221511 0.351264
vt 0.221511 0.346017
vt 0.221727 0.346295
vt 0.222286 0.346725
vt 0.222866 0.346965
vt 0.223489 0.347047
vt 0.224112 0.346965
vt 0.224693 0.346725
vt 0.225252 0.346295
vt 0.225252 0.350986
vt 0.224693 0.350556
vt 0.224112 0.350315
vt 0.223489 0.350233
vt 0.222866 0.350315
vt 0.222286 0.350556
vt 0.221727 0.350985
vt 0.352206 0.571152
vt 0.356060 0.571152
vt 0.352206 0.570560
vt 0.356060 0.570560
vt 0.352206 0.569968
vt 0.356060 0.569968
vt 0.352206 0.569376
vt 0.356060 0.569376
vt 0.352206 0.568784
vt 0.356060 0.568784
vt 0.352206 0.568192
vt 0.356060 0.568192
vt 0.525888 0.568302
vt 0.529742 0.568302
vt 0.508066 0.562575
vt 0.508066 0.561983
vt 0.511920 0.561983
vt 0.511920 0.562575
vt 0.525888 0.566526
vt 0.525888 0.565934
vt 0.529742 0.565933
vt 0.529742 0.566526
vt 0.525888 0.565341
vt 0.529742 0.565341
vt 0.525888 0.564749
vt 0.529742 0.564749
vt 0.525888 0.564157
vt 0.529742 0.564157
vt 0.525888 0.563565
vt 0.529742 0.563565
vt 0.525888 0.577775
vt 0.525888 0.577183
vt 0.529742 0.577183
vt 0.529742 0.577775
vt 0.525888 0.576591
vt 0.529742 0.576591
vt 0.525888 0.575999
vt 0.529742 0.575999
vt 0.525888 0.575407
vt 0.529742 0.575407
vt 0.525888 0.574815
vt 0.529742 0.574815
vt 0.525888 0.574223
vt 0.529742 0.574223
vt 0.525888 0.573630
vt 0.529742 0.573630
vt 0.221511 0.359265
vt 0.221511 0.354018
vt 0.221727 0.354296
vt 0.222286 0.354726
vt 0.222866 0.354967
vt 0.223489 0.355049
vt 0.224112 0.354967
vt 0.224693 0.354727
vt 0.225252 0.354297
vt 0.225252 0.358987
vt 0.224693 0.358558
vt 0.224112 0.358317
vt 0.223489 0.358235
vt 0.222866 0.358317
vt 0.222286 0.358557
vt 0.221726 0.358987
vt 0.525888 0.571854
vt 0.529742 0.571854
vt 0.525888 0.571262
vt 0.529742 0.571262
vt 0.525888 0.570670
vt 0.529742 0.570670
vt 0.525888 0.570078
vt 0.529742 0.570078
vt 0.525888 0.569486
vt 0.529742 0.569486
vt 0.525888 0.568894
vt 0.529742 0.568894
vt 0.508066 0.563167
vt 0.511920 0.563167
vt 0.364109 0.505675
vt 0.363574 0.505264
vt 0.362994 0.505023
vt 0.362370 0.504941
vt 0.361747 0.505024
vt 0.361167 0.505264
vt 0.360630 0.505677
vt 0.508066 0.561391
vt 0.508066 0.560799
vt 0.511920 0.560799
vt 0.511920 0.561391
vt 0.508066 0.560207
vt 0.511920 0.560207
vt 0.508066 0.559615
vt 0.511920 0.559615
vt 0.508066 0.559023
vt 0.511920 0.559023
vt 0.508066 0.558431
vt 0.511920 0.558431
vt 0.508066 0.557839
vt 0.511920 0.557839
vt 0.508066 0.572049
vt 0.508066 0.571457
vt 0.511920 0.571456
vt 0.511920 0.572049
vt 0.508066 0.570864
vt 0.511920 0.570864
vt 0.508066 0.570272
vt 0.511920 0.570272
vt 0.508066 0.569680
vt 0.511920 0.569680
vt 0.508066 0.569088
vt 0.511920 0.569088
vt 0.508066 0.568496
vt 0.511920 0.568496
vt 0.508066 0.567904
vt 0.511920 0.567904
vt 0.508066 0.567312
vt 0.511920 0.567312
vt 0.508066 0.566720
vt 0.511920 0.566720
vt 0.508066 0.566128
vt 0.511920 0.566128
vt 0.508066 0.565536
vt 0.511920 0.565536
vt 0.508066 0.564944
vt 0.511920 0.564944
vt 0.508066 0.564352
vt 0.511920 0.564352
vt 0.508066 0.563759
vt 0.511920 0.563759
vt 0.228496 0.371068
vt 0.367378 0.565784
vt 0.228497 0.302209
vt 0.367378 0.496924
vt 0.219701 0.367602
vt 0.219701 0.305675
vt 0.358582 0.562318
vt 0.224067 0.334480
vt 0.223489 0.334404
vt 0.224606 0.334703
vt 0.225069 0.335058
vt 0.225422 0.335522
vt 0.225645 0.336061
vt 0.225722 0.336638
vt 0.225645 0.337216
vt 0.225422 0.337755
vt 0.225070 0.338219
vt 0.224606 0.338573
vt 0.224067 0.338797
vt 0.223489 0.338873
vt 0.222911 0.338796
vt 0.222372 0.338573
vt 0.221909 0.338219
vt 0.221557 0.337755
vt 0.221333 0.337216
vt 0.221146 0.337142
vt 0.221256 0.336638
vt 0.221081 0.336638
vt 0.221333 0.336061
vt 0.221146 0.336135
vt 0.221557 0.335521
vt 0.221908 0.335057
vt 0.222372 0.334703
vt 0.222911 0.334480
vt 0.224067 0.326479
vt 0.223489 0.326402
vt 0.224606 0.326702
vt 0.225070 0.327057
vt 0.225422 0.327520
vt 0.225645 0.328060
vt 0.225722 0.328637
vt 0.225645 0.329214
vt 0.225422 0.329753
vt 0.225069 0.330217
vt 0.224606 0.330572
vt 0.224067 0.330795
vt 0.223489 0.330871
vt 0.222911 0.330795
vt 0.222372 0.330572
vt 0.221908 0.330218
vt 0.221557 0.329754
vt 0.221333 0.329214
vt 0.221146 0.329140
vt 0.221256 0.328637
vt 0.221081 0.328637
vt 0.221333 0.328060
vt 0.221146 0.328134
vt 0.221557 0.327520
vt 0.221908 0.327056
vt 0.222372 0.326702
vt 0.222911 0.326479
vt 0.224067 0.318477
vt 0.223489 0.318401
vt 0.224606 0.318700
vt 0.225070 0.319055
vt 0.225422 0.319519
vt 0.225645 0.320058
vt 0.225723 0.320635
vt 0.225645 0.321212
vt 0.225422 0.321752
vt 0.225070 0.322215
vt 0.224606 0.322570
vt 0.224067 0.322793
vt 0.223489 0.322870
vt 0.222911 0.322794
vt 0.222372 0.322571
vt 0.221908 0.322216
vt 0.221557 0.321752
vt 0.221333 0.321213
vt 0.221146 0.321139
vt 0.221256 0.320635
vt 0.221081 0.320635
vt 0.221333 0.320058
vt 0.221146 0.320132
vt 0.221557 0.319519
vt 0.221908 0.319055
vt 0.222372 0.318700
vt 0.222911 0.318477
vt 0.224068 0.310475
vt 0.223489 0.310399
vt 0.224607 0.310698
vt 0.225070 0.311053
vt 0.225424 0.311516
vt 0.225646 0.312056
vt 0.225723 0.312633
vt 0.225645 0.313210
vt 0.225422 0.313750
vt 0.225070 0.314214
vt 0.224606 0.314569
vt 0.224067 0.314792
vt 0.223489 0.314868
vt 0.222911 0.314792
vt 0.222372 0.314569
vt 0.221908 0.314214
vt 0.221557 0.313751
vt 0.221333 0.313211
vt 0.221146 0.313137
vt 0.221256 0.312634
vt 0.221081 0.312634
vt 0.221332 0.312056
vt 0.221155 0.312073
vt 0.221555 0.311517
vt 0.221909 0.311054
vt 0.222372 0.310699
vt 0.222911 0.310475
vt 0.224067 0.342481
vt 0.223489 0.342405
vt 0.224606 0.342705
vt 0.225070 0.343059
vt 0.225422 0.343523
vt 0.225645 0.344063
vt 0.225723 0.344640
vt 0.225645 0.345217
vt 0.225422 0.345756
vt 0.225070 0.346220
vt 0.224606 0.346575
vt 0.224067 0.346798
vt 0.223489 0.346874
vt 0.222911 0.346798
vt 0.222372 0.346575
vt 0.221909 0.346220
vt 0.221557 0.345756
vt 0.221333 0.345217
vt 0.221146 0.345143
vt 0.221256 0.344639
vt 0.221081 0.344639
vt 0.221334 0.344062
vt 0.221146 0.344136
vt 0.221557 0.343523
vt 0.221908 0.343059
vt 0.222372 0.342704
vt 0.222911 0.342481
vt 0.224068 0.350483
vt 0.223489 0.350407
vt 0.224607 0.350706
vt 0.225070 0.351061
vt 0.225422 0.351525
vt 0.225645 0.352064
vt 0.225723 0.352641
vt 0.225645 0.353219
vt 0.225422 0.353758
vt 0.225069 0.354222
vt 0.224606 0.354576
vt 0.224067 0.354799
vt 0.223489 0.354875
vt 0.222911 0.354799
vt 0.222372 0.354576
vt 0.221908 0.354221
vt 0.221557 0.353757
vt 0.221333 0.353218
vt 0.221146 0.353144
vt 0.221256 0.352641
vt 0.221081 0.352641
vt 0.221334 0.352064
vt 0.221146 0.352138
vt 0.221557 0.351524
vt 0.221909 0.351061
vt 0.222372 0.350706
vt 0.222911 0.350483
vt 0.224068 0.358485
vt 0.223489 0.358408
vt 0.224606 0.358708
vt 0.225070 0.359063
vt 0.225422 0.359526
vt 0.225645 0.360066
vt 0.225723 0.360643
vt 0.225647 0.361221
vt 0.225424 0.361760
vt 0.225070 0.362223
vt 0.224607 0.362578
vt 0.224068 0.362801
vt 0.223490 0.362877
vt 0.222911 0.362801
vt 0.222372 0.362577
vt 0.221909 0.362222
vt 0.221555 0.361759
vt 0.221332 0.361220
vt 0.221155 0.361204
vt 0.221256 0.360642
vt 0.221081 0.360642
vt 0.221333 0.360065
vt 0.221146 0.360139
vt 0.221557 0.359526
vt 0.221908 0.359062
vt 0.222372 0.358707
vt 0.222911 0.358484
vt 0.363951 0.508929
vt 0.364303 0.508466
vt 0.362948 0.509508
vt 0.363487 0.509284
vt 0.362370 0.509584
vt 0.361792 0.517509
vt 0.362370 0.517585
vt 0.361253 0.517286
vt 0.360790 0.516932
vt 0.360438 0.516468
vt 0.360214 0.515929
vt 0.360137 0.515351
vt 0.360214 0.514774
vt 0.360438 0.514234
vt 0.360789 0.513771
vt 0.361253 0.513416
vt 0.361792 0.513193
vt 0.362370 0.513117
vt 0.362948 0.513193
vt 0.363487 0.513416
vt 0.363950 0.513771
vt 0.364303 0.514234
vt 0.364526 0.514774
vt 0.364604 0.515351
vt 0.364526 0.515928
vt 0.364303 0.516467
vt 0.363951 0.516931
vt 0.362949 0.517509
vt 0.363488 0.517286
vt 0.361792 0.525511
vt 0.362370 0.525587
vt 0.361253 0.525288
vt 0.360789 0.524933
vt 0.360438 0.524470
vt 0.360215 0.523930
vt 0.360137 0.523353
vt 0.360214 0.522776
vt 0.360438 0.522236
vt 0.360789 0.521772
vt 0.361253 0.521418
vt 0.361792 0.521195
vt 0.362370 0.521118
vt 0.362948 0.521194
vt 0.363487 0.521417
vt 0.363951 0.521772
vt 0.364303 0.522236
vt 0.364526 0.522775
vt 0.364604 0.523352
vt 0.364526 0.523929
vt 0.364303 0.524469
vt 0.363951 0.524933
vt 0.362949 0.525511
vt 0.363487 0.525287
vt 0.361793 0.557517
vt 0.362371 0.557593
vt 0.361254 0.557293
vt 0.360790 0.556938
vt 0.360436 0.556475
vt 0.360213 0.555936
vt 0.360137 0.555358
vt 0.360215 0.554781
vt 0.360438 0.554242
vt 0.360789 0.553778
vt 0.361253 0.553424
vt 0.361792 0.553201
vt 0.362370 0.553124
vt 0.362949 0.553201
vt 0.363488 0.553424
vt 0.363951 0.553779
vt 0.364303 0.554242
vt 0.364526 0.554782
vt 0.364605 0.555359
vt 0.364528 0.555937
vt 0.364305 0.556476
vt 0.363951 0.556939
vt 0.362949 0.557517
vt 0.363488 0.557294
vt 0.361792 0.549516
vt 0.362370 0.549592
vt 0.361253 0.549292
vt 0.360789 0.548938
vt 0.360438 0.548474
vt 0.360215 0.547935
vt 0.360137 0.547357
vt 0.360215 0.546780
vt 0.360438 0.546240
vt 0.360790 0.545777
vt 0.361253 0.545422
vt 0.361792 0.545199
vt 0.362370 0.545123
vt 0.362948 0.545199
vt 0.363487 0.545422
vt 0.363951 0.545777
vt 0.364303 0.546241
vt 0.364526 0.546780
vt 0.364604 0.547357
vt 0.364526 0.547935
vt 0.364303 0.548474
vt 0.363951 0.548938
vt 0.362949 0.549516
vt 0.363488 0.549292
vt 0.361792 0.541514
vt 0.362370 0.541590
vt 0.361253 0.541290
vt 0.360789 0.540936
vt 0.360438 0.540472
vt 0.360215 0.539932
vt 0.360137 0.539355
vt 0.360214 0.538778
vt 0.360438 0.538238
vt 0.360789 0.537775
vt 0.361253 0.537420
vt 0.361792 0.537197
vt 0.362370 0.537121
vt 0.362948 0.537197
vt 0.363487 0.537420
vt 0.363951 0.537775
vt 0.364303 0.538239
vt 0.364526 0.538778
vt 0.364604 0.539356
vt 0.364526 0.539933
vt 0.364303 0.540472
vt 0.363951 0.540936
vt 0.362949 0.541514
vt 0.363487 0.541291
vt 0.361792 0.533512
vt 0.362370 0.533588
vt 0.361253 0.533289
vt 0.360789 0.532934
vt 0.360438 0.532471
vt 0.360214 0.531931
vt 0.360137 0.531354
vt 0.360215 0.530776
vt 0.360438 0.530237
vt 0.360790 0.529773
vt 0.361253 0.529419
vt 0.361792 0.529195
vt 0.362370 0.529119
vt 0.362949 0.529196
vt 0.363488 0.529419
vt 0.363951 0.529773
vt 0.364303 0.530237
vt 0.364526 0.530777
vt 0.364603 0.531354
vt 0.364526 0.531931
vt 0.364303 0.532471
vt 0.363950 0.532934
vt 0.362948 0.533512
vt 0.363487 0.533289
vt 0.358582 0.500390
vt 0.364526 0.507926
vt 0.364604 0.507349
vt 0.364527 0.506771
vt 0.364304 0.506232
vt 0.363951 0.505769
vt 0.363488 0.505414
vt 0.362949 0.505191
vt 0.362370 0.505115
vt 0.361792 0.505191
vt 0.361253 0.505414
vt 0.360790 0.505770
vt 0.360436 0.506233
vt 0.360213 0.506772
vt 0.360137 0.507350
vt 0.360214 0.507927
vt 0.360438 0.508466
vt 0.360789 0.508930
vt 0.361253 0.509285
vt 0.361792 0.509508
vt 0.372119 0.579155
vt 0.372063 0.579570
vt 0.371552 0.579569
vt 0.371499 0.579155
vt 0.494259 0.575181
vt 0.494622 0.575542
vt 0.494877 0.575986
vt 0.495009 0.576480
vt 0.495010 0.576992
vt 0.494877 0.577486
vt 0.494620 0.577928
vt 0.494260 0.578291
vt 0.493817 0.578547
vt 0.493323 0.578680
vt 0.492811 0.578680
vt 0.492317 0.578548
vt 0.491873 0.578293
vt 0.491511 0.577932
vt 0.491255 0.577489
vt 0.491123 0.576994
vt 0.491123 0.576483
vt 0.491257 0.575989
vt 0.491512 0.575546
vt 0.491873 0.575184
vt 0.492315 0.574928
vt 0.492809 0.574795
vt 0.493321 0.574795
vt 0.493815 0.574926
vt 0.490871 0.575829
vt 0.490709 0.576427
vt 0.263615 0.581704
vt 0.263871 0.581261
vt 0.264233 0.580899
vt 0.264675 0.580644
vt 0.265169 0.580511
vt 0.265680 0.580511
vt 0.266174 0.580643
vt 0.266618 0.580898
vt 0.266982 0.581259
vt 0.267237 0.581703
vt 0.267368 0.582197
vt 0.267368 0.582709
vt 0.267234 0.583203
vt 0.266978 0.583645
vt 0.266617 0.584007
vt 0.266174 0.584263
vt 0.265680 0.584396
vt 0.265169 0.584396
vt 0.264674 0.584264
vt 0.264231 0.584009
vt 0.263867 0.583648
vt 0.263613 0.583204
vt 0.263482 0.582709
vt 0.263482 0.582198
vt 0.493378 0.579094
vt 0.493977 0.578933
vt 0.490708 0.577047
vt 0.494514 0.578622
vt 0.494952 0.578183
vt 0.495263 0.577646
vt 0.495425 0.577047
vt 0.495425 0.576426
vt 0.495264 0.575826
vt 0.494955 0.575285
vt 0.494512 0.574847
vt 0.372714 0.583711
vt 0.372556 0.583323
vt 0.373000 0.583069
vt 0.373253 0.583403
vt 0.373695 0.582964
vt 0.373363 0.582707
vt 0.373618 0.582264
vt 0.374005 0.582423
vt 0.374165 0.581823
vt 0.373750 0.581769
vt 0.373750 0.581257
vt 0.374165 0.581203
vt 0.374003 0.580604
vt 0.373617 0.580763
vt 0.373361 0.580321
vt 0.373692 0.580067
vt 0.373254 0.579627
vt 0.373000 0.579958
vt 0.372557 0.579702
vt 0.372718 0.579316
vt 0.491619 0.574852
vt 0.491181 0.575291
vt 0.370899 0.579314
vt 0.371057 0.579701
vt 0.370613 0.579956
vt 0.370360 0.579622
vt 0.369918 0.580061
vt 0.370251 0.580317
vt 0.369995 0.580761
vt 0.369608 0.580602
vt 0.369448 0.581202
vt 0.369863 0.581255
vt 0.369864 0.581767
vt 0.369449 0.581822
vt 0.369611 0.582421
vt 0.369997 0.582260
vt 0.370252 0.582703
vt 0.369921 0.582958
vt 0.370359 0.583397
vt 0.370613 0.583065
vt 0.371056 0.583322
vt 0.370896 0.583708
vt 0.371494 0.583868
vt 0.371550 0.583454
vt 0.372061 0.583455
vt 0.372114 0.583869
vt 0.490867 0.577648
vt 0.258349 0.584811
vt 0.258403 0.584397
vt 0.258915 0.584397
vt 0.258970 0.584812
vt 0.257749 0.584653
vt 0.257909 0.584266
vt 0.257209 0.584345
vt 0.257464 0.584011
vt 0.256771 0.583903
vt 0.257103 0.583647
vt 0.256462 0.583364
vt 0.256848 0.583204
vt 0.256302 0.582764
vt 0.256717 0.582709
vt 0.256302 0.582143
vt 0.256717 0.582198
vt 0.256463 0.581544
vt 0.256850 0.581704
vt 0.256774 0.581007
vt 0.257106 0.581261
vt 0.257214 0.580569
vt 0.257468 0.580900
vt 0.257751 0.580258
vt 0.257911 0.580644
vt 0.258350 0.580096
vt 0.258405 0.580511
vt 0.258970 0.580096
vt 0.258916 0.580511
vt 0.259571 0.580255
vt 0.259411 0.580642
vt 0.260111 0.580564
vt 0.259855 0.580897
vt 0.260548 0.581006
vt 0.260215 0.581261
vt 0.260856 0.581545
vt 0.260470 0.581705
vt 0.261017 0.582145
vt 0.260602 0.582198
vt 0.261017 0.582765
vt 0.260602 0.582710
vt 0.260854 0.583364
vt 0.260469 0.583203
vt 0.260544 0.583901
vt 0.260213 0.583646
vt 0.260105 0.584340
vt 0.259852 0.584008
vt 0.259568 0.584650
vt 0.259409 0.584264
vt 0.263228 0.581544
vt 0.263067 0.582143
vt 0.263539 0.581007
vt 0.263977 0.580568
vt 0.264515 0.580258
vt 0.265114 0.580096
vt 0.265734 0.580096
vt 0.266334 0.580257
vt 0.266873 0.580565
vt 0.267315 0.581003
vt 0.267624 0.581543
vt 0.267782 0.582143
vt 0.267782 0.582764
vt 0.267620 0.583363
vt 0.267309 0.583899
vt 0.266871 0.584339
vt 0.266335 0.584650
vt 0.265735 0.584810
vt 0.265115 0.584810
vt 0.264514 0.584651
vt 0.263976 0.584342
vt 0.263533 0.583904
vt 0.263067 0.582763
vt 0.263225 0.583363
vt 0.493973 0.574539
vt 0.493373 0.574380
vt 0.492155 0.574542
vt 0.491177 0.578188
vt 0.491619 0.578627
vt 0.492159 0.578936
vt 0.492758 0.579095
vt 0.492754 0.574381
vt 0.324174 0.470024
vt 0.315385 0.470024
vt 0.315385 0.469432
vt 0.324174 0.469432
vt 0.324174 0.475353
vt 0.315385 0.475353
vt 0.315385 0.474761
vt 0.324174 0.474761
vt 0.315385 0.474169
vt 0.324174 0.474169
vt 0.324174 0.477129
vt 0.315385 0.477129
vt 0.315385 0.476537
vt 0.324174 0.476537
vt 0.324174 0.477721
vt 0.315385 0.477721
vt 0.324174 0.478314
vt 0.315385 0.478314
vt 0.324174 0.478906
vt 0.315385 0.478906
vt 0.324174 0.479498
vt 0.315385 0.479498
vt 0.324174 0.465880
vt 0.315385 0.465880
vt 0.315385 0.465288
vt 0.324174 0.465288
vt 0.324174 0.466472
vt 0.315385 0.466472
vt 0.324174 0.467064
vt 0.315385 0.467064
vt 0.324174 0.467656
vt 0.315385 0.467656
vt 0.324174 0.468248
vt 0.315385 0.468248
vt 0.324174 0.468840
vt 0.315385 0.468840
vt 0.324174 0.470616
vt 0.315385 0.470616
vt 0.324174 0.471209
vt 0.315385 0.471209
vt 0.324174 0.471801
vt 0.315385 0.471801
vt 0.324174 0.472393
vt 0.315385 0.472393
vt 0.324174 0.472985
vt 0.315385 0.472985
vt 0.324174 0.473577
vt 0.315385 0.473577
vt 0.324174 0.475945
vt 0.315385 0.475945
vt 0.269537 0.460420
vt 0.260749 0.460420
vt 0.260749 0.459828
vt 0.269537 0.459828
vt 0.269537 0.465748
vt 0.260749 0.465748
vt 0.260749 0.465156
vt 0.269537 0.465156
vt 0.260749 0.464564
vt 0.269537 0.464564
vt 0.269537 0.467525
vt 0.260749 0.467525
vt 0.260749 0.466933
vt 0.269537 0.466933
vt 0.269537 0.468117
vt 0.260749 0.468117
vt 0.269537 0.468709
vt 0.260749 0.468709
vt 0.269537 0.469301
vt 0.260749 0.469301
vt 0.269537 0.469893
vt 0.260749 0.469893
vt 0.269537 0.456275
vt 0.260749 0.456275
vt 0.260749 0.455683
vt 0.269537 0.455683
vt 0.269537 0.456867
vt 0.260749 0.456867
vt 0.269537 0.457459
vt 0.260749 0.457459
vt 0.269537 0.458051
vt 0.260749 0.458051
vt 0.269537 0.458643
vt 0.260749 0.458643
vt 0.269537 0.459236
vt 0.260749 0.459236
vt 0.269537 0.461012
vt 0.260749 0.461012
vt 0.269537 0.461604
vt 0.260749 0.461604
vt 0.269537 0.462196
vt 0.260749 0.462196
vt 0.269537 0.462788
vt 0.260749 0.462788
vt 0.269537 0.463380
vt 0.260749 0.463380
vt 0.269537 0.463972
vt 0.260749 0.463972
vt 0.269537 0.466340
vt 0.260749 0.466340
vt 0.229996 0.551203
vt 0.226862 0.551203
vt 0.226862 0.549787
vt 0.229996 0.549787
vt 0.221116 0.502129
vt 0.219701 0.502129
vt 0.219701 0.498329
vt 0.221116 0.498329
vt 0.221116 0.601938
vt 0.219701 0.601938
vt 0.219701 0.607642
vt 0.221116 0.607642
vt 0.334002 0.549788
vt 0.334002 0.551203
vt 0.271658 0.544030
vt 0.271988 0.444222
vt 0.274664 0.439185
vt 0.277654 0.438818
vt 0.280123 0.440747
vt 0.280123 0.544770
vt 0.277212 0.547213
vt 0.274101 0.546941
vt 0.507573 0.416983
vt 0.507888 0.416812
vt 0.507888 0.521078
vt 0.507567 0.520916
vt 0.523516 0.418200
vt 0.523521 0.522128
vt 0.521209 0.523934
vt 0.518443 0.523594
vt 0.515856 0.518732
vt 0.515525 0.418898
vt 0.517843 0.416138
vt 0.520756 0.415884
vt 0.624361 0.623363
vt 0.622945 0.623363
vt 0.622945 0.620228
vt 0.624361 0.620228
vt 0.219701 0.495206
vt 0.221116 0.495206
vt 0.219701 0.491405
vt 0.221116 0.491405
vt 0.521306 0.524283
vt 0.518235 0.523897
vt 0.515509 0.518803
vt 0.523837 0.522299
vt 0.523837 0.418038
vt 0.515183 0.418785
vt 0.520864 0.415539
vt 0.517676 0.415818
vt 0.223848 0.551203
vt 0.223848 0.549787
vt 0.219701 0.383842
vt 0.219701 0.380042
vt 0.221116 0.380042
vt 0.221116 0.383842
vt 0.221116 0.483651
vt 0.219701 0.483651
vt 0.221116 0.489355
vt 0.219701 0.489355
vt 0.624361 0.727368
vt 0.622946 0.727368
vt 0.338448 0.434519
vt 0.338448 0.538542
vt 0.335979 0.540471
vt 0.332989 0.540103
vt 0.330313 0.535067
vt 0.329982 0.435259
vt 0.332426 0.432348
vt 0.335537 0.432076
vt 0.499908 0.420379
vt 0.502495 0.415517
vt 0.505261 0.415177
vt 0.504807 0.523232
vt 0.501893 0.522977
vt 0.499575 0.520218
vt 0.219701 0.376919
vt 0.221116 0.376919
vt 0.219701 0.373118
vt 0.221116 0.373118
vt 0.505358 0.414828
vt 0.502287 0.415214
vt 0.499560 0.420308
vt 0.499234 0.520330
vt 0.504915 0.523577
vt 0.501727 0.523297
vt 0.622945 0.617215
vt 0.624361 0.617215
vt 0.436064 0.336128
vt 0.436064 0.338072
vt 0.388488 0.338072
vt 0.388488 0.336128
vt 0.062966 0.174057
vt 0.064316 0.171747
vt 0.065434 0.172630
vt 0.064206 0.174584
vt 0.066286 0.169863
vt 0.068645 0.168616
vt 0.069125 0.169862
vt 0.067123 0.171010
vt 0.436064 0.341961
vt 0.436064 0.344473
vt 0.388488 0.344473
vt 0.388488 0.341961
vt 0.241877 0.172519
vt 0.347694 0.172528
vt 0.349254 0.172813
vt 0.349900 0.173157
vt 0.350418 0.173677
vt 0.350762 0.174325
vt 0.351052 0.175884
vt 0.351051 0.319800
vt 0.350764 0.321360
vt 0.350421 0.322010
vt 0.349902 0.322529
vt 0.349256 0.322875
vt 0.347694 0.323161
vt 0.241877 0.323153
vt 0.240317 0.322867
vt 0.239671 0.322523
vt 0.239153 0.322003
vt 0.238808 0.321355
vt 0.238519 0.319796
vt 0.238520 0.175881
vt 0.238807 0.174320
vt 0.239150 0.173671
vt 0.239669 0.173151
vt 0.240315 0.172805
vt 0.225702 0.297519
vt 0.223216 0.298794
vt 0.222730 0.297493
vt 0.224835 0.296304
vt 0.062185 0.177251
vt 0.063298 0.177430
vt 0.225900 0.169944
vt 0.228029 0.172073
vt 0.226784 0.173026
vt 0.224954 0.171191
vt 0.229461 0.174645
vt 0.230250 0.178092
vt 0.229087 0.178278
vt 0.228111 0.175199
vt 0.230172 0.289669
vt 0.228934 0.289484
vt 0.227810 0.295556
vt 0.226634 0.294604
vt 0.064106 0.294084
vt 0.062646 0.291658
vt 0.063959 0.291083
vt 0.065267 0.293139
vt 0.436064 0.222784
vt 0.436064 0.224728
vt 0.388488 0.224728
vt 0.388488 0.222784
vt 0.071828 0.167944
vt 0.071984 0.169048
vt 0.436064 0.340016
vt 0.388488 0.340016
vt 0.066185 0.296030
vt 0.067043 0.294825
vt 0.219918 0.299445
vt 0.219768 0.298319
vt 0.436064 0.218895
vt 0.436064 0.220839
vt 0.388488 0.220839
vt 0.388488 0.218895
vt 0.436064 0.065420
vt 0.436064 0.067364
vt 0.388489 0.067364
vt 0.388489 0.065420
vt 0.436064 0.499893
vt 0.436064 0.606269
vt 0.388489 0.606269
vt 0.388488 0.499893
vt 0.229287 0.293115
vt 0.227959 0.292531
vt 0.068629 0.297300
vt 0.069118 0.296010
vt 0.356532 0.175218
vt 0.356532 0.320464
vt 0.355735 0.320370
vt 0.355735 0.175311
vt 0.355150 0.172707
vt 0.354536 0.175460
vt 0.354004 0.173141
vt 0.353365 0.175608
vt 0.352914 0.173551
vt 0.352206 0.175750
vt 0.351841 0.173943
vt 0.071008 0.173826
vt 0.069793 0.174481
vt 0.069365 0.173945
vt 0.070654 0.173165
vt 0.354155 0.170893
vt 0.353167 0.171629
vt 0.352240 0.172324
vt 0.351333 0.173000
vt 0.068799 0.175406
vt 0.068273 0.174976
vt 0.352688 0.169426
vt 0.351946 0.170409
vt 0.351254 0.171337
vt 0.350577 0.172244
vt 0.068077 0.176554
vt 0.067444 0.176197
vt 0.350874 0.168430
vt 0.350436 0.169574
vt 0.350027 0.170664
vt 0.349635 0.171736
vt 0.067464 0.178449
vt 0.066664 0.178125
vt 0.348267 0.167841
vt 0.348118 0.169040
vt 0.347969 0.170213
vt 0.347828 0.171372
vt 0.073145 0.292603
vt 0.218714 0.294080
vt 0.219081 0.294911
vt 0.072778 0.293446
vt 0.233836 0.175310
vt 0.234420 0.172706
vt 0.235566 0.173141
vt 0.235034 0.175459
vt 0.236654 0.173551
vt 0.236206 0.175606
vt 0.237727 0.173941
vt 0.237364 0.175747
vt 0.072979 0.173256
vt 0.072649 0.172421
vt 0.235410 0.170889
vt 0.236395 0.171628
vt 0.237323 0.172321
vt 0.238234 0.172996
vt 0.069859 0.291201
vt 0.071121 0.291941
vt 0.070743 0.292626
vt 0.069417 0.291782
vt 0.236873 0.169416
vt 0.237612 0.170402
vt 0.238309 0.171330
vt 0.238988 0.172238
vt 0.068819 0.290198
vt 0.068272 0.290679
vt 0.238685 0.168413
vt 0.239124 0.169561
vt 0.239536 0.170652
vt 0.239931 0.171727
vt 0.241199 0.167017
vt 0.348362 0.167042
vt 0.241296 0.167819
vt 0.241448 0.169022
vt 0.241598 0.170198
vt 0.241741 0.171360
vt 0.355946 0.323272
vt 0.355150 0.322975
vt 0.350885 0.327267
vt 0.348275 0.327862
vt 0.348123 0.326659
vt 0.350447 0.326120
vt 0.347973 0.325483
vt 0.350034 0.325028
vt 0.347829 0.324320
vt 0.349639 0.323954
vt 0.223881 0.177513
vt 0.222942 0.176184
vt 0.223571 0.175625
vt 0.224589 0.177029
vt 0.352698 0.326265
vt 0.351958 0.325278
vt 0.351262 0.324350
vt 0.350583 0.323442
vt 0.221785 0.175017
vt 0.222332 0.174370
vt 0.354161 0.324792
vt 0.353175 0.324053
vt 0.352247 0.323359
vt 0.351337 0.322684
vt 0.220486 0.174029
vt 0.220958 0.173335
vt 0.354005 0.322539
vt 0.352916 0.322130
vt 0.351844 0.321740
vt 0.218483 0.173062
vt 0.218929 0.172293
vt 0.354537 0.320222
vt 0.353365 0.320074
vt 0.352207 0.319933
vt 0.224509 0.288375
vt 0.224842 0.179535
vt 0.225625 0.179093
vt 0.225392 0.288735
vt 0.241303 0.327840
vt 0.238697 0.327251
vt 0.239135 0.326106
vt 0.241453 0.326640
vt 0.239544 0.325017
vt 0.241601 0.325468
vt 0.239936 0.323945
vt 0.241743 0.324309
vt 0.236883 0.326255
vt 0.237625 0.325272
vt 0.238317 0.324344
vt 0.238993 0.323436
vt 0.223034 0.291643
vt 0.223816 0.290400
vt 0.224509 0.290792
vt 0.223611 0.292106
vt 0.235416 0.324787
vt 0.236404 0.324051
vt 0.237331 0.323356
vt 0.238238 0.322680
vt 0.221982 0.292661
vt 0.222455 0.293226
vt 0.234421 0.322974
vt 0.235567 0.322540
vt 0.236657 0.322130
vt 0.237730 0.321737
vt 0.348372 0.328663
vt 0.241209 0.328638
vt 0.233836 0.320369
vt 0.235034 0.320221
vt 0.236206 0.320072
vt 0.237364 0.319931
vt 0.233039 0.175217
vt 0.233625 0.172409
vt 0.067393 0.286988
vt 0.066519 0.287335
vt 0.238398 0.328046
vt 0.061772 0.288240
vt 0.063000 0.288061
vt 0.351186 0.328063
vt 0.436064 0.071820
vt 0.436064 0.216383
vt 0.388488 0.216383
vt 0.388489 0.071820
vt 0.436064 0.489036
vt 0.436064 0.491548
vt 0.388488 0.491548
vt 0.388488 0.489036
vt 0.220719 0.293407
vt 0.221115 0.294085
vt 0.219929 0.167746
vt 0.219746 0.168893
vt 0.436064 0.333616
vt 0.388488 0.333616
vt 0.223348 0.168519
vt 0.222796 0.169865
vt 0.071888 0.297971
vt 0.072051 0.296851
vt 0.354848 0.170376
vt 0.355945 0.172409
vt 0.436064 0.497381
vt 0.388488 0.497381
vt 0.353218 0.326957
vt 0.234716 0.170372
vt 0.436064 0.069308
vt 0.388489 0.069308
vt 0.236365 0.326948
vt 0.068063 0.288977
vt 0.067385 0.289373
vt 0.354855 0.325308
vt 0.233626 0.323271
vt 0.233039 0.320463
vt 0.351173 0.167634
vt 0.353206 0.168733
vt 0.436064 0.493492
vt 0.388488 0.493492
vt 0.238384 0.167618
vt 0.436064 0.227240
vt 0.388488 0.227240
vt 0.234723 0.325304
vt 0.236353 0.168724
vt 0.436064 0.063475
vt 0.388489 0.063475
vt 0.436064 0.060963
vt 0.388489 0.060963
vt 0.436064 0.495436
vt 0.388488 0.495436
vt 0.073252 0.173742
vt 0.071189 0.174110
vt 0.069970 0.174704
vt 0.069009 0.175595
vt 0.068346 0.176741
vt 0.067913 0.178717
vt 0.071325 0.291645
vt 0.073448 0.292113
vt 0.070057 0.290964
vt 0.069052 0.289997
vt 0.068355 0.288780
vt 0.067904 0.286713
vt 0.224418 0.179909
vt 0.223572 0.177758
vt 0.222653 0.176433
vt 0.221525 0.175308
vt 0.220240 0.174326
vt 0.218106 0.173480
vt 0.223514 0.290193
vt 0.223990 0.288090
vt 0.222797 0.291437
vt 0.221782 0.292423
vt 0.220515 0.293117
vt 0.218406 0.293600
vt 0.061807 0.292000
vt 0.060960 0.288336
vt 0.071813 0.298679
vt 0.068352 0.298119
vt 0.230989 0.289769
vt 0.230132 0.293462
vt 0.228546 0.296152
vt 0.228817 0.171487
vt 0.230325 0.174331
vt 0.223660 0.167660
vt 0.226488 0.169159
vt 0.071754 0.167244
vt 0.220011 0.167017
vt 0.219985 0.300159
vt 0.065655 0.296788
vt 0.063375 0.294671
vt 0.223488 0.299624
vt 0.068371 0.167821
vt 0.063613 0.171197
vt 0.065770 0.169137
vt 0.226234 0.298290
vt 0.230989 0.178007
vt 0.061478 0.177163
vt 0.062175 0.173750
vt 0.224172 0.564890
vt 0.225491 0.564908
vt 0.225370 0.572624
vt 0.224066 0.572605
vt 0.001027 0.668634
vt 0.001027 0.660701
vt 0.613567 0.660695
vt 0.613567 0.668634
vt 0.341841 0.541454
vt 0.343145 0.541435
vt 0.343264 0.549153
vt 0.341944 0.549171
vt 0.341944 0.552304
vt 0.343264 0.552322
vt 0.343146 0.560040
vt 0.341841 0.560021
vt 0.001027 0.699416
vt 0.001025 0.691483
vt 0.613566 0.691359
vt 0.613567 0.699298
vt 0.224073 0.554042
vt 0.225377 0.554024
vt 0.225493 0.561740
vt 0.224173 0.561757
vt 0.001026 0.681516
vt 0.613567 0.681615
vt 0.613566 0.689548
vt 0.001025 0.689447
vt 0.224171 0.562080
vt 0.225517 0.562071
vt 0.225516 0.564577
vt 0.224170 0.564567
vt 0.613566 0.689780
vt 0.613565 0.691127
vt 0.001025 0.691116
vt 0.001025 0.689746
vt 0.354498 0.551988
vt 0.343615 0.551979
vt 0.343615 0.549496
vt 0.354498 0.549487
vt 0.001026 0.678704
vt 0.613567 0.678711
vt 0.613567 0.681192
vt 0.001026 0.681188
vt 0.001026 0.670213
vt 0.001026 0.668866
vt 0.613567 0.669057
vt 0.613566 0.670412
vt 0.341942 0.549494
vt 0.343289 0.549484
vt 0.343289 0.551991
vt 0.341942 0.551981
vt 0.001025 0.753322
vt 0.614569 0.753238
vt 0.614570 0.761184
vt 0.001026 0.761274
vt 0.236722 0.564578
vt 0.225843 0.564565
vt 0.225844 0.562083
vt 0.236723 0.562078
vt 0.001025 0.940511
vt 0.001025 0.929631
vt 0.615896 0.929631
vt 0.615896 0.940511
vt 0.922127 0.820767
vt 0.911247 0.820767
vt 0.911243 0.205956
vt 0.922127 0.205956
vt 0.238460 0.561710
vt 0.237069 0.561704
vt 0.237113 0.553487
vt 0.238502 0.553493
vt 0.001025 0.751508
vt 0.001026 0.743563
vt 0.614571 0.743632
vt 0.614570 0.751582
vt 0.356301 0.560566
vt 0.354912 0.560578
vt 0.354844 0.552363
vt 0.356234 0.552354
vt 0.356234 0.549121
vt 0.354844 0.549112
vt 0.354912 0.540897
vt 0.356301 0.540909
vt 0.001026 0.782288
vt 0.001025 0.774342
vt 0.614569 0.774269
vt 0.614570 0.782219
vt 0.238503 0.573163
vt 0.237113 0.573171
vt 0.237068 0.564953
vt 0.238459 0.564947
vt 0.001026 0.764420
vt 0.614570 0.764510
vt 0.614569 0.772456
vt 0.001025 0.772370
vt 0.238454 0.564608
vt 0.237057 0.564608
vt 0.237058 0.562048
vt 0.238455 0.562049
vt 0.614569 0.772688
vt 0.614569 0.774037
vt 0.001025 0.774042
vt 0.001025 0.772669
vt 0.001026 0.761603
vt 0.614570 0.761551
vt 0.614571 0.764036
vt 0.001026 0.764092
vt 0.001025 0.753090
vt 0.001025 0.751741
vt 0.614570 0.751881
vt 0.356229 0.552016
vt 0.354832 0.552018
vt 0.354832 0.549458
vt 0.356229 0.549459
vt 0.341801 0.560240
vt 0.341623 0.560057
vt 0.223855 0.554006
vt 0.224033 0.553824
vt 0.341623 0.541418
vt 0.341801 0.541236
vt 0.224026 0.572823
vt 0.223848 0.572641
vt 0.343361 0.541393
vt 0.343179 0.541216
vt 0.343361 0.560082
vt 0.343179 0.560259
vt 0.225593 0.553982
vt 0.225410 0.553805
vt 0.225586 0.572666
vt 0.225403 0.572843
vt 0.341716 0.549172
vt 0.341712 0.549493
vt 0.341716 0.552304
vt 0.341712 0.551982
vt 0.223945 0.561758
vt 0.223942 0.562080
vt 0.223944 0.564889
vt 0.223940 0.564567
vt 0.343485 0.549139
vt 0.343635 0.549289
vt 0.343485 0.552336
vt 0.343635 0.552186
vt 0.225713 0.561726
vt 0.225864 0.561876
vt 0.225712 0.564922
vt 0.225863 0.564772
vt 0.356342 0.540677
vt 0.356532 0.540870
vt 0.238734 0.573203
vt 0.238543 0.573396
vt 0.356532 0.560605
vt 0.356342 0.560798
vt 0.238542 0.553258
vt 0.238734 0.553452
vt 0.354681 0.560622
vt 0.354875 0.560813
vt 0.354681 0.540853
vt 0.354875 0.540662
vt 0.236882 0.573215
vt 0.237076 0.573406
vt 0.236882 0.553444
vt 0.237075 0.553253
vt 0.356474 0.552352
vt 0.356468 0.552014
vt 0.356474 0.549123
vt 0.356468 0.549461
vt 0.238699 0.564945
vt 0.238694 0.564607
vt 0.238700 0.561712
vt 0.238695 0.562050
vt 0.354611 0.552371
vt 0.354462 0.552204
vt 0.354611 0.549104
vt 0.354462 0.549271
vt 0.236835 0.564961
vt 0.236686 0.564794
vt 0.236836 0.561696
vt 0.236688 0.561863
vt 0.001026 0.670445
vt 0.613567 0.660463
vt 0.001027 0.660402
vt 0.613567 0.699530
vt 0.001027 0.699839
vt 0.001026 0.678375
vt 0.613567 0.678344
vt 0.614571 0.743400
vt 0.001026 0.743263
vt 0.614570 0.782451
vt 0.001026 0.782587
vt 0.343615 0.549264
vt 0.354497 0.549254
vt 0.354497 0.552221
vt 0.343615 0.552212
vt 0.225843 0.561851
vt 0.236723 0.561845
vt 0.225842 0.564798
vt 0.236722 0.564811
vt 0.540475 0.549873
vt 0.539155 0.549855
vt 0.539274 0.542137
vt 0.540579 0.542156
vt 0.001027 0.627147
vt 0.001027 0.619214
vt 0.613567 0.619208
vt 0.613567 0.627147
vt 0.248125 0.518671
vt 0.249430 0.518652
vt 0.249549 0.526370
vt 0.248229 0.526388
vt 0.248229 0.529521
vt 0.249548 0.529539
vt 0.249430 0.537257
vt 0.248125 0.537238
vt 0.001027 0.657929
vt 0.001025 0.649996
vt 0.613565 0.649872
vt 0.613567 0.657811
vt 0.540579 0.560723
vt 0.539274 0.560742
vt 0.539155 0.553024
vt 0.540475 0.553006
vt 0.001026 0.640029
vt 0.613567 0.640128
vt 0.613566 0.648061
vt 0.001025 0.647960
vt 0.540477 0.552683
vt 0.539131 0.552693
vt 0.539131 0.550186
vt 0.540477 0.550196
vt 0.613566 0.648293
vt 0.613565 0.649640
vt 0.001025 0.649629
vt 0.001025 0.648259
vt 0.260782 0.529205
vt 0.249900 0.529195
vt 0.249900 0.526713
vt 0.260782 0.526704
vt 0.001026 0.637217
vt 0.613567 0.637224
vt 0.613567 0.639705
vt 0.001026 0.639701
vt 0.001026 0.628726
vt 0.001026 0.627379
vt 0.613567 0.627570
vt 0.613566 0.628924
vt 0.248227 0.526711
vt 0.249573 0.526701
vt 0.249573 0.529208
vt 0.248227 0.529198
vt 0.001025 0.711948
vt 0.614569 0.711861
vt 0.614570 0.719806
vt 0.001026 0.719900
vt 0.527922 0.550189
vt 0.538804 0.550198
vt 0.538804 0.552681
vt 0.527922 0.552690
vt 0.001025 0.953441
vt 0.001025 0.942561
vt 0.615896 0.942561
vt 0.615896 0.953441
vt 0.909193 0.820767
vt 0.898314 0.820767
vt 0.898310 0.205956
vt 0.909193 0.205956
vt 0.526185 0.553056
vt 0.527575 0.553065
vt 0.527508 0.561280
vt 0.526119 0.561268
vt 0.001025 0.710134
vt 0.001026 0.702188
vt 0.614570 0.702255
vt 0.614570 0.710205
vt 0.262585 0.537783
vt 0.261196 0.537795
vt 0.261129 0.529580
vt 0.262519 0.529571
vt 0.262519 0.526338
vt 0.261129 0.526329
vt 0.261196 0.518114
vt 0.262585 0.518126
vt 0.001026 0.740913
vt 0.001025 0.732967
vt 0.614569 0.732892
vt 0.614570 0.740842
vt 0.526119 0.541611
vt 0.527507 0.541599
vt 0.527575 0.549814
vt 0.526185 0.549823
vt 0.001026 0.723046
vt 0.614570 0.723133
vt 0.614569 0.731078
vt 0.001025 0.730995
vt 0.526190 0.550161
vt 0.527587 0.550160
vt 0.527587 0.552720
vt 0.526190 0.552718
vt 0.614569 0.731311
vt 0.614569 0.732660
vt 0.001025 0.732668
vt 0.001025 0.731295
vt 0.001026 0.720229
vt 0.614570 0.720173
vt 0.614570 0.722659
vt 0.001026 0.722717
vt 0.001025 0.711716
vt 0.001025 0.710367
vt 0.614569 0.710504
vt 0.262514 0.529233
vt 0.261117 0.529234
vt 0.261117 0.526674
vt 0.262514 0.526676
vt 0.248086 0.537456
vt 0.247908 0.537274
vt 0.540796 0.560759
vt 0.540618 0.560942
vt 0.247908 0.518635
vt 0.248086 0.518452
vt 0.540618 0.541937
vt 0.540796 0.542120
vt 0.249646 0.518610
vt 0.249463 0.518433
vt 0.249646 0.537299
vt 0.249463 0.537476
vt 0.539058 0.560784
vt 0.539241 0.560961
vt 0.539058 0.542095
vt 0.539241 0.541918
vt 0.248001 0.526388
vt 0.247997 0.526710
vt 0.248001 0.529520
vt 0.247997 0.529198
vt 0.540703 0.553006
vt 0.540707 0.552684
vt 0.540703 0.549873
vt 0.540707 0.550195
vt 0.249769 0.526356
vt 0.249920 0.526506
vt 0.249769 0.529553
vt 0.249920 0.529403
vt 0.538935 0.553038
vt 0.538784 0.552888
vt 0.538935 0.549841
vt 0.538784 0.549991
vt 0.262626 0.517894
vt 0.262816 0.518087
vt 0.525888 0.541572
vt 0.526078 0.541379
vt 0.262816 0.537822
vt 0.262626 0.538015
vt 0.526078 0.561501
vt 0.525888 0.561307
vt 0.260965 0.537839
vt 0.261160 0.538030
vt 0.260965 0.518070
vt 0.261160 0.517879
vt 0.527738 0.541555
vt 0.527544 0.541364
vt 0.527738 0.561324
vt 0.527544 0.561515
vt 0.262759 0.529569
vt 0.262753 0.529231
vt 0.262759 0.526340
vt 0.262753 0.526678
vt 0.525945 0.549825
vt 0.525951 0.550163
vt 0.525945 0.553054
vt 0.525951 0.552717
vt 0.260895 0.529588
vt 0.260746 0.529421
vt 0.260895 0.526321
vt 0.260746 0.526488
vt 0.527809 0.549806
vt 0.527957 0.549973
vt 0.527809 0.553074
vt 0.527957 0.552906
vt 0.001026 0.628958
vt 0.613567 0.618976
vt 0.001027 0.618915
vt 0.613567 0.658043
vt 0.001027 0.658352
vt 0.001026 0.636888
vt 0.613567 0.636857
vt 0.614570 0.702023
vt 0.001026 0.701889
vt 0.614570 0.741074
vt 0.001026 0.741213
vt 0.249899 0.526480
vt 0.260782 0.526471
vt 0.260782 0.529438
vt 0.249899 0.529428
vt 0.538804 0.552914
vt 0.527922 0.552923
vt 0.538804 0.549965
vt 0.527922 0.549957
vt 0.703974 0.623287
vt 0.704580 0.623277
vt 0.704551 0.739260
vt 0.703946 0.739250
vt 0.572214 0.206010
vt 0.572288 0.205956
vt 0.572120 0.413297
vt 0.570906 0.207209
vt 0.570978 0.207210
vt 0.570906 0.412109
vt 0.704726 0.739325
vt 0.704637 0.739275
vt 0.704661 0.623262
vt 0.704749 0.623214
vt 0.645356 0.615139
vt 0.642835 0.613081
vt 0.642835 0.413670
vt 0.645357 0.411611
vt 0.729830 0.415816
vt 0.729916 0.415800
vt 0.730033 0.531181
vt 0.729958 0.531166
vt 0.712858 0.416620
vt 0.713318 0.416637
vt 0.713354 0.617103
vt 0.712885 0.617121
vt 0.774222 0.774087
vt 0.772073 0.771543
vt 0.772244 0.771371
vt 0.774309 0.773879
vt 0.875628 -0.615890
vt 0.875628 0.989818
vt 0.874901 0.999602
vt 0.010182 0.999759
vt 0.000241 0.989818
vt 0.000241 -0.615890
vt 0.000968 -0.625674
vt 0.865686 -0.625831
vt 0.777154 0.773911
vt 0.777148 0.774161
vt 0.707271 0.740473
vt 0.707217 0.740475
vt 0.707228 0.622065
vt 0.707286 0.622065
vt 0.512460 0.206029
vt 0.512512 0.206051
vt 0.512478 0.412710
vt 0.707260 0.740672
vt 0.707213 0.740640
vt 0.508973 0.207138
vt 0.509045 0.207140
vt 0.508854 0.411464
vt 0.508755 0.411467
vt 0.731130 0.414652
vt 0.731187 0.414619
vt 0.731295 0.532359
vt 0.731238 0.532325
vt 0.511496 0.412714
vt 0.511445 0.412693
vt 0.511577 0.206004
vt 0.729219 0.415828
vt 0.729357 0.531155
vt 0.570282 0.207208
vt 0.570286 0.412109
vt 0.502285 -0.875331
vt 1.373667 -0.875331
vt 1.375782 -0.874370
vt 1.375782 0.749405
vt 1.373667 0.750366
vt 0.502285 0.750366
vt 0.500169 0.749405
vt 0.500169 -0.874370
vt 0.736173 0.414572
vt 0.736173 0.532371
vt 0.735289 0.532369
vt 0.735279 0.414577
vt 0.709920 0.622064
vt 0.709912 0.621829
vt 0.710805 0.621816
vt 0.710808 0.622062
vt 0.577010 0.206039
vt 0.577010 0.413306
vt 0.576103 0.413306
vt 0.576102 0.206039
vt 0.730007 0.415750
vt 0.730122 0.531229
vt 0.705869 0.622112
vt 0.705922 0.622080
vt 0.705899 0.740460
vt 0.705847 0.740428
vt 0.509045 0.207140
vt 0.510177 0.206010
vt 0.510064 0.412649
vt 0.508929 0.411514
vt 0.571078 0.207144
vt 0.570981 0.412159
vt 0.510252 0.205956
vt 0.510165 0.412722
vt 0.514987 0.206027
vt 0.514987 0.412776
vt 0.514083 0.412776
vt 0.514084 0.206027
vt 0.767164 0.531811
vt 0.765095 0.529302
vt 0.765106 0.416224
vt 0.767170 0.413719
vt 0.674693 0.208285
vt 0.675155 0.208302
vt 0.675308 0.410026
vt 0.674835 0.410044
vt 0.796105 0.656392
vt 0.794186 0.658726
vt 0.794052 0.658553
vt 0.795937 0.656221
vt 0.678119 0.412274
vt 0.677939 0.412095
vt 0.677868 0.206178
vt 0.678042 0.206004
vt 0.736169 0.532616
vt 0.735279 0.532604
vt 0.716247 0.619400
vt 0.716068 0.619222
vt 0.716012 0.414530
vt 0.716170 0.414372
vt 0.710808 0.740478
vt 0.709919 0.740475
vt 0.729920 0.531380
vt 0.729356 0.531375
vt 0.703973 0.623065
vt 0.704543 0.623060
vt 0.703943 0.739472
vt 0.704514 0.739478
vt 0.729216 0.415604
vt 0.729794 0.415596
vt 0.731240 0.532583
vt 0.731113 0.532524
vt 0.705742 0.621914
vt 0.705869 0.621856
vt 0.705720 0.740627
vt 0.705845 0.740685
vt 0.731004 0.414451
vt 0.731132 0.414393
vt 0.729948 0.531384
vt 0.729983 0.531417
vt 0.729866 0.415559
vt 0.729827 0.415591
vt 0.704584 0.739515
vt 0.704547 0.739483
vt 0.704608 0.623024
vt 0.704573 0.623057
vt 0.732233 0.532369
vt 0.732235 0.532615
vt 0.734848 0.414380
vt 0.734899 0.414412
vt 0.734898 0.414581
vt 0.734839 0.414584
vt 0.732133 0.414357
vt 0.732133 0.414606
vt 0.706992 0.740642
vt 0.706991 0.740473
vt 0.508352 0.207137
vt 0.508136 0.411466
vt 0.708219 0.740473
vt 0.708277 0.740474
vt 0.708280 0.740638
vt 0.708231 0.740671
vt 0.709497 0.740474
vt 0.709555 0.740474
vt 0.709558 0.740638
vt 0.709510 0.740671
vt 0.734757 0.414343
vt 0.734750 0.414585
vt 0.733969 0.414587
vt 0.733959 0.414346
vt 0.576015 0.413280
vt 0.575963 0.413258
vt 0.576001 0.206069
vt 0.573342 0.205982
vt 0.573394 0.206004
vt 0.573290 0.413226
vt 0.573188 0.413268
vt 0.707368 0.622066
vt 0.707361 0.621829
vt 0.708151 0.621830
vt 0.708144 0.622067
vt 0.708646 0.622066
vt 0.708639 0.621829
vt 0.709429 0.621829
vt 0.709422 0.622066
vt 0.796347 0.774887
vt 0.796178 0.775070
vt 0.795991 0.774891
vt 0.796166 0.774710
vt 0.734794 0.532368
vt 0.734799 0.532602
vt 0.734017 0.532603
vt 0.734023 0.532368
vt 0.734927 0.532370
vt 0.734870 0.532370
vt 0.732222 0.414603
vt 0.732281 0.414599
vt 0.732382 0.532371
vt 0.732324 0.532369
vt 0.733929 0.532566
vt 0.733882 0.532533
vt 0.733885 0.532370
vt 0.733939 0.532368
vt 0.733518 0.532370
vt 0.733526 0.532606
vt 0.732739 0.532607
vt 0.732745 0.532370
vt 0.732651 0.532569
vt 0.732603 0.532538
vt 0.732607 0.532372
vt 0.732661 0.532372
vt 0.575728 0.206047
vt 0.575780 0.206069
vt 0.575761 0.413258
vt 0.575660 0.413300
vt 0.733446 0.414352
vt 0.733439 0.414593
vt 0.732658 0.414596
vt 0.732650 0.414356
vt 0.574499 0.206030
vt 0.574552 0.206051
vt 0.574498 0.413253
vt 0.706948 0.622067
vt 0.707003 0.622065
vt 0.706933 0.740471
vt 0.706956 0.621865
vt 0.707006 0.621899
vt 0.513813 0.206005
vt 0.513865 0.206027
vt 0.513729 0.412728
vt 0.513658 0.412758
vt 0.709835 0.740474
vt 0.709780 0.740475
vt 0.709785 0.622063
vt 0.709844 0.622062
vt 0.708556 0.740473
vt 0.708501 0.740474
vt 0.708507 0.622064
vt 0.708565 0.622064
vt 0.707225 0.621900
vt 0.707273 0.621868
vt 0.707349 0.740710
vt 0.707356 0.740472
vt 0.708132 0.740472
vt 0.708141 0.740710
vt 0.708503 0.621901
vt 0.708551 0.621868
vt 0.733883 0.414588
vt 0.733820 0.414589
vt 0.733816 0.414418
vt 0.733868 0.414384
vt 0.706864 0.621826
vt 0.706863 0.622070
vt 0.735193 0.414578
vt 0.735130 0.414579
vt 0.735126 0.414410
vt 0.735177 0.414376
vt 0.575640 0.206022
vt 0.574865 0.413300
vt 0.574843 0.206022
vt 0.732383 0.532540
vt 0.732331 0.532576
vt 0.709781 0.621900
vt 0.709827 0.621868
vt 0.767077 0.532020
vt 0.770013 0.531846
vt 0.770006 0.532096
vt 0.511306 0.205982
vt 0.511357 0.206003
vt 0.511230 0.412693
vt 0.511230 0.412693
vt 0.512372 0.206004
vt 0.512377 0.412740
vt 0.511584 0.412740
vt 0.511577 0.206004
vt 0.709822 0.740672
vt 0.709775 0.740639
vt 0.733528 0.414593
vt 0.733588 0.414590
vt 0.733661 0.532369
vt 0.733604 0.532369
vt 0.511218 0.205956
vt 0.511129 0.412722
vt 0.733664 0.532534
vt 0.733615 0.532568
vt 0.573544 0.413248
vt 0.573492 0.413227
vt 0.573615 0.206004
vt 0.513725 0.205979
vt 0.512865 0.412758
vt 0.512933 0.205979
vt 0.796174 0.656338
vt 0.796351 0.656165
vt 0.796004 0.656159
vt 0.796187 0.655987
vt 0.512777 0.412732
vt 0.512725 0.412710
vt 0.512731 0.206051
vt 0.512832 0.206009
vt 0.709506 0.622066
vt 0.709561 0.622064
vt 0.735192 0.532565
vt 0.735146 0.532532
vt 0.735150 0.532370
vt 0.735205 0.532368
vt 0.708497 0.740638
vt 0.733589 0.414420
vt 0.732282 0.414427
vt 0.732510 0.414426
vt 0.732514 0.414596
vt 0.708283 0.622064
vt 0.708287 0.621901
vt 0.709564 0.621900
vt 0.734931 0.532532
vt 0.574772 0.206051
vt 0.574725 0.413253
vt 0.514085 0.206027
vt 0.513943 0.412729
vt 0.789230 0.324926
vt 0.789049 0.324749
vt 0.789057 0.206369
vt 0.789234 0.206196
vt 0.789061 0.325109
vt 0.788874 0.324930
vt 0.709517 0.621867
vt 0.709416 0.740473
vt 0.708640 0.740472
vt 0.732577 0.414594
vt 0.732560 0.414394
vt 0.706841 0.740470
vt 0.706844 0.740717
vt 0.733537 0.414389
vt 0.574412 0.206004
vt 0.574427 0.413274
vt 0.573632 0.413274
vt 0.708239 0.621869
vt 0.708228 0.622065
vt 0.706940 0.740677
vt 0.708633 0.740709
vt 0.709422 0.740709
vt 0.732228 0.414394
vt 0.574777 0.413274
vt 0.709909 0.740710
vt 0.710805 0.740724
vt 0.513995 0.412750
vt 0.708544 0.740670
vt 0.788887 0.206190
vt 0.789070 0.206017
vt 0.573254 0.205957
vt 0.573087 0.413298
vt 0.734885 0.532564
vt 0.735267 0.414337
vt 0.795924 0.774827
vt 0.796094 0.774654
vt 0.788988 0.206423
vt 0.788820 0.206252
vt 0.788807 0.324866
vt 0.788977 0.324693
vt 0.796247 0.775134
vt 0.796422 0.774943
vt 0.789306 0.206143
vt 0.789138 0.205956
vt 0.789131 0.325174
vt 0.789306 0.324983
vt 0.796422 0.656112
vt 0.796255 0.655925
vt 0.716247 0.414324
vt 0.715936 0.414577
vt 0.715968 0.619160
vt 0.678119 0.205956
vt 0.678119 0.412274
vt 0.677791 0.206225
vt 0.736169 0.414324
vt 0.188301 0.608035
vt 0.185780 0.605977
vt 0.185782 0.406556
vt 0.188303 0.404498
vt 0.774309 0.655721
vt 0.777154 0.655688
vt 0.191149 0.608060
vt 0.191149 0.404473
vt 0.770013 0.413687
vt 0.786350 0.322390
vt 0.786356 0.322188
vt 0.786803 0.322195
vt 0.786742 0.322401
vt 0.648203 0.615164
vt 0.648203 0.411586
vt 0.770006 0.413437
vt 0.767083 0.413511
vt 0.777148 0.655439
vt 0.774222 0.655513
vt 0.675568 0.410162
vt 0.675423 0.208162
vt 0.793869 0.658684
vt 0.793930 0.658891
vt 0.793483 0.658898
vt 0.793477 0.658695
vt 0.794041 0.772493
vt 0.794175 0.772320
vt 0.787070 0.208757
vt 0.786936 0.208583
vt 0.786924 0.322532
vt 0.787058 0.322359
vt 0.786753 0.208714
vt 0.786814 0.208921
vt 0.786366 0.208928
vt 0.786361 0.208725
vt 0.764935 0.416053
vt 0.793920 0.772156
vt 0.793473 0.772149
vt 0.772245 0.658227
vt 0.772073 0.658056
vt 0.764923 0.529474
vt 0.793467 0.772351
vt 0.793859 0.772362
vt 0.713584 0.416498
vt 0.713614 0.617238
vt 0.657675 0.618721
vt 0.658287 0.618709
vt 0.658427 0.733997
vt 0.657825 0.733987
vt 0.580991 0.206010
vt 0.581066 0.205956
vt 0.580897 0.413297
vt 0.580897 0.413297
vt 0.579683 0.207209
vt 0.579755 0.207210
vt 0.579684 0.412108
vt 0.658591 0.734061
vt 0.658502 0.734012
vt 0.658373 0.618694
vt 0.658469 0.618641
vt 0.660193 0.409509
vt 0.657672 0.407450
vt 0.657672 0.208040
vt 0.660194 0.205981
vt 0.729977 0.207414
vt 0.730059 0.207400
vt 0.729932 0.322844
vt 0.729853 0.322828
vt 0.712903 0.208252
vt 0.713363 0.208269
vt 0.713399 0.408734
vt 0.712930 0.408752
vt 0.789268 0.534740
vt 0.791417 0.537284
vt 0.791246 0.537455
vt 0.789181 0.534948
vt 0.786336 0.534916
vt 0.786342 0.534666
vt 0.661128 0.735202
vt 0.661073 0.735202
vt 0.660975 0.617487
vt 0.661037 0.617486
vt 0.503558 0.206029
vt 0.503610 0.206051
vt 0.503576 0.412712
vt 0.503576 0.412712
vt 0.661118 0.735398
vt 0.661070 0.735367
vt 0.500071 0.207138
vt 0.500143 0.207140
vt 0.499953 0.411466
vt 0.499853 0.411468
vt 0.731267 0.206253
vt 0.731320 0.206221
vt 0.731204 0.324026
vt 0.731148 0.323994
vt 0.502595 0.412716
vt 0.502543 0.412694
vt 0.502675 0.206004
vt 0.729375 0.207424
vt 0.729243 0.322816
vt 0.579060 0.207208
vt 0.579063 0.412109
vt -0.248614 -0.875941
vt 0.622768 -0.875941
vt 0.624884 -0.874980
vt 0.624884 0.748795
vt 0.622768 0.749756
vt -0.248614 0.749756
vt -0.250729 0.748795
vt -0.250729 -0.874980
vt 0.736190 0.206201
vt 0.736190 0.324068
vt 0.735296 0.324063
vt 0.735305 0.206203
vt 0.663746 0.617469
vt 0.663731 0.617228
vt 0.664635 0.617215
vt 0.664639 0.617464
vt 0.585788 0.206039
vt 0.585788 0.413305
vt 0.584881 0.413305
vt 0.584880 0.206039
vt 0.730151 0.207348
vt 0.730026 0.322894
vt 0.659591 0.617542
vt 0.659648 0.617509
vt 0.659763 0.735189
vt 0.659706 0.735155
vt 0.501276 0.206010
vt 0.501162 0.412650
vt 0.500027 0.411516
vt 0.579855 0.207144
vt 0.579759 0.412159
vt 0.501350 0.205956
vt 0.501263 0.412723
vt 0.506086 0.206027
vt 0.506086 0.412778
vt 0.505181 0.412777
vt 0.505183 0.206027
vt 0.781441 0.653106
vt 0.779375 0.650598
vt 0.779376 0.537455
vt 0.781441 0.534948
vt 0.669217 0.416651
vt 0.669679 0.416668
vt 0.669831 0.618392
vt 0.669359 0.618409
vt 0.816114 0.656534
vt 0.814194 0.658870
vt 0.814060 0.658697
vt 0.815946 0.656363
vt 0.672643 0.620639
vt 0.672463 0.620460
vt 0.672391 0.414544
vt 0.672566 0.414370
vt 0.736186 0.324316
vt 0.735284 0.324303
vt 0.716292 0.411031
vt 0.716113 0.410853
vt 0.716057 0.206162
vt 0.716215 0.206004
vt 0.664639 0.735202
vt 0.663755 0.735200
vt 0.729815 0.323047
vt 0.729240 0.323039
vt 0.657672 0.618496
vt 0.658251 0.618487
vt 0.657824 0.734207
vt 0.658389 0.734212
vt 0.729372 0.207203
vt 0.729941 0.207197
vt 0.731149 0.324251
vt 0.731022 0.324193
vt 0.659465 0.617342
vt 0.659593 0.617283
vt 0.659580 0.735354
vt 0.659708 0.735413
vt 0.731141 0.206055
vt 0.731267 0.205998
vt 0.729846 0.323052
vt 0.729884 0.323085
vt 0.730010 0.207159
vt 0.729972 0.207192
vt 0.658452 0.734248
vt 0.658417 0.734215
vt 0.658326 0.618449
vt 0.658285 0.618482
vt 0.732151 0.324038
vt 0.732151 0.324287
vt 0.734898 0.206008
vt 0.734945 0.206041
vt 0.734942 0.206204
vt 0.734888 0.206206
vt 0.732257 0.205967
vt 0.732257 0.206211
vt 0.660850 0.735369
vt 0.660849 0.735201
vt 0.499450 0.207137
vt 0.499234 0.411468
vt 0.662064 0.735202
vt 0.662122 0.735201
vt 0.662126 0.735364
vt 0.662078 0.735396
vt 0.663336 0.735200
vt 0.663393 0.735200
vt 0.663397 0.735362
vt 0.663350 0.735395
vt 0.734810 0.205970
vt 0.734804 0.206206
vt 0.734033 0.206206
vt 0.734026 0.205970
vt 0.584793 0.413280
vt 0.584741 0.413258
vt 0.584778 0.206069
vt 0.582120 0.205982
vt 0.582172 0.206004
vt 0.582067 0.413226
vt 0.581966 0.413268
vt 0.661124 0.617486
vt 0.661114 0.617245
vt 0.661911 0.617242
vt 0.661904 0.617483
vt 0.662425 0.617480
vt 0.662417 0.617240
vt 0.663213 0.617237
vt 0.663206 0.617478
vt 0.816363 0.775113
vt 0.816195 0.775292
vt 0.816009 0.775116
vt 0.816182 0.774936
vt 0.734773 0.324057
vt 0.734779 0.324298
vt 0.733982 0.324296
vt 0.733992 0.324055
vt 0.734916 0.324061
vt 0.734854 0.324060
vt 0.732341 0.206209
vt 0.732396 0.206206
vt 0.732300 0.324044
vt 0.732238 0.324041
vt 0.733891 0.324258
vt 0.733839 0.324226
vt 0.733843 0.324054
vt 0.733903 0.324053
vt 0.733462 0.324050
vt 0.733468 0.324291
vt 0.732671 0.324288
vt 0.732680 0.324047
vt 0.732579 0.324249
vt 0.732529 0.324217
vt 0.732532 0.324046
vt 0.732592 0.324046
vt 0.584506 0.206047
vt 0.584558 0.206069
vt 0.584538 0.413258
vt 0.584437 0.413300
vt 0.733538 0.205971
vt 0.733532 0.206206
vt 0.732759 0.206206
vt 0.732753 0.205970
vt 0.583277 0.206030
vt 0.583329 0.206051
vt 0.583276 0.413253
vt 0.660683 0.617493
vt 0.660742 0.617489
vt 0.660791 0.735200
vt 0.660690 0.617285
vt 0.660743 0.617318
vt 0.504911 0.206005
vt 0.504963 0.206027
vt 0.504827 0.412730
vt 0.504756 0.412760
vt 0.663671 0.735199
vt 0.663616 0.735200
vt 0.663587 0.617474
vt 0.663650 0.617473
vt 0.662400 0.735199
vt 0.662345 0.735201
vt 0.662283 0.617477
vt 0.662338 0.617480
vt 0.660971 0.617316
vt 0.661022 0.617283
vt 0.661206 0.735436
vt 0.661212 0.735200
vt 0.661983 0.735200
vt 0.661990 0.735435
vt 0.662278 0.617310
vt 0.662327 0.617278
vt 0.733952 0.206205
vt 0.733894 0.206205
vt 0.733891 0.206041
vt 0.733939 0.206008
vt 0.660594 0.617248
vt 0.660594 0.617496
vt 0.735223 0.206203
vt 0.735166 0.206203
vt 0.735161 0.206040
vt 0.735208 0.206007
vt 0.584418 0.206022
vt 0.583642 0.413300
vt 0.583621 0.206022
vt 0.732300 0.324216
vt 0.732246 0.324250
vt 0.663584 0.617301
vt 0.663637 0.617267
vt 0.781354 0.653314
vt 0.784286 0.653138
vt 0.784279 0.653388
vt 0.502403 0.205982
vt 0.502455 0.206003
vt 0.502329 0.412694
vt 0.502329 0.412694
vt 0.503470 0.206004
vt 0.503475 0.412742
vt 0.502682 0.412742
vt 0.663659 0.735395
vt 0.663612 0.735363
vt 0.733616 0.206206
vt 0.733670 0.206205
vt 0.733606 0.324052
vt 0.733543 0.324052
vt 0.502316 0.205956
vt 0.502228 0.412724
vt 0.733608 0.324223
vt 0.733557 0.324255
vt 0.582322 0.413248
vt 0.582270 0.413226
vt 0.582392 0.206004
vt 0.582392 0.206004
vt 0.504823 0.205979
vt 0.504756 0.412760
vt 0.503963 0.412759
vt 0.504031 0.205979
vt 0.816183 0.656480
vt 0.816360 0.656307
vt 0.816013 0.656301
vt 0.816196 0.656128
vt 0.503875 0.412734
vt 0.503823 0.412712
vt 0.503829 0.206051
vt 0.503930 0.206009
vt 0.663295 0.617478
vt 0.663355 0.617475
vt 0.735193 0.324264
vt 0.735143 0.324231
vt 0.735148 0.324062
vt 0.735207 0.324061
vt 0.662342 0.735364
vt 0.733674 0.206041
vt 0.732398 0.206040
vt 0.732617 0.206041
vt 0.732620 0.206205
vt 0.662052 0.617479
vt 0.662054 0.617311
vt 0.663356 0.617304
vt 0.734918 0.324229
vt 0.583550 0.206051
vt 0.583502 0.413253
vt 0.505041 0.412730
vt 0.619644 0.737639
vt 0.619462 0.737462
vt 0.619471 0.619081
vt 0.619648 0.618909
vt 0.619474 0.737822
vt 0.619288 0.737643
vt 0.663304 0.617273
vt 0.663255 0.735198
vt 0.662483 0.735199
vt 0.732678 0.206204
vt 0.732665 0.206009
vt 0.660700 0.735199
vt 0.660703 0.735444
vt 0.733626 0.206009
vt 0.583189 0.206004
vt 0.583205 0.413274
vt 0.582410 0.413274
vt 0.582392 0.206004
vt 0.662003 0.617279
vt 0.661993 0.617483
vt 0.660798 0.735404
vt 0.662477 0.735434
vt 0.663261 0.735434
vt 0.732349 0.206005
vt 0.583554 0.413274
vt 0.663745 0.735434
vt 0.664635 0.735447
vt 0.505093 0.412752
vt 0.662389 0.735396
vt 0.619300 0.618903
vt 0.619483 0.618730
vt 0.582032 0.205957
vt 0.581865 0.413298
vt 0.734868 0.324261
vt 0.735295 0.205969
vt 0.815942 0.775053
vt 0.816110 0.774880
vt 0.619402 0.619135
vt 0.619234 0.618964
vt 0.619221 0.737579
vt 0.619390 0.737406
vt 0.816264 0.775354
vt 0.816431 0.775165
vt 0.619719 0.618855
vt 0.619552 0.618668
vt 0.619544 0.737886
vt 0.619719 0.737695
vt 0.816431 0.656254
vt 0.816264 0.656067
vt 0.716292 0.205956
vt 0.715981 0.206209
vt 0.716013 0.410791
vt 0.672643 0.414322
vt 0.672315 0.414591
vt 0.736186 0.205956
vt 0.195720 0.608035
vt 0.193199 0.605977
vt 0.193200 0.406556
vt 0.195721 0.404498
vt 0.789181 0.653103
vt 0.786336 0.653135
vt 0.198568 0.608060
vt 0.198568 0.404473
vt 0.784286 0.534916
vt 0.616763 0.735103
vt 0.616769 0.734901
vt 0.617216 0.734908
vt 0.617155 0.735114
vt 0.663040 0.409534
vt 0.663040 0.205956
vt 0.784279 0.534666
vt 0.781354 0.534740
vt 0.786342 0.653385
vt 0.789268 0.653311
vt 0.670092 0.618527
vt 0.669947 0.416528
vt 0.813876 0.658828
vt 0.813938 0.659035
vt 0.813490 0.659042
vt 0.813484 0.658839
vt 0.814057 0.772717
vt 0.814190 0.772544
vt 0.617483 0.621469
vt 0.617350 0.621295
vt 0.617338 0.735245
vt 0.617471 0.735071
vt 0.617166 0.621426
vt 0.617227 0.621633
vt 0.616780 0.621640
vt 0.616774 0.621438
vt 0.779205 0.537284
vt 0.813935 0.772380
vt 0.813487 0.772373
vt 0.791246 0.650596
vt 0.791417 0.650767
vt 0.779204 0.650770
vt 0.813482 0.772575
vt 0.813874 0.772587
vt 0.713629 0.208130
vt 0.713658 0.408869
vt 0.101243 0.449783
vt 0.101846 0.449774
vt 0.101694 0.565170
vt 0.101082 0.565157
vt 0.378405 0.378488
vt 0.378480 0.378434
vt 0.378311 0.585776
vt 0.378311 0.585776
vt 0.377097 0.379687
vt 0.377169 0.379688
vt 0.377097 0.584588
vt 0.101867 0.565236
vt 0.101773 0.565186
vt 0.101927 0.449759
vt 0.102019 0.449708
vt 0.660193 0.615140
vt 0.657672 0.613082
vt 0.657672 0.413671
vt 0.660194 0.411612
vt 0.627026 0.618703
vt 0.627112 0.618688
vt 0.627245 0.734222
vt 0.627170 0.734207
vt 0.707464 0.208252
vt 0.707923 0.208269
vt 0.707960 0.408733
vt 0.707491 0.408751
vt 0.687769 0.739941
vt 0.685615 0.737395
vt 0.685786 0.737223
vt 0.687856 0.739733
vt 0.690705 0.739767
vt 0.690698 0.740018
vt 0.104439 0.566392
vt 0.104379 0.566392
vt 0.104489 0.448565
vt 0.104546 0.448564
vt 0.215123 0.302282
vt 0.215175 0.302303
vt 0.215141 0.508964
vt 0.104426 0.566595
vt 0.104376 0.566563
vt 0.211636 0.303391
vt 0.211708 0.303392
vt 0.211518 0.507718
vt 0.211418 0.507720
vt 0.628327 0.617538
vt 0.628384 0.617505
vt 0.628508 0.735401
vt 0.628451 0.735367
vt 0.214160 0.508968
vt 0.214108 0.508946
vt 0.214240 0.302256
vt 0.214240 0.302256
vt 0.626414 0.618716
vt 0.626567 0.734197
vt 0.376473 0.379686
vt 0.376477 0.584588
vt 0.377692 -1.250736
vt 1.249074 -1.250736
vt 1.251189 -1.249775
vt 1.251189 0.374000
vt 1.249074 0.374961
vt 0.377692 0.374961
vt 0.375577 0.374000
vt 0.375577 -1.249775
vt 0.633366 0.617463
vt 0.633366 0.735420
vt 0.632481 0.735417
vt 0.632473 0.617467
vt 0.107161 0.448564
vt 0.107151 0.448330
vt 0.108041 0.448317
vt 0.108044 0.448562
vt 0.383201 0.378517
vt 0.383201 0.585785
vt 0.382294 0.585785
vt 0.382293 0.378517
vt 0.627203 0.618638
vt 0.627334 0.734271
vt 0.103136 0.448613
vt 0.103188 0.448581
vt 0.103050 0.566371
vt 0.102989 0.566335
vt 0.211708 0.303392
vt 0.212841 0.302262
vt 0.212727 0.508903
vt 0.211592 0.507768
vt 0.377269 0.379621
vt 0.377172 0.584638
vt 0.212915 0.302209
vt 0.212828 0.508975
vt 0.217651 0.302280
vt 0.217651 0.509030
vt 0.216746 0.509030
vt 0.216748 0.302280
vt 0.758273 0.773997
vt 0.756208 0.771491
vt 0.756199 0.658413
vt 0.758268 0.655905
vt 0.669217 0.208285
vt 0.669679 0.208302
vt 0.669832 0.410024
vt 0.669359 0.410042
vt 0.816108 0.535133
vt 0.814187 0.537470
vt 0.814054 0.537296
vt 0.815940 0.534962
vt 0.672643 0.412272
vt 0.672463 0.412092
vt 0.672391 0.206178
vt 0.672566 0.206004
vt 0.633363 0.735665
vt 0.632472 0.735652
vt 0.710853 0.411030
vt 0.710674 0.410852
vt 0.710618 0.206161
vt 0.710776 0.206004
vt 0.108044 0.566412
vt 0.107151 0.566408
vt 0.627132 0.734422
vt 0.626566 0.734417
vt 0.101241 0.449562
vt 0.101809 0.449557
vt 0.101079 0.565381
vt 0.101656 0.565389
vt 0.626411 0.618491
vt 0.626990 0.618483
vt 0.628453 0.735624
vt 0.628326 0.735566
vt 0.103010 0.448415
vt 0.103135 0.448357
vt 0.102864 0.566537
vt 0.102993 0.566597
vt 0.628201 0.617337
vt 0.628329 0.617279
vt 0.627160 0.734426
vt 0.627195 0.734459
vt 0.627061 0.618447
vt 0.627023 0.618479
vt 0.101725 0.565426
vt 0.101687 0.565394
vt 0.101878 0.449519
vt 0.101840 0.449552
vt 0.629446 0.735412
vt 0.629444 0.735655
vt 0.632042 0.617270
vt 0.632093 0.617302
vt 0.632092 0.617472
vt 0.632032 0.617475
vt 0.629332 0.617243
vt 0.629332 0.617492
vt 0.104146 0.566563
vt 0.104147 0.566390
vt 0.211015 0.303389
vt 0.210799 0.507720
vt 0.105396 0.566396
vt 0.105459 0.566397
vt 0.105460 0.566568
vt 0.105408 0.566600
vt 0.106708 0.566403
vt 0.106771 0.566405
vt 0.106772 0.566573
vt 0.106721 0.566606
vt 0.631950 0.617233
vt 0.631943 0.617475
vt 0.631160 0.617477
vt 0.631151 0.617236
vt 0.382206 0.585759
vt 0.382154 0.585737
vt 0.382192 0.378547
vt 0.379533 0.378460
vt 0.379585 0.378482
vt 0.379481 0.585705
vt 0.379379 0.585747
vt 0.104622 0.448567
vt 0.104618 0.448332
vt 0.105401 0.448333
vt 0.105394 0.448568
vt 0.105888 0.448567
vt 0.105884 0.448333
vt 0.106667 0.448333
vt 0.106660 0.448568
vt 0.816356 0.653712
vt 0.816188 0.653892
vt 0.816003 0.653715
vt 0.816176 0.653535
vt 0.631980 0.735417
vt 0.631986 0.735652
vt 0.631201 0.735653
vt 0.631207 0.735417
vt 0.632119 0.735418
vt 0.632061 0.735418
vt 0.629421 0.617489
vt 0.629480 0.617485
vt 0.629578 0.735420
vt 0.629529 0.735415
vt 0.631113 0.735615
vt 0.631065 0.735582
vt 0.631069 0.735419
vt 0.631123 0.735417
vt 0.630712 0.735418
vt 0.630717 0.735652
vt 0.629933 0.735653
vt 0.629940 0.735418
vt 0.629846 0.735615
vt 0.629798 0.735583
vt 0.629802 0.735420
vt 0.629856 0.735419
vt 0.381919 0.378525
vt 0.381971 0.378547
vt 0.381952 0.585737
vt 0.381851 0.585779
vt 0.630637 0.617243
vt 0.630630 0.617484
vt 0.629848 0.617485
vt 0.629842 0.617246
vt 0.380691 0.378508
vt 0.380743 0.378529
vt 0.380689 0.585732
vt 0.380689 0.585732
vt 0.104210 0.448568
vt 0.104265 0.448566
vt 0.104084 0.566387
vt 0.104218 0.448367
vt 0.104268 0.448400
vt 0.216476 0.302258
vt 0.216528 0.302279
vt 0.216392 0.508982
vt 0.216321 0.509012
vt 0.107062 0.566406
vt 0.107002 0.566406
vt 0.107022 0.448565
vt 0.107080 0.448564
vt 0.105751 0.566398
vt 0.105691 0.566399
vt 0.105755 0.448565
vt 0.105813 0.448565
vt 0.104485 0.448402
vt 0.104532 0.448371
vt 0.104519 0.566634
vt 0.104528 0.566393
vt 0.105310 0.566395
vt 0.105317 0.566637
vt 0.105751 0.448403
vt 0.105798 0.448371
vt 0.631074 0.617479
vt 0.631011 0.617479
vt 0.631007 0.617308
vt 0.631059 0.617275
vt 0.104126 0.448328
vt 0.104126 0.448571
vt 0.632386 0.617469
vt 0.632324 0.617470
vt 0.632320 0.617300
vt 0.632370 0.617267
vt 0.381831 0.378499
vt 0.381851 0.585779
vt 0.381056 0.585779
vt 0.381035 0.378500
vt 0.629582 0.735584
vt 0.629534 0.735617
vt 0.107017 0.448402
vt 0.107065 0.448369
vt 0.758186 0.774205
vt 0.761116 0.774029
vt 0.761110 0.774279
vt 0.213969 0.302235
vt 0.214020 0.302256
vt 0.213894 0.508946
vt 0.215035 0.302256
vt 0.215040 0.508994
vt 0.214247 0.508994
vt 0.214240 0.302256
vt 0.107049 0.566609
vt 0.106998 0.566576
vt 0.630719 0.617483
vt 0.630779 0.617481
vt 0.630846 0.735420
vt 0.630788 0.735421
vt 0.213881 0.302209
vt 0.213793 0.508976
vt 0.630850 0.735582
vt 0.630803 0.735614
vt 0.379735 0.585727
vt 0.379683 0.585705
vt 0.379806 0.378482
vt 0.216388 0.302232
vt 0.215528 0.509011
vt 0.215596 0.302232
vt 0.816177 0.535079
vt 0.816354 0.534906
vt 0.816006 0.534901
vt 0.816189 0.534728
vt 0.215440 0.508986
vt 0.215388 0.508964
vt 0.215394 0.302303
vt 0.215495 0.302262
vt 0.106744 0.448567
vt 0.106798 0.448565
vt 0.632385 0.735614
vt 0.632338 0.735581
vt 0.632342 0.735418
vt 0.632397 0.735417
vt 0.105688 0.566569
vt 0.630780 0.617311
vt 0.629481 0.617314
vt 0.629707 0.617314
vt 0.629712 0.617482
vt 0.105532 0.448565
vt 0.105536 0.448403
vt 0.106802 0.448403
vt 0.632122 0.735581
vt 0.380963 0.378529
vt 0.380916 0.585732
vt 0.216606 0.508982
vt 0.806357 0.653777
vt 0.806177 0.653602
vt 0.806177 0.535079
vt 0.806354 0.534907
vt 0.806192 0.653956
vt 0.806007 0.653782
vt 0.106755 0.448371
vt 0.106622 0.566401
vt 0.105840 0.566399
vt 0.629766 0.617483
vt 0.629754 0.617284
vt 0.103997 0.566384
vt 0.103997 0.566633
vt 0.630728 0.617279
vt 0.380603 0.378482
vt 0.380618 0.585753
vt 0.379823 0.585753
vt 0.105489 0.448372
vt 0.105478 0.448566
vt 0.104092 0.566596
vt 0.105830 0.566641
vt 0.106629 0.566643
vt 0.629428 0.617280
vt 0.380968 0.585753
vt 0.107139 0.566647
vt 0.108041 0.566660
vt 0.216658 0.509004
vt 0.105739 0.566603
vt 0.806007 0.534901
vt 0.806190 0.534728
vt 0.379445 0.378434
vt 0.379278 0.585777
vt 0.632074 0.735614
vt 0.632461 0.617228
vt 0.815935 0.653652
vt 0.816104 0.653479
vt 0.806108 0.535133
vt 0.805940 0.534962
vt 0.805942 0.653720
vt 0.806110 0.653549
vt 0.816257 0.653953
vt 0.816425 0.653764
vt 0.806426 0.534853
vt 0.806258 0.534666
vt 0.806260 0.654017
vt 0.806426 0.653829
vt 0.816425 0.534853
vt 0.816258 0.534666
vt 0.710853 0.205956
vt 0.710542 0.206209
vt 0.710574 0.410790
vt 0.672643 0.205956
vt 0.672315 0.206225
vt 0.633363 0.617215
vt 0.205901 0.608034
vt 0.203380 0.605976
vt 0.203381 0.406556
vt 0.205902 0.404498
vt 0.687861 0.621639
vt 0.690705 0.621607
vt 0.208749 0.608059
vt 0.208749 0.404473
vt 0.761116 0.655870
vt 0.803481 0.651243
vt 0.803486 0.651041
vt 0.803934 0.651048
vt 0.803873 0.651255
vt 0.663040 0.615165
vt 0.663040 0.411587
vt 0.761110 0.655620
vt 0.758180 0.655696
vt 0.690698 0.621358
vt 0.687774 0.621432
vt 0.670092 0.410160
vt 0.669947 0.208162
vt 0.813870 0.537427
vt 0.813931 0.537634
vt 0.813483 0.537641
vt 0.813478 0.537439
vt 0.814050 0.651317
vt 0.814184 0.651143
vt 0.804188 0.537470
vt 0.804054 0.537297
vt 0.804056 0.651385
vt 0.804189 0.651212
vt 0.803870 0.537428
vt 0.803932 0.537635
vt 0.803483 0.537642
vt 0.803478 0.537439
vt 0.756027 0.658242
vt 0.813929 0.650979
vt 0.813481 0.650973
vt 0.685797 0.624145
vt 0.685626 0.623974
vt 0.756037 0.771663
vt 0.813476 0.651175
vt 0.813868 0.651186
vt 0.708190 0.208130
vt 0.708219 0.408868
vt 0.720332 0.621596
vt 0.720938 0.621587
vt 0.720908 0.737565
vt 0.720303 0.737555
vt 0.527785 0.206010
vt 0.527860 0.205956
vt 0.527794 0.413823
vt 0.527722 0.413771
vt 0.526574 0.207145
vt 0.526646 0.207146
vt 0.526506 0.412580
vt 0.721083 0.737631
vt 0.720994 0.737580
vt 0.721019 0.621571
vt 0.721106 0.621523
vt 0.645356 0.409512
vt 0.642835 0.407454
vt 0.642836 0.208037
vt 0.645354 0.205981
vt 0.649279 0.618711
vt 0.649365 0.618695
vt 0.649483 0.734075
vt 0.649408 0.734061
vt 0.702033 0.208241
vt 0.702493 0.208258
vt 0.702516 0.409095
vt 0.702056 0.409112
vt 0.782136 0.655513
vt 0.784286 0.658057
vt 0.784115 0.658228
vt 0.782049 0.655721
vt 0.779204 0.655688
vt 0.779211 0.655439
vt 0.723629 0.738778
vt 0.723574 0.738780
vt 0.723585 0.620374
vt 0.723643 0.620374
vt 0.442439 0.360178
vt 0.442490 0.360199
vt 0.442418 0.564028
vt 0.442348 0.564057
vt 0.723618 0.738979
vt 0.723570 0.738946
vt 0.438835 0.361334
vt 0.438905 0.361336
vt 0.438820 0.562924
vt 0.438721 0.562926
vt 0.650579 0.617547
vt 0.650636 0.617514
vt 0.650744 0.735254
vt 0.650688 0.735219
vt 0.441409 0.564052
vt 0.441358 0.564031
vt 0.441405 0.360214
vt 0.441505 0.360173
vt 0.648668 0.618724
vt 0.648807 0.734050
vt 0.525949 0.207144
vt 0.525888 0.412580
vt -0.373681 -0.625697
vt 0.497701 -0.625697
vt 0.499816 -0.624736
vt 0.499816 0.999039
vt 0.497701 1.000000
vt -0.373681 1.000000
vt -0.375797 0.999039
vt -0.375797 -0.624736
vt 0.655622 0.617467
vt 0.655622 0.735266
vt 0.654738 0.735264
vt 0.654728 0.617471
vt 0.726277 0.620374
vt 0.726269 0.620139
vt 0.727162 0.620126
vt 0.727166 0.620372
vt 0.532626 0.206027
vt 0.532626 0.413856
vt 0.531717 0.413856
vt 0.531713 0.206027
vt 0.649456 0.618646
vt 0.649572 0.734124
vt 0.722227 0.620422
vt 0.722280 0.620390
vt 0.722256 0.738765
vt 0.722204 0.738734
vt 0.440022 0.360220
vt 0.440013 0.564092
vt 0.438893 0.562973
vt 0.526646 0.207146
vt 0.526581 0.412630
vt 0.440096 0.360167
vt 0.445005 0.360154
vt 0.445005 0.564056
vt 0.444113 0.564056
vt 0.444109 0.360154
vt 0.581544 0.533731
vt 0.579475 0.531222
vt 0.579486 0.418143
vt 0.581550 0.415637
vt 0.685699 0.208222
vt 0.686156 0.208239
vt 0.686087 0.407768
vt 0.685630 0.407784
vt 0.796105 0.535133
vt 0.794186 0.537467
vt 0.794052 0.537294
vt 0.795937 0.534962
vt 0.688956 0.410051
vt 0.688777 0.409873
vt 0.688838 0.206144
vt 0.688979 0.206004
vt 0.655618 0.735511
vt 0.654728 0.735498
vt 0.705314 0.411335
vt 0.705134 0.411156
vt 0.705195 0.206145
vt 0.705337 0.206004
vt 0.727166 0.738784
vt 0.726277 0.738781
vt 0.649369 0.734275
vt 0.648805 0.734269
vt 0.720330 0.621375
vt 0.720900 0.621370
vt 0.720300 0.737777
vt 0.720872 0.737783
vt 0.648665 0.618499
vt 0.649243 0.618491
vt 0.650689 0.735478
vt 0.650562 0.735419
vt 0.722100 0.620224
vt 0.722226 0.620166
vt 0.722077 0.738932
vt 0.722202 0.738990
vt 0.650453 0.617347
vt 0.650580 0.617289
vt 0.649397 0.734278
vt 0.649432 0.734312
vt 0.649315 0.618455
vt 0.649276 0.618487
vt 0.720941 0.737821
vt 0.720903 0.737788
vt 0.720966 0.621334
vt 0.720930 0.621367
vt 0.651682 0.735263
vt 0.651685 0.735509
vt 0.654298 0.617275
vt 0.654349 0.617306
vt 0.654347 0.617475
vt 0.654288 0.617477
vt 0.651582 0.617253
vt 0.651582 0.617501
vt 0.723350 0.738947
vt 0.723348 0.738779
vt 0.438221 0.361333
vt 0.438115 0.562926
vt 0.724576 0.738778
vt 0.724634 0.738779
vt 0.724637 0.738944
vt 0.724587 0.738978
vt 0.725855 0.738780
vt 0.725913 0.738780
vt 0.725916 0.738944
vt 0.725868 0.738977
vt 0.654206 0.617238
vt 0.654199 0.617479
vt 0.653418 0.617481
vt 0.653408 0.617241
vt 0.531629 0.413830
vt 0.531577 0.413808
vt 0.531611 0.206057
vt 0.528916 0.205982
vt 0.528968 0.206004
vt 0.528836 0.413793
vt 0.528764 0.413823
vt 0.723725 0.620376
vt 0.723719 0.620139
vt 0.724508 0.620139
vt 0.724501 0.620376
vt 0.725004 0.620375
vt 0.724998 0.620139
vt 0.725787 0.620139
vt 0.725780 0.620375
vt 0.796347 0.653628
vt 0.796178 0.653811
vt 0.795991 0.653632
vt 0.796166 0.653451
vt 0.654243 0.735263
vt 0.654249 0.735497
vt 0.653466 0.735498
vt 0.653472 0.735263
vt 0.654377 0.735265
vt 0.654319 0.735266
vt 0.651671 0.617498
vt 0.651730 0.617494
vt 0.651831 0.735266
vt 0.651773 0.735265
vt 0.653378 0.735460
vt 0.653331 0.735428
vt 0.653334 0.735265
vt 0.653388 0.735263
vt 0.652967 0.735264
vt 0.652975 0.735501
vt 0.652188 0.735502
vt 0.652194 0.735265
vt 0.652100 0.735464
vt 0.652053 0.735432
vt 0.652056 0.735267
vt 0.652110 0.735267
vt 0.531338 0.206035
vt 0.531390 0.206057
vt 0.531374 0.413808
vt 0.652895 0.617247
vt 0.652888 0.617489
vt 0.652107 0.617491
vt 0.652098 0.617251
vt 0.530175 0.205988
vt 0.530227 0.206010
vt 0.530162 0.413782
vt 0.530090 0.413812
vt 0.723306 0.620377
vt 0.723360 0.620374
vt 0.723290 0.738776
vt 0.723314 0.620175
vt 0.723364 0.620209
vt 0.443642 0.360204
vt 0.443693 0.360225
vt 0.443753 0.564010
vt 0.443682 0.564039
vt 0.726193 0.738780
vt 0.726138 0.738781
vt 0.726143 0.620373
vt 0.726201 0.620371
vt 0.724914 0.738778
vt 0.724859 0.738780
vt 0.724865 0.620374
vt 0.724923 0.620375
vt 0.723582 0.620210
vt 0.723630 0.620178
vt 0.723707 0.739016
vt 0.723713 0.738779
vt 0.724490 0.738779
vt 0.724497 0.739016
vt 0.724862 0.620210
vt 0.724910 0.620177
vt 0.653332 0.617482
vt 0.653269 0.617484
vt 0.653265 0.617313
vt 0.653317 0.617279
vt 0.723221 0.620135
vt 0.723221 0.620380
vt 0.654642 0.617472
vt 0.654579 0.617473
vt 0.654575 0.617304
vt 0.654625 0.617271
vt 0.531250 0.206009
vt 0.531302 0.413829
vt 0.530505 0.413829
vt 0.530448 0.206010
vt 0.651833 0.735435
vt 0.651781 0.735469
vt 0.726138 0.620210
vt 0.726184 0.620179
vt 0.581457 0.533939
vt 0.584393 0.533766
vt 0.584386 0.534016
vt 0.441137 0.360193
vt 0.441188 0.360214
vt 0.441135 0.564031
vt 0.441035 0.564072
vt 0.442353 0.360152
vt 0.442277 0.564078
vt 0.441495 0.564077
vt 0.441575 0.360152
vt 0.726180 0.738978
vt 0.726133 0.738945
vt 0.652977 0.617487
vt 0.653037 0.617485
vt 0.653110 0.735264
vt 0.653053 0.735265
vt 0.441051 0.360167
vt 0.440965 0.564093
vt 0.653113 0.735429
vt 0.653065 0.735462
vt 0.529103 0.413815
vt 0.529051 0.413793
vt 0.529189 0.206004
vt 0.529291 0.205962
vt 0.443555 0.360178
vt 0.443560 0.564075
vt 0.442778 0.564075
vt 0.442778 0.360178
vt 0.796174 0.535079
vt 0.796351 0.534906
vt 0.796004 0.534900
vt 0.796187 0.534728
vt 0.442692 0.564049
vt 0.442641 0.564028
vt 0.442707 0.360199
vt 0.442707 0.360199
vt 0.725864 0.620375
vt 0.725919 0.620373
vt 0.654641 0.735459
vt 0.654595 0.735427
vt 0.654599 0.735265
vt 0.654654 0.735265
vt 0.724855 0.738944
vt 0.653038 0.617316
vt 0.651731 0.617323
vt 0.651958 0.617322
vt 0.651963 0.617492
vt 0.724640 0.620374
vt 0.724644 0.620210
vt 0.725922 0.620210
vt 0.654381 0.735426
vt 0.530365 0.413782
vt 0.443910 0.360225
vt 0.443975 0.564010
vt 0.098954 0.567287
vt 0.098773 0.567110
vt 0.098781 0.448730
vt 0.098958 0.448558
vt 0.098784 0.567470
vt 0.098598 0.567291
vt 0.725875 0.620177
vt 0.725774 0.738779
vt 0.724998 0.738778
vt 0.652026 0.617489
vt 0.652009 0.617290
vt 0.723199 0.738775
vt 0.723201 0.739022
vt 0.652987 0.617285
vt 0.530087 0.205962
vt 0.529988 0.413841
vt 0.529191 0.413841
vt 0.724596 0.620177
vt 0.724585 0.620376
vt 0.723298 0.738982
vt 0.724991 0.739015
vt 0.725780 0.739015
vt 0.651678 0.617290
vt 0.530417 0.413804
vt 0.726267 0.739017
vt 0.727162 0.739030
vt 0.444026 0.564031
vt 0.444009 0.360184
vt 0.724903 0.738977
vt 0.098611 0.448552
vt 0.098794 0.448379
vt 0.528828 0.205956
vt 0.528764 0.413823
vt 0.654334 0.735458
vt 0.654716 0.617232
vt 0.795924 0.653568
vt 0.796094 0.653395
vt 0.098712 0.448784
vt 0.098544 0.448613
vt 0.098531 0.567227
vt 0.098700 0.567054
vt 0.796247 0.653875
vt 0.796422 0.653684
vt 0.099029 0.448504
vt 0.098862 0.448317
vt 0.098854 0.567534
vt 0.099029 0.567343
vt 0.796422 0.534853
vt 0.796255 0.534666
vt 0.705414 0.205956
vt 0.705414 0.411397
vt 0.705119 0.206192
vt 0.689055 0.205956
vt 0.689055 0.410113
vt 0.688762 0.206191
vt 0.688678 0.409812
vt 0.655618 0.617219
vt 0.121532 0.608052
vt 0.119011 0.605994
vt 0.119014 0.406554
vt 0.121532 0.404497
vt 0.782050 0.773879
vt 0.779205 0.773911
vt 0.124380 0.608077
vt 0.124380 0.404473
vt 0.584393 0.415605
vt 0.096074 0.564751
vt 0.096079 0.564548
vt 0.096527 0.564555
vt 0.096466 0.564762
vt 0.648203 0.409538
vt 0.648203 0.205956
vt 0.584387 0.415356
vt 0.581463 0.415430
vt 0.779211 0.774161
vt 0.782137 0.774087
vt 0.686336 0.407897
vt 0.686421 0.208101
vt 0.793869 0.537425
vt 0.793930 0.537632
vt 0.793483 0.537639
vt 0.793477 0.537436
vt 0.794041 0.651233
vt 0.794175 0.651060
vt 0.096793 0.451118
vt 0.096660 0.450945
vt 0.096648 0.564892
vt 0.096782 0.564719
vt 0.096477 0.451075
vt 0.096538 0.451282
vt 0.096090 0.451289
vt 0.096084 0.451087
vt 0.579315 0.417972
vt 0.793920 0.650896
vt 0.793473 0.650889
vt 0.784115 0.771372
vt 0.784286 0.771543
vt 0.579303 0.531393
vt 0.793467 0.651092
vt 0.793859 0.651103
vt 0.702760 0.208119
vt 0.702776 0.409230
vt 0.635420 0.618724
vt 0.636032 0.618711
vt 0.636171 0.733998
vt 0.635569 0.733988
vt 0.342901 0.330767
vt 0.342977 0.330713
vt 0.342911 0.538578
vt 0.342839 0.538526
vt 0.341691 0.331902
vt 0.341763 0.331904
vt 0.341623 0.537335
vt 0.636335 0.734062
vt 0.636246 0.734013
vt 0.636117 0.618696
vt 0.636214 0.618643
vt 0.638264 0.411610
vt 0.640785 0.413668
vt 0.640785 0.613085
vt 0.638267 0.615141
vt 0.729955 0.536125
vt 0.730036 0.536111
vt 0.729908 0.651550
vt 0.729829 0.651534
vt 0.701997 0.416609
vt 0.702457 0.416626
vt 0.702480 0.617463
vt 0.702020 0.617480
vt 0.788475 0.532082
vt 0.786326 0.529538
vt 0.786497 0.529367
vt 0.788562 0.531874
vt 0.791407 0.531906
vt 0.791401 0.532156
vt 0.638872 0.735203
vt 0.638817 0.735204
vt 0.638719 0.617490
vt 0.638782 0.617489
vt 0.547861 0.205982
vt 0.547912 0.206003
vt 0.547840 0.409833
vt 0.547769 0.409862
vt 0.638862 0.735399
vt 0.638814 0.735369
vt 0.544256 0.207138
vt 0.544327 0.207139
vt 0.544241 0.408729
vt 0.544143 0.408732
vt 0.731245 0.534964
vt 0.731297 0.534931
vt 0.731180 0.652731
vt 0.731124 0.652699
vt 0.546830 0.409857
vt 0.546779 0.409836
vt 0.546827 0.206018
vt 0.546927 0.205977
vt 0.729352 0.536135
vt 0.729219 0.651521
vt 0.341066 0.331901
vt 0.341004 0.537336
vt 0.002115 -0.625697
vt 0.873497 -0.625697
vt 0.875612 -0.624736
vt 0.875612 0.999039
vt 0.873497 1.000000
vt 0.002115 1.000000
vt 0.000000 0.999039
vt 0.000000 -0.624736
vt 0.736167 0.534911
vt 0.736167 0.652774
vt 0.735273 0.652769
vt 0.735282 0.534913
vt 0.641490 0.617471
vt 0.641476 0.617230
vt 0.642379 0.617217
vt 0.642383 0.617466
vt 0.347743 0.330784
vt 0.347743 0.538611
vt 0.346834 0.538611
vt 0.346830 0.330784
vt 0.730129 0.536059
vt 0.730002 0.651600
vt 0.637336 0.617545
vt 0.637393 0.617512
vt 0.637506 0.735191
vt 0.637450 0.735156
vt 0.545444 0.206024
vt 0.545435 0.409897
vt 0.544315 0.408778
vt 0.341698 0.537385
vt 0.545517 0.205971
vt 0.550427 0.205958
vt 0.550427 0.409862
vt 0.549534 0.409862
vt 0.549531 0.205958
vt 0.740453 0.774125
vt 0.738388 0.771617
vt 0.738388 0.658473
vt 0.740453 0.655966
vt 0.691138 0.416590
vt 0.691595 0.416607
vt 0.691527 0.616135
vt 0.691069 0.616152
vt 0.814002 0.206423
vt 0.812081 0.208760
vt 0.811947 0.208586
vt 0.813834 0.206252
vt 0.694395 0.618418
vt 0.694217 0.618240
vt 0.694277 0.414512
vt 0.694418 0.414372
vt 0.736163 0.653022
vt 0.735261 0.653009
vt 0.705277 0.619703
vt 0.705098 0.619524
vt 0.705159 0.414513
vt 0.705301 0.414372
vt 0.642383 0.735202
vt 0.641499 0.735199
vt 0.729791 0.651753
vt 0.729216 0.651745
vt 0.635417 0.618499
vt 0.635995 0.618490
vt 0.635568 0.734208
vt 0.636133 0.734213
vt 0.729350 0.535914
vt 0.729918 0.535908
vt 0.731125 0.652957
vt 0.730998 0.652899
vt 0.637210 0.617344
vt 0.637338 0.617286
vt 0.637324 0.735355
vt 0.637452 0.735414
vt 0.731119 0.534766
vt 0.731244 0.534708
vt 0.729822 0.651758
vt 0.729860 0.651790
vt 0.729987 0.535870
vt 0.729950 0.535903
vt 0.636196 0.734249
vt 0.636161 0.734216
vt 0.636070 0.618452
vt 0.636029 0.618485
vt 0.732127 0.652744
vt 0.732127 0.652993
vt 0.734875 0.534720
vt 0.734923 0.534751
vt 0.734919 0.534914
vt 0.734865 0.534915
vt 0.732234 0.534678
vt 0.732234 0.534922
vt 0.638594 0.735371
vt 0.638593 0.735202
vt 0.543643 0.207137
vt 0.543536 0.408732
vt 0.639808 0.735202
vt 0.639866 0.735201
vt 0.639870 0.735365
vt 0.639821 0.735398
vt 0.641080 0.735200
vt 0.641138 0.735200
vt 0.641141 0.735363
vt 0.641093 0.735396
vt 0.734788 0.534681
vt 0.734781 0.534916
vt 0.734010 0.534916
vt 0.734003 0.534681
vt 0.346746 0.538585
vt 0.346693 0.538563
vt 0.346728 0.330814
vt 0.344033 0.330739
vt 0.344085 0.330761
vt 0.343952 0.538548
vt 0.343881 0.538578
vt 0.638868 0.617488
vt 0.638859 0.617247
vt 0.639656 0.617244
vt 0.639649 0.617486
vt 0.640169 0.617482
vt 0.640162 0.617242
vt 0.640957 0.617239
vt 0.640951 0.617480
vt 0.814250 0.325001
vt 0.814082 0.325181
vt 0.813897 0.325004
vt 0.814070 0.324824
vt 0.734750 0.652763
vt 0.734756 0.653003
vt 0.733959 0.653002
vt 0.733968 0.652761
vt 0.734894 0.652767
vt 0.734831 0.652767
vt 0.732319 0.534919
vt 0.732373 0.534916
vt 0.732276 0.652750
vt 0.732214 0.652748
vt 0.733868 0.652964
vt 0.733816 0.652932
vt 0.733820 0.652759
vt 0.733880 0.652759
vt 0.733438 0.652756
vt 0.733444 0.652997
vt 0.732647 0.652994
vt 0.732657 0.652753
vt 0.732555 0.652955
vt 0.732505 0.652923
vt 0.732508 0.652752
vt 0.732568 0.652752
vt 0.346455 0.330793
vt 0.346507 0.330814
vt 0.346491 0.538563
vt 0.733516 0.534681
vt 0.733509 0.534917
vt 0.732737 0.534917
vt 0.732730 0.534681
vt 0.345292 0.330745
vt 0.345344 0.330767
vt 0.345279 0.538537
vt 0.345207 0.538567
vt 0.638428 0.617496
vt 0.638487 0.617492
vt 0.638535 0.735200
vt 0.638434 0.617287
vt 0.638487 0.617320
vt 0.549064 0.206008
vt 0.549115 0.206029
vt 0.549174 0.409815
vt 0.549104 0.409844
vt 0.641415 0.735199
vt 0.641361 0.735201
vt 0.641332 0.617476
vt 0.641394 0.617475
vt 0.640144 0.735200
vt 0.640090 0.735202
vt 0.640028 0.617479
vt 0.640082 0.617482
vt 0.638716 0.617318
vt 0.638767 0.617285
vt 0.638950 0.735438
vt 0.638956 0.735202
vt 0.639727 0.735201
vt 0.639734 0.735436
vt 0.640023 0.617312
vt 0.640072 0.617280
vt 0.733929 0.534915
vt 0.733871 0.534915
vt 0.733868 0.534752
vt 0.733915 0.534719
vt 0.638338 0.617250
vt 0.638338 0.617499
vt 0.735200 0.534912
vt 0.735142 0.534913
vt 0.735138 0.534751
vt 0.735185 0.534719
vt 0.346367 0.330767
vt 0.346419 0.538584
vt 0.345622 0.538584
vt 0.345565 0.330767
vt 0.732276 0.652922
vt 0.732223 0.652955
vt 0.641329 0.617303
vt 0.641382 0.617269
vt 0.740366 0.774333
vt 0.743298 0.774157
vt 0.743292 0.774407
vt 0.546559 0.205997
vt 0.546610 0.206018
vt 0.546557 0.409836
vt 0.546457 0.409877
vt 0.547775 0.205956
vt 0.547699 0.409883
vt 0.546917 0.409883
vt 0.546997 0.205956
vt 0.641403 0.735396
vt 0.641356 0.735363
vt 0.733593 0.534916
vt 0.733647 0.534915
vt 0.733582 0.652758
vt 0.733519 0.652758
vt 0.546473 0.205971
vt 0.546387 0.409898
vt 0.733584 0.652930
vt 0.733533 0.652960
vt 0.344220 0.538570
vt 0.344168 0.538548
vt 0.344306 0.330761
vt 0.344408 0.330719
vt 0.548977 0.205982
vt 0.548982 0.409880
vt 0.548200 0.409880
vt 0.548200 0.205982
vt 0.814071 0.206369
vt 0.814248 0.206196
vt 0.813900 0.206190
vt 0.814083 0.206018
vt 0.548113 0.409855
vt 0.548062 0.409833
vt 0.548129 0.206003
vt 0.641040 0.617480
vt 0.641099 0.617477
vt 0.735170 0.652969
vt 0.735120 0.652937
vt 0.735125 0.652768
vt 0.735184 0.652769
vt 0.640086 0.735365
vt 0.733651 0.534752
vt 0.732376 0.534751
vt 0.732594 0.534751
vt 0.732597 0.534916
vt 0.639797 0.617482
vt 0.639798 0.617313
vt 0.641100 0.617307
vt 0.734895 0.652934
vt 0.345481 0.538537
vt 0.549331 0.206029
vt 0.549397 0.409815
vt 0.512819 0.533798
vt 0.512638 0.533621
vt 0.512646 0.415240
vt 0.512823 0.415068
vt 0.512649 0.533981
vt 0.512463 0.533802
vt 0.641049 0.617275
vt 0.640999 0.735199
vt 0.640228 0.735199
vt 0.732655 0.534915
vt 0.732642 0.534720
vt 0.638444 0.735200
vt 0.638446 0.735446
vt 0.733604 0.534720
vt 0.345204 0.330720
vt 0.345105 0.538596
vt 0.344308 0.538596
vt 0.639747 0.617281
vt 0.639738 0.617485
vt 0.638542 0.735407
vt 0.640221 0.735435
vt 0.641006 0.735434
vt 0.732327 0.534718
vt 0.345534 0.538559
vt 0.641490 0.735434
vt 0.642379 0.735446
vt 0.549448 0.409836
vt 0.549431 0.205987
vt 0.640134 0.735397
vt 0.512475 0.415062
vt 0.512658 0.414889
vt 0.343945 0.330714
vt 0.343881 0.538578
vt 0.734846 0.652966
vt 0.735272 0.534679
vt 0.813829 0.324941
vt 0.813998 0.324768
vt 0.512577 0.415294
vt 0.512409 0.415123
vt 0.512396 0.533738
vt 0.512565 0.533565
vt 0.814151 0.325242
vt 0.814319 0.325053
vt 0.512894 0.415014
vt 0.512727 0.414828
vt 0.512719 0.534045
vt 0.512894 0.533854
vt 0.814319 0.206143
vt 0.814152 0.205956
vt 0.705377 0.414324
vt 0.705377 0.619765
vt 0.705082 0.414561
vt 0.694495 0.414324
vt 0.694495 0.618480
vt 0.694202 0.414559
vt 0.694117 0.618179
vt 0.736163 0.534666
vt 0.467805 0.563732
vt 0.465284 0.561673
vt 0.465287 0.362233
vt 0.467806 0.360177
vt 0.788562 0.413719
vt 0.791407 0.413687
vt 0.470653 0.563757
vt 0.470653 0.360152
vt 0.743298 0.655934
vt 0.509938 0.531262
vt 0.509944 0.531060
vt 0.510392 0.531067
vt 0.510330 0.531273
vt 0.635417 0.411585
vt 0.635417 0.615166
vt 0.743292 0.655684
vt 0.740366 0.655758
vt 0.791401 0.413437
vt 0.788475 0.413511
vt 0.691775 0.616265
vt 0.691861 0.416469
vt 0.811764 0.208717
vt 0.811825 0.208924
vt 0.811377 0.208931
vt 0.811372 0.208728
vt 0.811944 0.322606
vt 0.812078 0.322432
vt 0.510658 0.417628
vt 0.510525 0.417455
vt 0.510513 0.531404
vt 0.510646 0.531230
vt 0.510341 0.417586
vt 0.510403 0.417792
vt 0.509955 0.417799
vt 0.509949 0.417597
vt 0.738217 0.658302
vt 0.811823 0.322268
vt 0.811375 0.322261
vt 0.786497 0.416226
vt 0.786326 0.416055
vt 0.738217 0.771788
vt 0.811369 0.322464
vt 0.811762 0.322475
vt 0.702724 0.416487
vt 0.702739 0.617598
vt 0.550254 0.463219
vt 0.550857 0.463209
vt 0.550706 0.578608
vt 0.550095 0.578595
vt 0.351690 0.330767
vt 0.351765 0.330713
vt 0.351699 0.538579
vt 0.351628 0.538527
vt 0.350480 0.331902
vt 0.350552 0.331904
vt 0.350412 0.537336
vt 0.550879 0.578674
vt 0.550786 0.578624
vt 0.550938 0.463195
vt 0.551030 0.463143
vt 0.652774 0.409512
vt 0.650254 0.407454
vt 0.650254 0.208037
vt 0.652772 0.205981
vt 0.597122 0.415205
vt 0.597208 0.415189
vt 0.597342 0.530722
vt 0.597267 0.530707
vt 0.707427 0.416609
vt 0.707888 0.416626
vt 0.707910 0.617464
vt 0.707450 0.617481
vt 0.767101 0.324539
vt 0.764948 0.321993
vt 0.765119 0.321821
vt 0.767188 0.324330
vt 0.770037 0.324365
vt 0.770031 0.324615
vt 0.553451 0.579830
vt 0.553391 0.579831
vt 0.553500 0.462001
vt 0.553557 0.461999
vt 0.556802 0.205982
vt 0.556853 0.206003
vt 0.556780 0.409833
vt 0.556710 0.409862
vt 0.553438 0.580034
vt 0.553387 0.580001
vt 0.553197 0.207138
vt 0.553268 0.207139
vt 0.553182 0.408729
vt 0.553084 0.408731
vt 0.598423 0.414040
vt 0.598480 0.414007
vt 0.598605 0.531902
vt 0.598548 0.531867
vt 0.555771 0.409857
vt 0.555720 0.409836
vt 0.555768 0.206018
vt 0.555867 0.205976
vt 0.596510 0.415218
vt 0.596664 0.530697
vt 0.349855 0.331901
vt 0.349793 0.537337
vt 0.251953 0.125185
vt 1.123335 0.125185
vt 1.125450 0.126146
vt 1.125450 1.749921
vt 1.123335 1.750882
vt 0.251953 1.750882
vt 0.249838 1.749921
vt 0.249838 0.126146
vt 0.603463 0.413964
vt 0.603463 0.531921
vt 0.602577 0.531918
vt 0.602569 0.413969
vt 0.556172 0.462002
vt 0.556163 0.461767
vt 0.557052 0.461754
vt 0.557056 0.461999
vt 0.356532 0.330784
vt 0.356532 0.538612
vt 0.355622 0.538612
vt 0.355618 0.330784
vt 0.597299 0.415140
vt 0.597431 0.530771
vt 0.552147 0.462048
vt 0.552199 0.462016
vt 0.552063 0.579809
vt 0.552002 0.579773
vt 0.554385 0.206024
vt 0.554376 0.409897
vt 0.553256 0.408778
vt 0.350486 0.537387
vt 0.554458 0.205971
vt 0.559367 0.205958
vt 0.559367 0.409861
vt 0.558475 0.409861
vt 0.558471 0.205958
vt 0.733323 0.773450
vt 0.731259 0.770944
vt 0.731249 0.657866
vt 0.733318 0.655357
vt 0.691174 0.208222
vt 0.691631 0.208239
vt 0.691562 0.407767
vt 0.691105 0.407783
vt 0.816103 0.413413
vt 0.814182 0.415750
vt 0.814048 0.415576
vt 0.815934 0.413242
vt 0.694431 0.410050
vt 0.694253 0.409872
vt 0.694313 0.206144
vt 0.694454 0.206004
vt 0.603459 0.532166
vt 0.602567 0.532153
vt 0.710708 0.619704
vt 0.710529 0.619525
vt 0.710590 0.414513
vt 0.710731 0.414372
vt 0.557056 0.579850
vt 0.556162 0.579845
vt 0.597229 0.530922
vt 0.596662 0.530917
vt 0.550252 0.462998
vt 0.550820 0.462992
vt 0.550092 0.578819
vt 0.550668 0.578828
vt 0.596507 0.414993
vt 0.597086 0.414985
vt 0.598550 0.532125
vt 0.598422 0.532066
vt 0.552021 0.461850
vt 0.552146 0.461793
vt 0.551876 0.579975
vt 0.552005 0.580035
vt 0.598297 0.413839
vt 0.598425 0.413780
vt 0.597257 0.530926
vt 0.597291 0.530959
vt 0.597157 0.414948
vt 0.597119 0.414981
vt 0.550737 0.578865
vt 0.550700 0.578832
vt 0.550889 0.462954
vt 0.550851 0.462987
vt 0.599543 0.531912
vt 0.599541 0.532155
vt 0.602138 0.413772
vt 0.602189 0.413804
vt 0.602188 0.413973
vt 0.602128 0.413975
vt 0.599428 0.413745
vt 0.599428 0.413994
vt 0.553159 0.580001
vt 0.553159 0.579828
vt 0.552584 0.207137
vt 0.552477 0.408732
vt 0.554408 0.579834
vt 0.554471 0.579835
vt 0.554472 0.580006
vt 0.554420 0.580038
vt 0.555720 0.579840
vt 0.555782 0.579842
vt 0.555783 0.580011
vt 0.555732 0.580044
vt 0.602046 0.413735
vt 0.602039 0.413977
vt 0.601256 0.413979
vt 0.601247 0.413738
vt 0.355534 0.538586
vt 0.355482 0.538565
vt 0.355517 0.330814
vt 0.352822 0.330739
vt 0.352874 0.330761
vt 0.352741 0.538550
vt 0.352669 0.538579
vt 0.553633 0.462003
vt 0.553629 0.461768
vt 0.554412 0.461769
vt 0.554405 0.462003
vt 0.554900 0.462003
vt 0.554895 0.461769
vt 0.555678 0.461769
vt 0.555672 0.462004
vt 0.816351 0.531991
vt 0.816183 0.532171
vt 0.815998 0.531995
vt 0.816171 0.531815
vt 0.602076 0.531918
vt 0.602083 0.532153
vt 0.601297 0.532154
vt 0.601304 0.531918
vt 0.602215 0.531919
vt 0.602158 0.531920
vt 0.599517 0.413990
vt 0.599576 0.413986
vt 0.599675 0.531921
vt 0.599626 0.531917
vt 0.601209 0.532116
vt 0.601162 0.532083
vt 0.601165 0.531920
vt 0.601220 0.531918
vt 0.600809 0.531919
vt 0.600814 0.532153
vt 0.600030 0.532154
vt 0.600036 0.531919
vt 0.599942 0.532115
vt 0.599895 0.532084
vt 0.599898 0.531921
vt 0.599953 0.531920
vt 0.355244 0.330793
vt 0.355296 0.330814
vt 0.355279 0.538565
vt 0.600733 0.413744
vt 0.600726 0.413985
vt 0.599944 0.413987
vt 0.599938 0.413747
vt 0.354080 0.330745
vt 0.354132 0.330767
vt 0.354067 0.538538
vt 0.353996 0.538568
vt 0.553221 0.462004
vt 0.553276 0.462001
vt 0.553096 0.579826
vt 0.553229 0.461801
vt 0.553279 0.461836
vt 0.558004 0.206007
vt 0.558055 0.206029
vt 0.558115 0.409815
vt 0.558045 0.409844
vt 0.556073 0.579843
vt 0.556014 0.579844
vt 0.556033 0.462002
vt 0.556091 0.462002
vt 0.554762 0.579836
vt 0.554703 0.579837
vt 0.554767 0.462001
vt 0.554824 0.462001
vt 0.553496 0.461837
vt 0.553543 0.461807
vt 0.553530 0.580073
vt 0.553540 0.579831
vt 0.554322 0.579833
vt 0.554329 0.580075
vt 0.554763 0.461839
vt 0.554809 0.461807
vt 0.601170 0.413980
vt 0.601107 0.413981
vt 0.601104 0.413810
vt 0.601155 0.413776
vt 0.553137 0.461763
vt 0.553137 0.462007
vt 0.602483 0.413969
vt 0.602420 0.413971
vt 0.602416 0.413802
vt 0.602466 0.413769
vt 0.355156 0.330767
vt 0.355207 0.538586
vt 0.354410 0.538586
vt 0.354354 0.330767
vt 0.599679 0.532084
vt 0.599631 0.532116
vt 0.556029 0.461839
vt 0.556076 0.461806
vt 0.733236 0.773658
vt 0.736167 0.773482
vt 0.736160 0.773732
vt 0.555500 0.205996
vt 0.555551 0.206018
vt 0.555497 0.409836
vt 0.555398 0.409877
vt 0.556715 0.205956
vt 0.556640 0.409883
vt 0.555857 0.409882
vt 0.555938 0.205956
vt 0.556060 0.580046
vt 0.556009 0.580013
vt 0.600815 0.413985
vt 0.600875 0.413982
vt 0.600942 0.531921
vt 0.600885 0.531922
vt 0.555413 0.205971
vt 0.555327 0.409898
vt 0.600946 0.532083
vt 0.600900 0.532114
vt 0.353009 0.538571
vt 0.352956 0.538550
vt 0.353095 0.330761
vt 0.353196 0.330719
vt 0.557918 0.205982
vt 0.557923 0.409880
vt 0.557141 0.409880
vt 0.557140 0.205982
vt 0.816172 0.413359
vt 0.816349 0.413187
vt 0.816001 0.413181
vt 0.816184 0.413008
vt 0.557054 0.409854
vt 0.557003 0.409833
vt 0.557070 0.206003
vt 0.555755 0.462004
vt 0.555810 0.462002
vt 0.602481 0.532114
vt 0.602434 0.532082
vt 0.602439 0.531920
vt 0.602493 0.531919
vt 0.554699 0.580007
vt 0.600876 0.413812
vt 0.599577 0.413816
vt 0.599803 0.413816
vt 0.599808 0.413983
vt 0.554543 0.462002
vt 0.554547 0.461839
vt 0.555813 0.461839
vt 0.602219 0.532082
vt 0.354354 0.330767
vt 0.354270 0.538538
vt 0.558272 0.206028
vt 0.558337 0.409815
vt 0.806348 0.532058
vt 0.806167 0.531882
vt 0.806167 0.413359
vt 0.806345 0.413187
vt 0.806182 0.532236
vt 0.805997 0.532062
vt 0.555766 0.461807
vt 0.555633 0.579840
vt 0.554851 0.579837
vt 0.599862 0.413984
vt 0.599850 0.413786
vt 0.553010 0.579823
vt 0.553010 0.580072
vt 0.600824 0.413781
vt 0.353992 0.330720
vt 0.353894 0.538598
vt 0.353097 0.538597
vt 0.353196 0.330719
vt 0.554499 0.461806
vt 0.554489 0.462003
vt 0.553105 0.580035
vt 0.554842 0.580079
vt 0.555640 0.580081
vt 0.599524 0.413783
vt 0.354322 0.538560
vt 0.556150 0.580085
vt 0.557052 0.580098
vt 0.558389 0.409836
vt 0.558372 0.205987
vt 0.554750 0.580041
vt 0.805997 0.413181
vt 0.806180 0.413008
vt 0.352733 0.330714
vt 0.602171 0.532114
vt 0.602557 0.413730
vt 0.815930 0.531932
vt 0.816099 0.531759
vt 0.806099 0.413413
vt 0.805930 0.413242
vt 0.805932 0.532001
vt 0.806100 0.531830
vt 0.816252 0.532233
vt 0.816420 0.532044
vt 0.806416 0.413133
vt 0.806248 0.412946
vt 0.806250 0.532297
vt 0.806416 0.532110
vt 0.816420 0.413133
vt 0.816253 0.412946
vt 0.710808 0.414324
vt 0.710808 0.619766
vt 0.710513 0.414561
vt 0.694530 0.205956
vt 0.694530 0.410112
vt 0.694237 0.206191
vt 0.694153 0.409811
vt 0.603459 0.413716
vt 0.128951 0.608052
vt 0.126430 0.605994
vt 0.126433 0.406554
vt 0.128952 0.404498
vt 0.767194 0.206238
vt 0.770037 0.206206
vt 0.131799 0.608078
vt 0.131799 0.404473
vt 0.736167 0.655322
vt 0.803471 0.529524
vt 0.803476 0.529322
vt 0.803924 0.529328
vt 0.803863 0.529535
vt 0.655622 0.409537
vt 0.655622 0.205956
vt 0.736160 0.655072
vt 0.733231 0.655149
vt 0.770031 0.205956
vt 0.767107 0.206030
vt 0.691811 0.407896
vt 0.691896 0.208101
vt 0.813865 0.415707
vt 0.813926 0.415914
vt 0.813478 0.415921
vt 0.813473 0.415719
vt 0.814045 0.529596
vt 0.814179 0.529423
vt 0.804178 0.415750
vt 0.804044 0.415577
vt 0.804046 0.529666
vt 0.804179 0.529492
vt 0.803861 0.415708
vt 0.803922 0.415915
vt 0.803474 0.415922
vt 0.803468 0.415719
vt 0.731078 0.657694
vt 0.813924 0.529259
vt 0.813476 0.529252
vt 0.765130 0.208743
vt 0.764959 0.208572
vt 0.731088 0.771115
vt 0.813470 0.529454
vt 0.813863 0.529465
vt 0.708155 0.416487
vt 0.708170 0.617599
vt 0.341827 0.569347
vt 0.342583 0.569360
vt 0.342496 0.573784
vt 0.341748 0.573770
vt 0.503208 0.874686
vt 0.503207 0.879225
vt 0.001026 0.879117
vt 0.001027 0.874582
vt 0.324049 0.505786
vt 0.323301 0.505800
vt 0.323214 0.501376
vt 0.323970 0.501363
vt 0.323965 0.499566
vt 0.323193 0.499556
vt 0.323276 0.495008
vt 0.324045 0.495021
vt 0.503208 0.857512
vt 0.503206 0.862051
vt 0.001025 0.861802
vt 0.001027 0.857267
vt 0.341752 0.563006
vt 0.342521 0.562992
vt 0.342604 0.567540
vt 0.341832 0.567550
vt 0.503206 0.867342
vt 0.001025 0.867377
vt 0.001025 0.862838
vt 0.503205 0.862807
vt 0.341834 0.567736
vt 0.342613 0.567735
vt 0.342598 0.569171
vt 0.341826 0.569162
vt 0.001025 0.862705
vt 0.001025 0.861934
vt 0.316801 0.499858
vt 0.322993 0.499763
vt 0.323013 0.501180
vt 0.316821 0.501275
vt 0.503206 0.868927
vt 0.001026 0.869042
vt 0.001025 0.867622
vt 0.503206 0.867529
vt 0.503208 0.873783
vt 0.503208 0.874553
vt 0.001027 0.873826
vt 0.323970 0.501178
vt 0.323199 0.501187
vt 0.323184 0.499750
vt 0.323963 0.499751
vt 0.503207 0.921981
vt 0.001027 0.922157
vt 0.001026 0.917618
vt 0.503206 0.917446
vt 0.348976 0.569259
vt 0.342784 0.569164
vt 0.342803 0.567748
vt 0.348996 0.567843
vt 0.498975 0.988290
vt 0.498975 0.994440
vt 0.001025 0.994439
vt 0.001025 0.988290
vt 0.498974 0.963691
vt 0.498974 0.969841
vt 0.001025 0.969840
vt 0.001025 0.963691
vt 0.349952 0.567660
vt 0.349196 0.567646
vt 0.349283 0.563222
vt 0.350031 0.563236
vt 0.503208 0.923017
vt 0.503207 0.927556
vt 0.001026 0.927448
vt 0.001027 0.922913
vt 0.315765 0.495252
vt 0.316513 0.495238
vt 0.316601 0.499662
vt 0.315844 0.499675
vt 0.315849 0.501472
vt 0.316621 0.501482
vt 0.316538 0.506030
vt 0.315769 0.506017
vt 0.503208 0.905843
vt 0.503205 0.910382
vt 0.001025 0.910133
vt 0.001027 0.905598
vt 0.350027 0.574001
vt 0.349258 0.574014
vt 0.349176 0.569467
vt 0.349947 0.569457
vt 0.503205 0.915673
vt 0.001025 0.915708
vt 0.001025 0.911169
vt 0.503205 0.911138
vt 0.349945 0.569271
vt 0.349166 0.569272
vt 0.349181 0.567835
vt 0.349953 0.567845
vt 0.001025 0.911036
vt 0.001025 0.910266
vt 0.503206 0.917259
vt 0.001026 0.917373
vt 0.001025 0.915953
vt 0.503205 0.915861
vt 0.503208 0.922114
vt 0.503208 0.922885
vt 0.315844 0.499860
vt 0.316616 0.499851
vt 0.316631 0.501288
vt 0.315852 0.501287
vt 0.324069 0.494892
vt 0.324173 0.495001
vt 0.341623 0.562985
vt 0.341728 0.562877
vt 0.324173 0.505806
vt 0.324072 0.505911
vt 0.341725 0.573895
vt 0.341623 0.573790
vt 0.323177 0.505825
vt 0.323282 0.505926
vt 0.323149 0.494983
vt 0.323257 0.494879
vt 0.342648 0.562967
vt 0.342540 0.562863
vt 0.342620 0.573809
vt 0.342514 0.573910
vt 0.324101 0.501362
vt 0.324102 0.501177
vt 0.324098 0.499567
vt 0.324095 0.499752
vt 0.341699 0.567551
vt 0.341701 0.567736
vt 0.341696 0.569346
vt 0.341695 0.569161
vt 0.323087 0.501385
vt 0.323001 0.501298
vt 0.323063 0.499549
vt 0.322977 0.499641
vt 0.342734 0.567533
vt 0.342820 0.567625
vt 0.342710 0.569369
vt 0.342796 0.569283
vt 0.315745 0.506146
vt 0.315641 0.506037
vt 0.350156 0.574022
vt 0.350051 0.574130
vt 0.315641 0.495232
vt 0.315742 0.495127
vt 0.350054 0.563111
vt 0.350156 0.563216
vt 0.316637 0.495213
vt 0.316532 0.495112
vt 0.316665 0.506055
vt 0.316557 0.506159
vt 0.349131 0.574039
vt 0.349239 0.574144
vt 0.349160 0.563198
vt 0.349265 0.563096
vt 0.315714 0.499676
vt 0.315712 0.499861
vt 0.315717 0.501471
vt 0.315719 0.501286
vt 0.350080 0.569455
vt 0.350078 0.569270
vt 0.350083 0.567660
vt 0.350084 0.567845
vt 0.316727 0.499653
vt 0.316813 0.499740
vt 0.316751 0.501489
vt 0.316838 0.501397
vt 0.349045 0.569473
vt 0.348959 0.569381
vt 0.349070 0.567638
vt 0.348984 0.567724
vt 0.503208 0.873650
vt 0.001026 0.879249
vt 0.001028 0.857134
vt 0.503206 0.869115
vt 0.001026 0.869287
vt 0.001026 0.927581
vt 0.001028 0.905465
vt 0.323015 0.501312
vt 0.316823 0.501407
vt 0.316799 0.499726
vt 0.322991 0.499631
vt 0.342805 0.567615
vt 0.348998 0.567710
vt 0.342782 0.569296
vt 0.348974 0.569391
vt 0.479315 0.572374
vt 0.478559 0.572361
vt 0.478646 0.567937
vt 0.479394 0.567951
vt 0.940297 0.175178
vt 0.940296 0.179717
vt 0.438116 0.179608
vt 0.438117 0.175073
vt 0.069369 0.571236
vt 0.068621 0.571250
vt 0.068533 0.566826
vt 0.069290 0.566813
vt 0.069285 0.565016
vt 0.068513 0.565006
vt 0.068596 0.560458
vt 0.069365 0.560472
vt 0.940297 0.158003
vt 0.940295 0.162543
vt 0.438115 0.162293
vt 0.438117 0.157758
vt 0.479390 0.578715
vt 0.478621 0.578729
vt 0.478538 0.574181
vt 0.479310 0.574171
vt 0.940295 0.167833
vt 0.438115 0.167868
vt 0.438115 0.163329
vt 0.940295 0.163298
vt 0.479308 0.573985
vt 0.478528 0.573986
vt 0.478544 0.572550
vt 0.479315 0.572559
vt 0.438115 0.163196
vt 0.438115 0.162425
vt 0.062121 0.565309
vt 0.068313 0.565214
vt 0.068333 0.566630
vt 0.062141 0.566725
vt 0.940295 0.169419
vt 0.438115 0.169533
vt 0.438115 0.168113
vt 0.940295 0.168021
vt 0.940297 0.174274
vt 0.940297 0.175045
vt 0.438117 0.174317
vt 0.069290 0.566628
vt 0.068518 0.566637
vt 0.068503 0.565201
vt 0.069282 0.565202
vt 0.940296 0.198307
vt 0.438117 0.198483
vt 0.438115 0.193944
vt 0.940294 0.193772
vt 0.472166 0.572462
vt 0.478358 0.572557
vt 0.478338 0.573973
vt 0.472146 0.573878
vt 0.498976 0.980090
vt 0.498976 0.986240
vt 0.001025 0.986239
vt 0.001025 0.980090
vt 0.558911 0.610715
vt 0.558911 0.616865
vt 0.060960 0.616864
vt 0.060960 0.610715
vt 0.471189 0.574061
vt 0.471946 0.574075
vt 0.471859 0.578499
vt 0.471111 0.578485
vt 0.940296 0.199343
vt 0.940295 0.203882
vt 0.438116 0.203773
vt 0.438117 0.199238
vt 0.061085 0.560702
vt 0.061833 0.560688
vt 0.061920 0.565112
vt 0.061164 0.565126
vt 0.061169 0.566923
vt 0.061941 0.566932
vt 0.061858 0.571480
vt 0.061089 0.571467
vt 0.940296 0.182169
vt 0.940294 0.186708
vt 0.438115 0.186458
vt 0.438117 0.181923
vt 0.471114 0.567720
vt 0.471883 0.567707
vt 0.471966 0.572254
vt 0.471194 0.572264
vt 0.940294 0.191999
vt 0.438115 0.192033
vt 0.438115 0.187494
vt 0.940294 0.187464
vt 0.471197 0.572450
vt 0.471976 0.572449
vt 0.471961 0.573886
vt 0.471189 0.573876
vt 0.438115 0.187361
vt 0.438115 0.186591
vt 0.940294 0.193584
vt 0.438115 0.193698
vt 0.438115 0.192279
vt 0.940294 0.192187
vt 0.940296 0.198440
vt 0.940296 0.199210
vt 0.061164 0.565311
vt 0.061935 0.565301
vt 0.061950 0.566738
vt 0.061171 0.566737
vt 0.069389 0.560342
vt 0.069493 0.560451
vt 0.479518 0.578736
vt 0.479414 0.578844
vt 0.069493 0.571256
vt 0.069392 0.571361
vt 0.479417 0.567825
vt 0.479518 0.567930
vt 0.068497 0.571275
vt 0.068602 0.571376
vt 0.068468 0.560433
vt 0.068577 0.560329
vt 0.478494 0.578754
vt 0.478602 0.578858
vt 0.478522 0.567912
vt 0.478627 0.567811
vt 0.069420 0.566812
vt 0.069422 0.566628
vt 0.069417 0.565017
vt 0.069415 0.565202
vt 0.479442 0.574170
vt 0.479440 0.573984
vt 0.479446 0.572375
vt 0.479447 0.572559
vt 0.068407 0.566835
vt 0.068321 0.566749
vt 0.068383 0.564999
vt 0.068296 0.565091
vt 0.478408 0.574188
vt 0.478322 0.574095
vt 0.478432 0.572352
vt 0.478346 0.572438
vt 0.061065 0.571596
vt 0.060960 0.571487
vt 0.470986 0.567699
vt 0.471090 0.567591
vt 0.060961 0.560682
vt 0.061062 0.560577
vt 0.471088 0.578610
vt 0.470986 0.578505
vt 0.061957 0.560663
vt 0.061852 0.560562
vt 0.061985 0.571505
vt 0.061877 0.571609
vt 0.472010 0.567682
vt 0.471902 0.567577
vt 0.471982 0.578524
vt 0.471877 0.578625
vt 0.061033 0.565126
vt 0.061032 0.565311
vt 0.061036 0.566921
vt 0.061039 0.566736
vt 0.471062 0.572266
vt 0.471064 0.572451
vt 0.471059 0.574061
vt 0.471057 0.573876
vt 0.062047 0.565104
vt 0.062133 0.565190
vt 0.062071 0.566939
vt 0.062157 0.566847
vt 0.472096 0.572248
vt 0.472182 0.572340
vt 0.472072 0.574083
vt 0.472158 0.573997
vt 0.940297 0.174141
vt 0.438117 0.174317
vt 0.438116 0.179740
vt 0.940296 0.179717
vt 0.438117 0.157625
vt 0.940295 0.169607
vt 0.438115 0.169778
vt 0.438116 0.203906
vt 0.438117 0.181791
vt 0.068335 0.566762
vt 0.062142 0.566857
vt 0.062119 0.565176
vt 0.068311 0.565081
vt 0.478336 0.574106
vt 0.472144 0.574011
vt 0.478360 0.572424
vt 0.472168 0.572330
vt 0.504543 0.562526
vt 0.503771 0.562516
vt 0.503854 0.557968
vt 0.504623 0.557981
vt 0.503206 0.802189
vt 0.503205 0.806728
vt 0.001026 0.806620
vt 0.001027 0.802085
vt 0.091186 0.571467
vt 0.090417 0.571480
vt 0.090334 0.566932
vt 0.091106 0.566923
vt 0.091111 0.565125
vt 0.090355 0.565112
vt 0.090442 0.560688
vt 0.091190 0.560702
vt 0.503206 0.785015
vt 0.503204 0.789554
vt 0.001025 0.789305
vt 0.001027 0.784770
vt 0.504627 0.568746
vt 0.503879 0.568760
vt 0.503792 0.564336
vt 0.504548 0.564323
vt 0.503204 0.794845
vt 0.001025 0.794880
vt 0.001025 0.790341
vt 0.503204 0.790310
vt 0.504548 0.564138
vt 0.503777 0.564147
vt 0.503761 0.562710
vt 0.504541 0.562711
vt 0.001025 0.790208
vt 0.001025 0.789438
vt 0.083962 0.565214
vt 0.090154 0.565308
vt 0.090135 0.566725
vt 0.083942 0.566630
vt 0.503204 0.796431
vt 0.001026 0.796545
vt 0.001025 0.795125
vt 0.503204 0.795033
vt 0.503206 0.801286
vt 0.503206 0.802057
vt 0.001027 0.801329
vt 0.091104 0.566737
vt 0.090325 0.566738
vt 0.090340 0.565301
vt 0.091112 0.565310
vt 0.503206 0.849483
vt 0.001027 0.849661
vt 0.001026 0.845122
vt 0.503204 0.844948
vt 0.497379 0.562818
vt 0.503571 0.562724
vt 0.503591 0.564140
vt 0.497399 0.564234
vt 0.498974 0.955491
vt 0.498974 0.961641
vt 0.001025 0.961640
vt 0.001025 0.955491
vt 0.879860 0.703904
vt 0.873711 0.703904
vt 0.873712 0.205956
vt 0.879860 0.205956
vt 0.496427 0.564432
vt 0.497199 0.564442
vt 0.497116 0.568990
vt 0.496347 0.568977
vt 0.503206 0.850519
vt 0.503205 0.855058
vt 0.001026 0.854951
vt 0.001027 0.850416
vt 0.082911 0.560472
vt 0.083680 0.560458
vt 0.083762 0.565006
vt 0.082991 0.565016
vt 0.082986 0.566813
vt 0.083742 0.566826
vt 0.083655 0.571250
vt 0.082907 0.571236
vt 0.503206 0.833345
vt 0.503204 0.837884
vt 0.001025 0.837636
vt 0.001027 0.833101
vt 0.496343 0.558212
vt 0.497091 0.558198
vt 0.497179 0.562622
vt 0.496422 0.562635
vt 0.503204 0.843175
vt 0.001025 0.843211
vt 0.001025 0.838672
vt 0.503204 0.838640
vt 0.496422 0.562820
vt 0.497193 0.562811
vt 0.497209 0.564248
vt 0.496429 0.564247
vt 0.001025 0.838539
vt 0.001025 0.837769
vt 0.503204 0.844760
vt 0.001026 0.844876
vt 0.001025 0.843457
vt 0.503204 0.843363
vt 0.503206 0.849616
vt 0.503206 0.850386
vt 0.082993 0.565201
vt 0.083772 0.565201
vt 0.083757 0.566637
vt 0.082985 0.566628
vt 0.091213 0.560577
vt 0.091315 0.560682
vt 0.504751 0.568766
vt 0.504650 0.568871
vt 0.091315 0.571487
vt 0.091210 0.571596
vt 0.504647 0.557852
vt 0.504751 0.557961
vt 0.090290 0.571505
vt 0.090398 0.571609
vt 0.090318 0.560663
vt 0.090424 0.560562
vt 0.503755 0.568785
vt 0.503860 0.568886
vt 0.503727 0.557943
vt 0.503835 0.557839
vt 0.091239 0.566921
vt 0.091237 0.566736
vt 0.091242 0.565126
vt 0.091243 0.565311
vt 0.504679 0.564322
vt 0.504680 0.564137
vt 0.504675 0.562527
vt 0.504673 0.562712
vt 0.090204 0.566939
vt 0.090118 0.566847
vt 0.090228 0.565103
vt 0.090142 0.565190
vt 0.503665 0.564345
vt 0.503579 0.564258
vt 0.503641 0.562509
vt 0.503555 0.562601
vt 0.082884 0.571361
vt 0.082782 0.571256
vt 0.496219 0.558192
vt 0.496320 0.558087
vt 0.082782 0.560451
vt 0.082886 0.560342
vt 0.496323 0.569106
vt 0.496219 0.568997
vt 0.083807 0.560433
vt 0.083699 0.560329
vt 0.083779 0.571275
vt 0.083673 0.571376
vt 0.497215 0.558173
vt 0.497110 0.558072
vt 0.497243 0.569015
vt 0.497135 0.569119
vt 0.082858 0.565017
vt 0.082860 0.565202
vt 0.082855 0.566812
vt 0.082854 0.566627
vt 0.496291 0.562636
vt 0.496290 0.562821
vt 0.496295 0.564431
vt 0.496297 0.564246
vt 0.083893 0.564999
vt 0.083979 0.565091
vt 0.083868 0.566835
vt 0.083955 0.566749
vt 0.497305 0.562613
vt 0.497391 0.562700
vt 0.497329 0.564449
vt 0.497415 0.564357
vt 0.503206 0.801153
vt 0.001026 0.806753
vt 0.001028 0.784637
vt 0.503205 0.796618
vt 0.001026 0.796790
vt 0.001026 0.855084
vt 0.001028 0.832968
vt 0.090133 0.566857
vt 0.083940 0.566762
vt 0.083964 0.565081
vt 0.090156 0.565176
vt 0.503593 0.564272
vt 0.497401 0.564367
vt 0.503569 0.562591
vt 0.497377 0.562686
vt 0.532472 0.570159
vt 0.533244 0.570169
vt 0.533161 0.574716
vt 0.532392 0.574703
vt 0.940295 0.078515
vt 0.940294 0.083055
vt 0.438116 0.082946
vt 0.438117 0.078411
vt 0.456060 0.567721
vt 0.456829 0.567707
vt 0.456912 0.572255
vt 0.456141 0.572265
vt 0.456136 0.574062
vt 0.456892 0.574075
vt 0.456805 0.578499
vt 0.456057 0.578485
vt 0.940295 0.061341
vt 0.940293 0.065880
vt 0.438115 0.065631
vt 0.438117 0.061096
vt 0.532388 0.563938
vt 0.533136 0.563924
vt 0.533223 0.568348
vt 0.532467 0.568362
vt 0.940293 0.071171
vt 0.438115 0.071206
vt 0.438115 0.066667
vt 0.940293 0.066636
vt 0.532466 0.568547
vt 0.533238 0.568537
vt 0.533253 0.569974
vt 0.532474 0.569973
vt 0.438115 0.066534
vt 0.438115 0.065764
vt 0.463285 0.573974
vt 0.457092 0.573879
vt 0.457112 0.572463
vt 0.463304 0.572558
vt 0.940293 0.072757
vt 0.438115 0.072871
vt 0.438115 0.071451
vt 0.940293 0.071359
vt 0.940295 0.077612
vt 0.940295 0.078383
vt 0.438117 0.077655
vt 0.456143 0.572451
vt 0.456922 0.572450
vt 0.456907 0.573886
vt 0.456135 0.573877
vt 0.503205 0.897816
vt 0.001027 0.897992
vt 0.001026 0.893453
vt 0.503203 0.893281
vt 0.539636 0.569866
vt 0.533443 0.569961
vt 0.533424 0.568545
vt 0.539616 0.568450
vt 0.881911 0.205956
vt 0.888060 0.205956
vt 0.888060 0.703906
vt 0.881911 0.703906
vt 0.896260 0.703905
vt 0.890110 0.703905
vt 0.890111 0.205956
vt 0.896260 0.205956
vt 0.540587 0.568252
vt 0.539816 0.568242
vt 0.539898 0.563695
vt 0.540667 0.563708
vt 0.503205 0.898852
vt 0.503204 0.903391
vt 0.001026 0.903282
vt 0.001027 0.898748
vt 0.464336 0.578716
vt 0.463567 0.578729
vt 0.463484 0.574182
vt 0.464256 0.574172
vt 0.464261 0.572375
vt 0.463505 0.572361
vt 0.463592 0.567937
vt 0.464340 0.567951
vt 0.503205 0.881678
vt 0.503203 0.886217
vt 0.001025 0.885967
vt 0.001027 0.881432
vt 0.540671 0.574472
vt 0.539923 0.574486
vt 0.539836 0.570063
vt 0.540592 0.570049
vt 0.503203 0.891508
vt 0.001025 0.891542
vt 0.001025 0.887003
vt 0.503203 0.886973
vt 0.540593 0.569864
vt 0.539821 0.569874
vt 0.539806 0.568437
vt 0.540585 0.568438
vt 0.001025 0.886871
vt 0.001025 0.886100
vt 0.503203 0.893093
vt 0.001026 0.893207
vt 0.001025 0.891788
vt 0.503203 0.891695
vt 0.503205 0.897948
vt 0.503205 0.898719
vt 0.464254 0.573986
vt 0.463475 0.573987
vt 0.463490 0.572550
vt 0.464261 0.572560
vt 0.456034 0.578610
vt 0.455932 0.578505
vt 0.532263 0.563918
vt 0.532365 0.563813
vt 0.455932 0.567700
vt 0.456036 0.567592
vt 0.532368 0.574832
vt 0.532263 0.574724
vt 0.456957 0.567682
vt 0.456849 0.567578
vt 0.456928 0.578524
vt 0.456823 0.578625
vt 0.533260 0.563900
vt 0.533154 0.563798
vt 0.533288 0.574741
vt 0.533180 0.574846
vt 0.456008 0.572266
vt 0.456010 0.572451
vt 0.456005 0.574061
vt 0.456004 0.573877
vt 0.532336 0.568363
vt 0.532335 0.568547
vt 0.532339 0.570157
vt 0.532341 0.569972
vt 0.457043 0.572248
vt 0.457129 0.572341
vt 0.457018 0.574084
vt 0.457104 0.573998
vt 0.533350 0.568340
vt 0.533436 0.568426
vt 0.533374 0.570175
vt 0.533460 0.570083
vt 0.464363 0.567826
vt 0.464465 0.567931
vt 0.540796 0.574493
vt 0.540694 0.574598
vt 0.464465 0.578737
vt 0.464360 0.578845
vt 0.540691 0.563579
vt 0.540796 0.563687
vt 0.463440 0.578754
vt 0.463548 0.578858
vt 0.463468 0.567913
vt 0.463574 0.567811
vt 0.539800 0.574511
vt 0.539905 0.574612
vt 0.539771 0.563669
vt 0.539879 0.563565
vt 0.464389 0.574170
vt 0.464386 0.573985
vt 0.464392 0.572376
vt 0.464393 0.572560
vt 0.540723 0.570048
vt 0.540724 0.569864
vt 0.540720 0.568253
vt 0.540718 0.568439
vt 0.463354 0.574188
vt 0.463268 0.574096
vt 0.463378 0.572353
vt 0.463292 0.572439
vt 0.539710 0.570071
vt 0.539624 0.569985
vt 0.539685 0.568235
vt 0.539599 0.568328
vt 0.940295 0.077479
vt 0.438117 0.077655
vt 0.438116 0.083079
vt 0.438117 0.060963
vt 0.940293 0.072944
vt 0.438115 0.073116
vt 0.001026 0.903415
vt 0.001028 0.881299
vt 0.457114 0.572330
vt 0.463306 0.572425
vt 0.463283 0.574106
vt 0.457090 0.574012
vt 0.533422 0.568412
vt 0.539614 0.568317
vt 0.533445 0.570093
vt 0.539638 0.569999
vt 0.570447 0.416820
vt 0.571049 0.416810
vt 0.570897 0.532125
vt 0.570285 0.532112
vt 0.378254 0.167073
vt 0.378329 0.167018
vt 0.378528 0.376285
vt 0.378528 0.376285
vt 0.377037 0.168217
vt 0.377109 0.168219
vt 0.377301 0.375088
vt 0.571081 0.532192
vt 0.570988 0.532140
vt 0.571131 0.416795
vt 0.571217 0.416747
vt 0.173464 0.608036
vt 0.170943 0.605977
vt 0.170944 0.406555
vt 0.173464 0.404498
vt 0.738847 0.415119
vt 0.738929 0.415104
vt 0.738904 0.531172
vt 0.738829 0.531157
vt 0.718337 0.416617
vt 0.718793 0.416634
vt 0.718748 0.615595
vt 0.718297 0.615611
vt 0.774222 0.653315
vt 0.772073 0.650770
vt 0.772244 0.650599
vt 0.774309 0.653106
vt 0.777154 0.653139
vt 0.777148 0.653389
vt 0.573646 0.533343
vt 0.573587 0.533343
vt 0.573687 0.415605
vt 0.573745 0.415605
vt 0.616988 0.410917
vt 0.616936 0.410896
vt 0.616734 0.206049
vt 0.573634 0.533547
vt 0.573583 0.533514
vt 0.620539 0.409749
vt 0.620468 0.409747
vt 0.620439 0.207279
vt 0.620538 0.207277
vt 0.740138 0.413953
vt 0.740191 0.413921
vt 0.740173 0.532358
vt 0.740116 0.532323
vt 0.617678 0.206052
vt 0.617729 0.206073
vt 0.617862 0.410941
vt 0.738242 0.415130
vt 0.738225 0.531146
vt 0.376407 0.168218
vt 0.376671 0.375089
vt 0.745078 0.413893
vt 0.745078 0.532370
vt 0.744189 0.532367
vt 0.744189 0.413896
vt 0.576369 0.415603
vt 0.576359 0.415369
vt 0.577250 0.415356
vt 0.577253 0.415601
vt 0.383201 0.167078
vt 0.383201 0.376384
vt 0.382285 0.376384
vt 0.382281 0.167078
vt 0.739017 0.415055
vt 0.738994 0.531220
vt 0.572333 0.415653
vt 0.572385 0.415621
vt 0.572259 0.533323
vt 0.572203 0.533291
vt 0.620369 0.409813
vt 0.619247 0.410934
vt 0.619244 0.206110
vt 0.620365 0.207230
vt 0.377377 0.375138
vt 0.619173 0.410988
vt 0.619103 0.206008
vt 0.614353 0.410957
vt 0.614350 0.205956
vt 0.615247 0.205956
vt 0.615248 0.410957
vt 0.774324 0.324397
vt 0.772258 0.321890
vt 0.772259 0.208745
vt 0.774324 0.206238
vt 0.561442 0.415696
vt 0.561897 0.415713
vt 0.561861 0.614078
vt 0.561417 0.614095
vt 0.811099 0.413419
vt 0.809181 0.415752
vt 0.809047 0.415579
vt 0.810930 0.413248
vt 0.564741 0.616361
vt 0.564564 0.616185
vt 0.564566 0.413626
vt 0.564764 0.413429
vt 0.745075 0.532616
vt 0.744179 0.532603
vt 0.721618 0.617876
vt 0.721440 0.617699
vt 0.721469 0.414543
vt 0.721641 0.414372
vt 0.577253 0.533362
vt 0.576360 0.533358
vt 0.738791 0.531372
vt 0.738223 0.531367
vt 0.570446 0.416599
vt 0.571012 0.416595
vt 0.570282 0.532338
vt 0.570862 0.532346
vt 0.738240 0.414908
vt 0.738810 0.414902
vt 0.740117 0.532583
vt 0.739989 0.532523
vt 0.572206 0.415455
vt 0.572332 0.415398
vt 0.572077 0.533491
vt 0.572204 0.533549
vt 0.740011 0.413754
vt 0.740137 0.413697
vt 0.738819 0.531376
vt 0.738854 0.531409
vt 0.738876 0.414866
vt 0.738840 0.414899
vt 0.570938 0.532384
vt 0.570897 0.532351
vt 0.571078 0.416559
vt 0.571043 0.416591
vt 0.741116 0.532368
vt 0.741118 0.532615
vt 0.743780 0.413701
vt 0.743827 0.413734
vt 0.743824 0.413897
vt 0.743770 0.413900
vt 0.741132 0.413665
vt 0.741132 0.413910
vt 0.573354 0.533513
vt 0.573355 0.533341
vt 0.621155 0.409749
vt 0.621155 0.207276
vt 0.574609 0.533346
vt 0.574671 0.533348
vt 0.574672 0.533518
vt 0.574620 0.533551
vt 0.575918 0.533353
vt 0.575981 0.533355
vt 0.575982 0.533524
vt 0.575931 0.533556
vt 0.743691 0.413664
vt 0.743685 0.413900
vt 0.742910 0.413901
vt 0.742903 0.413665
vt 0.382196 0.376358
vt 0.382144 0.376336
vt 0.382209 0.167099
vt 0.379393 0.167043
vt 0.379445 0.167065
vt 0.379607 0.376242
vt 0.379504 0.376284
vt 0.573826 0.415606
vt 0.573819 0.415371
vt 0.574604 0.415371
vt 0.574598 0.415607
vt 0.575098 0.415606
vt 0.575091 0.415370
vt 0.575876 0.415370
vt 0.575870 0.415606
vt 0.811345 0.531874
vt 0.811176 0.532057
vt 0.810989 0.531878
vt 0.811164 0.531697
vt 0.743692 0.532367
vt 0.743697 0.532602
vt 0.742910 0.532603
vt 0.742916 0.532367
vt 0.743826 0.532369
vt 0.743768 0.532369
vt 0.741217 0.413907
vt 0.741272 0.413904
vt 0.741265 0.532370
vt 0.741207 0.532369
vt 0.742822 0.532565
vt 0.742774 0.532533
vt 0.742777 0.532369
vt 0.742832 0.532367
vt 0.742408 0.532368
vt 0.742416 0.532606
vt 0.741625 0.532607
vt 0.741631 0.532369
vt 0.741536 0.532569
vt 0.741488 0.532537
vt 0.741491 0.532371
vt 0.741546 0.532370
vt 0.381934 0.167077
vt 0.381986 0.167099
vt 0.381915 0.376336
vt 0.742414 0.413667
vt 0.742407 0.413904
vt 0.741631 0.413904
vt 0.741626 0.413668
vt 0.380663 0.167060
vt 0.380716 0.167081
vt 0.380767 0.376288
vt 0.573408 0.415608
vt 0.573462 0.415606
vt 0.573292 0.533339
vt 0.573416 0.415407
vt 0.573465 0.415440
vt 0.615640 0.410942
vt 0.615589 0.410921
vt 0.615586 0.206003
vt 0.576271 0.533356
vt 0.576212 0.533356
vt 0.576230 0.415603
vt 0.576288 0.415602
vt 0.574962 0.533350
vt 0.574903 0.533350
vt 0.574959 0.415605
vt 0.575017 0.415604
vt 0.573684 0.415441
vt 0.573731 0.415409
vt 0.573726 0.533586
vt 0.573736 0.533344
vt 0.574517 0.533346
vt 0.574526 0.533588
vt 0.574956 0.415441
vt 0.575003 0.415409
vt 0.742829 0.413901
vt 0.742771 0.413901
vt 0.742767 0.413736
vt 0.742815 0.413703
vt 0.573324 0.415367
vt 0.573324 0.415611
vt 0.744107 0.413896
vt 0.744049 0.413897
vt 0.744044 0.413733
vt 0.744092 0.413699
vt 0.381845 0.167051
vt 0.381113 0.376336
vt 0.381040 0.167051
vt 0.741267 0.532540
vt 0.741215 0.532575
vt 0.576226 0.415441
vt 0.576272 0.415408
vt 0.774237 0.324605
vt 0.777169 0.324429
vt 0.777162 0.324679
vt 0.618132 0.410963
vt 0.618080 0.410941
vt 0.617953 0.206073
vt 0.618023 0.206044
vt 0.617074 0.410943
vt 0.616805 0.206028
vt 0.617591 0.206027
vt 0.576258 0.533559
vt 0.576208 0.533525
vt 0.742491 0.413902
vt 0.742546 0.413901
vt 0.742552 0.532368
vt 0.742494 0.532367
vt 0.618219 0.410988
vt 0.618146 0.206008
vt 0.742555 0.532534
vt 0.742506 0.532568
vt 0.379876 0.376263
vt 0.379823 0.376242
vt 0.379668 0.167065
vt 0.615727 0.410968
vt 0.616372 0.206002
vt 0.616518 0.410967
vt 0.811168 0.413365
vt 0.811349 0.413189
vt 0.810996 0.413185
vt 0.811181 0.413009
vt 0.616459 0.206028
vt 0.616510 0.206049
vt 0.616718 0.410896
vt 0.616618 0.410938
vt 0.575953 0.415605
vt 0.576007 0.415603
vt 0.744092 0.532565
vt 0.744045 0.532532
vt 0.744050 0.532369
vt 0.744104 0.532367
vt 0.574899 0.533520
vt 0.742549 0.413737
vt 0.741274 0.413738
vt 0.741493 0.413738
vt 0.741497 0.413903
vt 0.574736 0.415604
vt 0.574739 0.415442
vt 0.576011 0.415441
vt 0.743830 0.532531
vt 0.380938 0.167081
vt 0.380971 0.376288
vt 0.615371 0.410921
vt 0.615386 0.206003
vt 0.801353 0.774886
vt 0.801171 0.774709
vt 0.801179 0.656338
vt 0.801356 0.656165
vt 0.801183 0.775069
vt 0.800996 0.774890
vt 0.575964 0.415409
vt 0.575832 0.533352
vt 0.575051 0.533350
vt 0.741555 0.413901
vt 0.741540 0.413706
vt 0.573205 0.533336
vt 0.573205 0.533584
vt 0.742502 0.413706
vt 0.380574 0.167034
vt 0.379964 0.376289
vt 0.379770 0.167035
vt 0.574692 0.415410
vt 0.574681 0.415605
vt 0.573300 0.533547
vt 0.575041 0.533591
vt 0.575839 0.533593
vt 0.741225 0.413704
vt 0.381024 0.376310
vt 0.576348 0.533597
vt 0.577250 0.533610
vt 0.615334 0.205981
vt 0.574949 0.533552
vt 0.801009 0.656159
vt 0.801192 0.655987
vt 0.379304 0.167017
vt 0.743783 0.532564
vt 0.744179 0.413660
vt 0.810922 0.531814
vt 0.811092 0.531641
vt 0.801111 0.656392
vt 0.800943 0.656221
vt 0.800930 0.774826
vt 0.801099 0.774653
vt 0.811245 0.532121
vt 0.811420 0.531930
vt 0.801428 0.656112
vt 0.801260 0.655925
vt 0.801253 0.775133
vt 0.801428 0.774942
vt 0.811420 0.413135
vt 0.811250 0.412946
vt 0.721717 0.414324
vt 0.721717 0.617938
vt 0.721393 0.414590
vt 0.721341 0.617637
vt 0.564840 0.413382
vt 0.564840 0.616423
vt 0.564491 0.413673
vt 0.564465 0.616124
vt 0.745075 0.413647
vt 0.180882 0.608036
vt 0.178362 0.605977
vt 0.178363 0.406555
vt 0.180883 0.404498
vt 0.774309 0.534948
vt 0.777154 0.534916
vt 0.183730 0.608061
vt 0.183730 0.404473
vt 0.777169 0.206206
vt 0.798473 0.772350
vt 0.798478 0.772148
vt 0.798926 0.772155
vt 0.798864 0.772361
vt 0.176312 0.608061
vt 0.176312 0.404473
vt 0.777162 0.205956
vt 0.774237 0.206030
vt 0.777148 0.534666
vt 0.774222 0.534740
vt 0.562135 0.614221
vt 0.562161 0.415575
vt 0.808864 0.415710
vt 0.808926 0.415916
vt 0.808478 0.415923
vt 0.808472 0.415721
vt 0.809040 0.529480
vt 0.809174 0.529307
vt 0.799191 0.658727
vt 0.799058 0.658553
vt 0.799047 0.772492
vt 0.799180 0.772319
vt 0.798874 0.658684
vt 0.798936 0.658891
vt 0.798488 0.658898
vt 0.798482 0.658696
vt 0.772088 0.208574
vt 0.808919 0.529144
vt 0.808472 0.529137
vt 0.772244 0.537455
vt 0.772073 0.537283
vt 0.772087 0.322061
vt 0.808466 0.529339
vt 0.808858 0.529350
vt 0.719057 0.416497
vt 0.719005 0.615729
vt 0.756040 0.536139
vt 0.756645 0.536129
vt 0.756636 0.652105
vt 0.756030 0.652094
vt 0.536579 0.206033
vt 0.536654 0.205980
vt 0.536602 0.411990
vt 0.535380 0.207159
vt 0.535451 0.207161
vt 0.535401 0.410814
vt 0.535301 0.410816
vt 0.756811 0.652170
vt 0.756722 0.652120
vt 0.756727 0.536114
vt 0.756814 0.536065
vt 0.136370 0.608044
vt 0.133849 0.605985
vt 0.133851 0.406555
vt 0.136371 0.404498
vt 0.747747 0.536138
vt 0.747828 0.536122
vt 0.747804 0.652188
vt 0.747729 0.652173
vt 0.587859 0.416031
vt 0.588314 0.416047
vt 0.588297 0.614437
vt 0.587838 0.614454
vt 0.751045 0.774332
vt 0.748896 0.771787
vt 0.749067 0.771616
vt 0.751132 0.774124
vt 0.753977 0.774156
vt 0.753971 0.774406
vt 0.759347 0.653319
vt 0.759292 0.653320
vt 0.759296 0.534916
vt 0.759354 0.534917
vt 0.521258 0.205986
vt 0.521310 0.206007
vt 0.521323 0.413424
vt 0.759336 0.653518
vt 0.759288 0.653486
vt 0.517661 0.207145
vt 0.517733 0.207147
vt 0.517915 0.412221
vt 0.517815 0.412224
vt 0.749037 0.534972
vt 0.749089 0.534939
vt 0.749072 0.653374
vt 0.749015 0.653340
vt 0.520440 0.413399
vt 0.520387 0.413377
vt 0.520275 0.206003
vt 0.520376 0.205961
vt 0.747141 0.536148
vt 0.747124 0.652162
vt 0.534760 0.207158
vt 0.534676 0.410817
vt 0.753977 0.534912
vt 0.753977 0.653387
vt 0.753088 0.653384
vt 0.753088 0.534915
vt 0.761994 0.534914
vt 0.761985 0.534679
vt 0.762880 0.534666
vt 0.762883 0.534912
vt 0.541486 0.206021
vt 0.541486 0.412002
vt 0.540585 0.412002
vt 0.540581 0.206021
vt 0.747915 0.536074
vt 0.747893 0.652237
vt 0.757935 0.534964
vt 0.757987 0.534932
vt 0.757984 0.653304
vt 0.757932 0.653273
vt 0.518868 0.206011
vt 0.519121 0.413399
vt 0.517989 0.412271
vt 0.535451 0.207161
vt 0.535475 0.410864
vt 0.518943 0.205957
vt 0.523837 0.205982
vt 0.523837 0.413489
vt 0.522929 0.413489
vt 0.522931 0.205982
vt 0.607753 0.532091
vt 0.605684 0.529582
vt 0.605695 0.416504
vt 0.607759 0.413998
vt 0.696580 0.208267
vt 0.697039 0.208284
vt 0.697077 0.408417
vt 0.696624 0.408434
vt 0.808998 0.206429
vt 0.807080 0.208762
vt 0.806946 0.208589
vt 0.808829 0.206257
vt 0.699983 0.410719
vt 0.699804 0.410541
vt 0.699733 0.206176
vt 0.699906 0.206004
vt 0.753974 0.653633
vt 0.753078 0.653620
vt 0.591159 0.616711
vt 0.590982 0.616535
vt 0.590984 0.413960
vt 0.591182 0.413763
vt 0.762883 0.653323
vt 0.761994 0.653320
vt 0.747690 0.652389
vt 0.747122 0.652383
vt 0.756038 0.535917
vt 0.756608 0.535912
vt 0.756027 0.652317
vt 0.756600 0.652323
vt 0.747139 0.535927
vt 0.747709 0.535921
vt 0.749016 0.653599
vt 0.748888 0.653540
vt 0.757808 0.534766
vt 0.757934 0.534708
vt 0.757805 0.653471
vt 0.757931 0.653528
vt 0.748910 0.534773
vt 0.749036 0.534715
vt 0.747718 0.652392
vt 0.747753 0.652425
vt 0.747775 0.535885
vt 0.747739 0.535917
vt 0.756670 0.652360
vt 0.756632 0.652327
vt 0.756674 0.535876
vt 0.756638 0.535909
vt 0.750015 0.653384
vt 0.750018 0.653632
vt 0.752679 0.534720
vt 0.752726 0.534753
vt 0.752723 0.534917
vt 0.752669 0.534919
vt 0.750031 0.534684
vt 0.750031 0.534929
vt 0.759069 0.653486
vt 0.759067 0.653319
vt 0.517038 0.207145
vt 0.517197 0.412225
vt 0.760294 0.653318
vt 0.760352 0.653319
vt 0.760354 0.653484
vt 0.760305 0.653518
vt 0.761573 0.653320
vt 0.761631 0.653320
vt 0.761634 0.653484
vt 0.761586 0.653517
vt 0.752590 0.534683
vt 0.752584 0.534919
vt 0.751809 0.534920
vt 0.751802 0.534684
vt 0.540497 0.411976
vt 0.540446 0.411955
vt 0.537708 0.206006
vt 0.537760 0.206027
vt 0.537765 0.411919
vt 0.537664 0.411960
vt 0.759436 0.534917
vt 0.759430 0.534680
vt 0.760219 0.534681
vt 0.760212 0.534918
vt 0.760715 0.534917
vt 0.760708 0.534681
vt 0.761497 0.534681
vt 0.761491 0.534917
vt 0.809244 0.324882
vt 0.809075 0.325065
vt 0.808888 0.324886
vt 0.809063 0.324706
vt 0.752591 0.653384
vt 0.752596 0.653619
vt 0.751809 0.653620
vt 0.751815 0.653383
vt 0.752725 0.653386
vt 0.752667 0.653387
vt 0.750116 0.534925
vt 0.750171 0.534923
vt 0.750165 0.653388
vt 0.750107 0.653385
vt 0.751721 0.653583
vt 0.751673 0.653550
vt 0.751676 0.653386
vt 0.751731 0.653384
vt 0.751307 0.653386
vt 0.751315 0.653623
vt 0.750524 0.653624
vt 0.750530 0.653386
vt 0.750435 0.653587
vt 0.750387 0.653554
vt 0.750390 0.653388
vt 0.750445 0.653386
vt 0.540310 0.205999
vt 0.540362 0.206021
vt 0.540245 0.411955
vt 0.540173 0.411984
vt 0.751312 0.534687
vt 0.751306 0.534923
vt 0.750530 0.534923
vt 0.750525 0.534687
vt 0.539059 0.205982
vt 0.539111 0.206003
vt 0.539019 0.411937
vt 0.539019 0.411937
vt 0.759016 0.534919
vt 0.759071 0.534917
vt 0.759009 0.653319
vt 0.759024 0.534717
vt 0.759074 0.534750
vt 0.522534 0.205997
vt 0.522587 0.206018
vt 0.522587 0.413441
vt 0.761910 0.653321
vt 0.761855 0.653321
vt 0.761854 0.534915
vt 0.761913 0.534914
vt 0.760631 0.653319
vt 0.760577 0.653320
vt 0.760575 0.534916
vt 0.760633 0.534916
vt 0.759293 0.534751
vt 0.759342 0.534718
vt 0.759425 0.653556
vt 0.759431 0.653319
vt 0.760207 0.653319
vt 0.760215 0.653556
vt 0.760572 0.534752
vt 0.760619 0.534720
vt 0.751728 0.534920
vt 0.751670 0.534920
vt 0.751666 0.534755
vt 0.751714 0.534722
vt 0.758931 0.534677
vt 0.758931 0.534922
vt 0.753006 0.534915
vt 0.752948 0.534916
vt 0.752943 0.534752
vt 0.752990 0.534720
vt 0.540223 0.205974
vt 0.539383 0.411984
vt 0.539431 0.205974
vt 0.750166 0.653556
vt 0.750115 0.653592
vt 0.761850 0.534751
vt 0.761898 0.534718
vt 0.607666 0.532300
vt 0.610602 0.532126
vt 0.610596 0.532377
vt 0.520002 0.205982
vt 0.520054 0.206003
vt 0.520161 0.413377
vt 0.521170 0.205960
vt 0.521323 0.413424
vt 0.520527 0.413424
vt 0.761897 0.653516
vt 0.761850 0.653484
vt 0.751390 0.534922
vt 0.751445 0.534920
vt 0.751451 0.653385
vt 0.751393 0.653385
vt 0.519914 0.205956
vt 0.520090 0.413398
vt 0.751454 0.653551
vt 0.751405 0.653585
vt 0.538041 0.411940
vt 0.537990 0.411919
vt 0.537979 0.206027
vt 0.538080 0.205985
vt 0.522447 0.205971
vt 0.522486 0.413471
vt 0.521690 0.413471
vt 0.521655 0.205971
vt 0.809067 0.206375
vt 0.809248 0.206199
vt 0.808895 0.206195
vt 0.809080 0.206018
vt 0.521602 0.413445
vt 0.521550 0.413424
vt 0.521531 0.206007
vt 0.521531 0.206007
vt 0.761575 0.534917
vt 0.761630 0.534915
vt 0.752991 0.653581
vt 0.752944 0.653549
vt 0.752949 0.653386
vt 0.753003 0.653385
vt 0.760573 0.653484
vt 0.751448 0.534756
vt 0.750173 0.534757
vt 0.750392 0.534757
vt 0.750396 0.534922
vt 0.760351 0.534916
vt 0.760355 0.534752
vt 0.761633 0.534751
vt 0.752729 0.653548
vt 0.539330 0.206003
vt 0.539244 0.411937
vt 0.522807 0.206018
vt 0.522790 0.413441
vt 0.801343 0.531908
vt 0.801162 0.531731
vt 0.801170 0.413359
vt 0.801347 0.413186
vt 0.801173 0.532091
vt 0.800987 0.531912
vt 0.761585 0.534718
vt 0.761491 0.653319
vt 0.760716 0.653318
vt 0.750454 0.534921
vt 0.750439 0.534725
vt 0.758926 0.653315
vt 0.758926 0.653559
vt 0.751400 0.534725
vt 0.538972 0.205956
vt 0.538919 0.411966
vt 0.538129 0.411966
vt 0.538180 0.205956
vt 0.760307 0.534719
vt 0.760296 0.534917
vt 0.759019 0.653520
vt 0.760709 0.653555
vt 0.761498 0.653555
vt 0.750124 0.534724
vt 0.539296 0.411958
vt 0.539330 0.206003
vt 0.761984 0.653556
vt 0.762880 0.653570
vt 0.522842 0.413463
vt 0.760620 0.653516
vt 0.800999 0.413181
vt 0.801182 0.413008
vt 0.537621 0.205980
vt 0.537564 0.411990
vt 0.752682 0.653580
vt 0.753078 0.534680
vt 0.808821 0.324823
vt 0.808991 0.324650
vt 0.801101 0.413413
vt 0.800933 0.413242
vt 0.800920 0.531848
vt 0.801089 0.531675
vt 0.809144 0.325130
vt 0.809319 0.324939
vt 0.801418 0.413133
vt 0.801251 0.412946
vt 0.801243 0.532155
vt 0.801418 0.531965
vt 0.809319 0.206145
vt 0.809149 0.205956
vt 0.591258 0.413715
vt 0.591258 0.616773
vt 0.590909 0.414007
vt 0.590883 0.616474
vt 0.699983 0.205956
vt 0.699657 0.206223
vt 0.699704 0.410479
vt 0.753974 0.534666
vt 0.158626 0.608035
vt 0.156106 0.605977
vt 0.156107 0.406555
vt 0.158627 0.404498
vt 0.751132 0.655966
vt 0.753977 0.655933
vt 0.161474 0.608060
vt 0.161474 0.404473
vt 0.610602 0.413966
vt 0.798463 0.529372
vt 0.798468 0.529170
vt 0.798916 0.529177
vt 0.798854 0.529383
vt 0.139218 0.608069
vt 0.139218 0.404473
vt 0.610596 0.413716
vt 0.607672 0.413790
vt 0.753971 0.655683
vt 0.751046 0.655758
vt 0.697354 0.408561
vt 0.697305 0.208145
vt 0.806763 0.208719
vt 0.806824 0.208926
vt 0.806377 0.208933
vt 0.806371 0.208731
vt 0.806939 0.322489
vt 0.807073 0.322316
vt 0.799182 0.415748
vt 0.799048 0.415574
vt 0.799037 0.529514
vt 0.799170 0.529341
vt 0.798865 0.415705
vt 0.798926 0.415912
vt 0.798478 0.415919
vt 0.798473 0.415716
vt 0.605524 0.416332
vt 0.806818 0.322152
vt 0.806371 0.322145
vt 0.749068 0.658473
vt 0.748896 0.658301
vt 0.605513 0.529754
vt 0.806365 0.322347
vt 0.806757 0.322359
vt 0.588578 0.415910
vt 0.588554 0.614571
vt 0.693112 0.622700
vt 0.693718 0.622690
vt 0.693688 0.738666
vt 0.693083 0.738655
vt 0.457894 0.360206
vt 0.457968 0.360152
vt 0.457810 0.565520
vt 0.456598 0.361393
vt 0.456670 0.361395
vt 0.456613 0.564348
vt 0.456543 0.564350
vt 0.693864 0.738731
vt 0.693775 0.738681
vt 0.693800 0.622674
vt 0.693887 0.622626
vt 0.616871 0.616593
vt 0.614350 0.614535
vt 0.614351 0.415120
vt 0.616870 0.413063
vt 0.738864 0.207420
vt 0.738946 0.207405
vt 0.738921 0.323463
vt 0.738846 0.323448
vt 0.718344 0.208266
vt 0.718800 0.208283
vt 0.718798 0.407381
vt 0.718342 0.407398
vt 0.774212 0.532085
vt 0.772063 0.529541
vt 0.772234 0.529369
vt 0.774299 0.531877
vt 0.777144 0.531909
vt 0.777138 0.532159
vt 0.696410 0.739878
vt 0.696355 0.739878
vt 0.696366 0.621475
vt 0.696424 0.621474
vt 0.609608 0.206027
vt 0.609660 0.206048
vt 0.609874 0.411572
vt 0.609874 0.411572
vt 0.696399 0.740076
vt 0.696352 0.740044
vt 0.606147 0.207133
vt 0.606219 0.207135
vt 0.606191 0.410403
vt 0.606121 0.410405
vt 0.740154 0.206254
vt 0.740207 0.206222
vt 0.740189 0.324651
vt 0.740133 0.324615
vt 0.608898 0.411577
vt 0.608846 0.411556
vt 0.608734 0.206003
vt 0.738259 0.207431
vt 0.738242 0.323437
vt 0.455981 0.361392
vt 0.455932 0.564350
vt 0.745095 0.206202
vt 0.745095 0.324671
vt 0.744206 0.324668
vt 0.744206 0.206204
vt 0.699058 0.621469
vt 0.699049 0.621234
vt 0.699943 0.621220
vt 0.699946 0.621466
vt 0.462747 0.360213
vt 0.462747 0.565528
vt 0.461849 0.565528
vt 0.461850 0.360213
vt 0.739033 0.207356
vt 0.739011 0.323512
vt 0.695007 0.621524
vt 0.695060 0.621492
vt 0.695036 0.739865
vt 0.694985 0.739834
vt 0.607344 0.206010
vt 0.607390 0.411576
vt 0.606265 0.410453
vt 0.456769 0.361329
vt 0.456687 0.564397
vt 0.607418 0.205956
vt 0.607461 0.411627
vt 0.612300 0.205960
vt 0.612300 0.411665
vt 0.611400 0.411665
vt 0.611399 0.205961
vt 0.767174 0.653040
vt 0.765104 0.650531
vt 0.765115 0.537453
vt 0.767179 0.534948
vt 0.680154 0.416641
vt 0.680615 0.416658
vt 0.680695 0.617569
vt 0.680240 0.617586
vt 0.798999 0.206423
vt 0.797080 0.208757
vt 0.796946 0.208584
vt 0.798831 0.206251
vt 0.683565 0.619853
vt 0.683386 0.619674
vt 0.683315 0.414545
vt 0.683488 0.414372
vt 0.745092 0.324917
vt 0.744196 0.324903
vt 0.721670 0.409663
vt 0.721493 0.409486
vt 0.721479 0.206189
vt 0.721665 0.206004
vt 0.699946 0.739876
vt 0.699058 0.739874
vt 0.738807 0.323663
vt 0.738240 0.323658
vt 0.693111 0.622479
vt 0.693680 0.622473
vt 0.693081 0.738878
vt 0.693652 0.738884
vt 0.738257 0.207209
vt 0.738827 0.207203
vt 0.740134 0.324875
vt 0.740006 0.324816
vt 0.694880 0.621326
vt 0.695006 0.621268
vt 0.694857 0.740033
vt 0.694983 0.740091
vt 0.740027 0.206055
vt 0.740154 0.205997
vt 0.738836 0.323667
vt 0.738871 0.323701
vt 0.738893 0.207167
vt 0.738857 0.207200
vt 0.693722 0.738921
vt 0.693684 0.738888
vt 0.693747 0.622437
vt 0.693711 0.622470
vt 0.741133 0.324661
vt 0.741135 0.324908
vt 0.743797 0.206009
vt 0.743845 0.206041
vt 0.743841 0.206205
vt 0.743787 0.206207
vt 0.741149 0.205967
vt 0.741149 0.206212
vt 0.696130 0.740047
vt 0.696129 0.739877
vt 0.605529 0.207132
vt 0.605513 0.410405
vt 0.697357 0.739876
vt 0.697415 0.739876
vt 0.697418 0.740040
vt 0.697370 0.740074
vt 0.698635 0.739874
vt 0.698693 0.739874
vt 0.698697 0.740039
vt 0.698648 0.740071
vt 0.743709 0.205971
vt 0.743702 0.206207
vt 0.742927 0.206207
vt 0.742921 0.205971
vt 0.461762 0.565502
vt 0.461710 0.565481
vt 0.461779 0.360234
vt 0.459017 0.360178
vt 0.459068 0.360200
vt 0.459033 0.565429
vt 0.458910 0.565480
vt 0.696506 0.621475
vt 0.696499 0.621239
vt 0.697289 0.621238
vt 0.697282 0.621475
vt 0.697785 0.621473
vt 0.697778 0.621236
vt 0.698567 0.621235
vt 0.698560 0.621472
vt 0.799241 0.324917
vt 0.799071 0.325100
vt 0.798885 0.324921
vt 0.799060 0.324740
vt 0.743709 0.324665
vt 0.743713 0.324900
vt 0.742926 0.324900
vt 0.742933 0.324664
vt 0.743843 0.324667
vt 0.743784 0.324667
vt 0.741234 0.206210
vt 0.741288 0.206207
vt 0.741282 0.324664
vt 0.741224 0.324661
vt 0.742838 0.324862
vt 0.742790 0.324830
vt 0.742794 0.324665
vt 0.742849 0.324664
vt 0.742425 0.324664
vt 0.742433 0.324902
vt 0.741642 0.324902
vt 0.741648 0.324664
vt 0.741553 0.324863
vt 0.741505 0.324832
vt 0.741509 0.324665
vt 0.741564 0.324665
vt 0.461510 0.360213
vt 0.461561 0.360234
vt 0.461475 0.565481
vt 0.742431 0.205972
vt 0.742424 0.206209
vt 0.741648 0.206208
vt 0.741644 0.205973
vt 0.460260 0.360196
vt 0.460312 0.360217
vt 0.460325 0.565434
vt 0.696086 0.621479
vt 0.696141 0.621476
vt 0.696071 0.739875
vt 0.696093 0.621275
vt 0.696143 0.621309
vt 0.610957 0.206002
vt 0.611009 0.206023
vt 0.611037 0.411618
vt 0.698973 0.739873
vt 0.698918 0.739874
vt 0.698923 0.621468
vt 0.698981 0.621466
vt 0.697694 0.739875
vt 0.697639 0.739876
vt 0.697645 0.621471
vt 0.697703 0.621471
vt 0.696363 0.621310
vt 0.696411 0.621278
vt 0.696488 0.740114
vt 0.696494 0.739876
vt 0.697271 0.739875
vt 0.697279 0.740113
vt 0.697641 0.621308
vt 0.697689 0.621275
vt 0.742846 0.206207
vt 0.742788 0.206207
vt 0.742784 0.206042
vt 0.742833 0.206009
vt 0.696001 0.621237
vt 0.696001 0.621481
vt 0.744124 0.206204
vt 0.744066 0.206205
vt 0.744062 0.206041
vt 0.744110 0.206008
vt 0.461423 0.360187
vt 0.460688 0.565481
vt 0.460630 0.360188
vt 0.741283 0.324834
vt 0.741230 0.324869
vt 0.698918 0.621306
vt 0.698964 0.621274
vt 0.767087 0.653249
vt 0.770023 0.653076
vt 0.770016 0.653326
vt 0.608464 0.205981
vt 0.608515 0.206003
vt 0.608622 0.411556
vt 0.608522 0.411598
vt 0.609521 0.206002
vt 0.609774 0.411602
vt 0.608985 0.411603
vt 0.698961 0.740071
vt 0.698914 0.740038
vt 0.742509 0.206208
vt 0.742563 0.206206
vt 0.742570 0.324665
vt 0.742512 0.324664
vt 0.608377 0.205956
vt 0.608421 0.411627
vt 0.742572 0.324829
vt 0.742524 0.324863
vt 0.459309 0.565450
vt 0.459257 0.565429
vt 0.459287 0.360200
vt 0.459287 0.360200
vt 0.610870 0.205976
vt 0.610248 0.411619
vt 0.610079 0.205977
vt 0.799068 0.206369
vt 0.799245 0.206196
vt 0.798898 0.206190
vt 0.799081 0.206017
vt 0.610161 0.411594
vt 0.610109 0.411572
vt 0.609879 0.206048
vt 0.609979 0.206006
vt 0.698645 0.621471
vt 0.698699 0.621469
vt 0.744109 0.324864
vt 0.744062 0.324831
vt 0.744067 0.324668
vt 0.744122 0.324667
vt 0.697636 0.740040
vt 0.742567 0.206043
vt 0.741291 0.206040
vt 0.741510 0.206042
vt 0.741514 0.206206
vt 0.697421 0.621472
vt 0.697425 0.621309
vt 0.698702 0.621306
vt 0.743846 0.324830
vt 0.460530 0.360217
vt 0.460549 0.565434
vt 0.611228 0.206023
vt 0.611261 0.411618
vt 0.794236 0.324918
vt 0.794055 0.324741
vt 0.794063 0.206369
vt 0.794240 0.206196
vt 0.794066 0.325101
vt 0.793880 0.324922
vt 0.698655 0.621273
vt 0.698554 0.739873
vt 0.697778 0.739873
vt 0.741572 0.206205
vt 0.741557 0.206011
vt 0.695979 0.739875
vt 0.695982 0.740122
vt 0.742520 0.206011
vt 0.460173 0.360170
vt 0.460183 0.565476
vt 0.459396 0.565476
vt 0.459387 0.360170
vt 0.697377 0.621277
vt 0.697366 0.621474
vt 0.696078 0.740083
vt 0.697771 0.740110
vt 0.698560 0.740110
vt 0.741241 0.206006
vt 0.460601 0.565456
vt 0.699048 0.740109
vt 0.699943 0.740122
vt 0.611313 0.411640
vt 0.611328 0.205981
vt 0.697683 0.740072
vt 0.793892 0.206190
vt 0.794075 0.206017
vt 0.458930 0.360153
vt 0.458769 0.565521
vt 0.743799 0.324863
vt 0.744197 0.205969
vt 0.798818 0.324857
vt 0.798987 0.324684
vt 0.793994 0.206423
vt 0.793826 0.206252
vt 0.793813 0.324858
vt 0.793982 0.324685
vt 0.799141 0.325165
vt 0.799316 0.324973
vt 0.794311 0.206143
vt 0.794144 0.205956
vt 0.794136 0.325165
vt 0.794311 0.324974
vt 0.799316 0.206143
vt 0.799149 0.205956
vt 0.721741 0.205956
vt 0.721741 0.409707
vt 0.721403 0.206235
vt 0.721393 0.409424
vt 0.683565 0.414324
vt 0.683238 0.414593
vt 0.683315 0.619630
vt 0.745092 0.205956
vt 0.151208 0.608038
vt 0.148687 0.605979
vt 0.148688 0.406554
vt 0.151206 0.404498
vt 0.774300 0.413719
vt 0.777144 0.413687
vt 0.154056 0.608063
vt 0.154056 0.404473
vt 0.770023 0.534916
vt 0.791356 0.322382
vt 0.791361 0.322180
vt 0.791809 0.322187
vt 0.791747 0.322393
vt 0.619719 0.616618
vt 0.619719 0.413038
vt 0.770016 0.534666
vt 0.767093 0.534740
vt 0.777138 0.413437
vt 0.774213 0.413511
vt 0.680955 0.617704
vt 0.680882 0.416519
vt 0.796763 0.208715
vt 0.796824 0.208921
vt 0.796377 0.208928
vt 0.796371 0.208726
vt 0.796935 0.322523
vt 0.797069 0.322350
vt 0.792075 0.208757
vt 0.791941 0.208584
vt 0.791930 0.322524
vt 0.792063 0.322350
vt 0.791758 0.208715
vt 0.791819 0.208922
vt 0.791371 0.208929
vt 0.791366 0.208726
vt 0.764944 0.537282
vt 0.796814 0.322186
vt 0.796367 0.322179
vt 0.772235 0.416226
vt 0.772064 0.416054
vt 0.764933 0.650703
vt 0.796361 0.322381
vt 0.796753 0.322392
vt 0.719065 0.208145
vt 0.719055 0.407515
vt 0.756051 0.207441
vt 0.756657 0.207430
vt 0.756652 0.323397
vt 0.756046 0.323386
vt 0.563379 0.206009
vt 0.563453 0.205956
vt 0.563295 0.411324
vt 0.562084 0.207197
vt 0.562155 0.207199
vt 0.562098 0.410152
vt 0.562028 0.410153
vt 0.756816 0.323461
vt 0.756727 0.323412
vt 0.756739 0.207416
vt 0.756832 0.207363
vt 0.630846 0.411610
vt 0.633366 0.413668
vt 0.633366 0.613083
vt 0.630848 0.615140
vt 0.677320 0.623370
vt 0.677402 0.623356
vt 0.677411 0.739457
vt 0.677336 0.739442
vt 0.723792 0.208266
vt 0.724249 0.208283
vt 0.724247 0.407380
vt 0.723791 0.407397
vt 0.789268 0.655513
vt 0.791417 0.658056
vt 0.791246 0.658228
vt 0.789181 0.655721
vt 0.786336 0.655689
vt 0.786342 0.655439
vt 0.759367 0.324611
vt 0.759312 0.324612
vt 0.759312 0.206212
vt 0.759370 0.206212
vt 0.591933 0.206027
vt 0.591985 0.206048
vt 0.592199 0.411572
vt 0.759357 0.324809
vt 0.759309 0.324778
vt 0.588472 0.207133
vt 0.588543 0.207135
vt 0.588516 0.410403
vt 0.588445 0.410405
vt 0.678615 0.622201
vt 0.678668 0.622168
vt 0.678674 0.740640
vt 0.678622 0.740609
vt 0.591223 0.411577
vt 0.591171 0.411556
vt 0.591059 0.206003
vt 0.591059 0.206003
vt 0.676713 0.623381
vt 0.676732 0.739431
vt 0.561466 0.207196
vt 0.561417 0.410154
vt 0.683565 0.622149
vt 0.683565 0.740664
vt 0.682676 0.740661
vt 0.682676 0.622151
vt 0.762009 0.206207
vt 0.761996 0.205969
vt 0.762894 0.205956
vt 0.762898 0.206203
vt 0.568232 0.206017
vt 0.568232 0.411332
vt 0.567334 0.411332
vt 0.567336 0.206017
vt 0.677494 0.623304
vt 0.677501 0.739506
vt 0.757952 0.206262
vt 0.758005 0.206229
vt 0.757993 0.324598
vt 0.757937 0.324563
vt 0.589669 0.206010
vt 0.589715 0.411576
vt 0.588590 0.410453
vt 0.562254 0.207132
vt 0.562172 0.410201
vt 0.589743 0.205956
vt 0.589786 0.411627
vt 0.594625 0.205960
vt 0.594625 0.411665
vt 0.593725 0.411665
vt 0.593724 0.205960
vt 0.781431 0.531877
vt 0.779366 0.529369
vt 0.779366 0.416226
vt 0.781431 0.413719
vt 0.674693 0.416641
vt 0.675153 0.416658
vt 0.675234 0.617568
vt 0.674779 0.617585
vt 0.811108 0.535133
vt 0.809188 0.537470
vt 0.809054 0.537296
vt 0.810940 0.534962
vt 0.678104 0.619852
vt 0.677925 0.619673
vt 0.677854 0.414545
vt 0.678027 0.414372
vt 0.683561 0.740910
vt 0.682666 0.740897
vt 0.727119 0.409662
vt 0.726941 0.409485
vt 0.726928 0.206189
vt 0.727113 0.206004
vt 0.762898 0.324610
vt 0.762009 0.324607
vt 0.677297 0.739658
vt 0.676730 0.739652
vt 0.756049 0.207219
vt 0.756620 0.207212
vt 0.756044 0.323607
vt 0.756613 0.323613
vt 0.676711 0.623159
vt 0.677283 0.623152
vt 0.678621 0.740865
vt 0.678495 0.740807
vt 0.757825 0.206063
vt 0.757951 0.206005
vt 0.757810 0.324764
vt 0.757938 0.324823
vt 0.678488 0.622002
vt 0.678615 0.621944
vt 0.677326 0.739661
vt 0.677361 0.739695
vt 0.677352 0.623114
vt 0.677314 0.623147
vt 0.756676 0.323650
vt 0.756641 0.323616
vt 0.756689 0.207174
vt 0.756651 0.207207
vt 0.679617 0.740651
vt 0.679617 0.740896
vt 0.682266 0.621955
vt 0.682314 0.621988
vt 0.682311 0.622151
vt 0.682256 0.622154
vt 0.679610 0.621913
vt 0.679611 0.622158
vt 0.759087 0.324780
vt 0.759086 0.324611
vt 0.587854 0.207132
vt 0.587838 0.410405
vt 0.760309 0.324611
vt 0.760367 0.324610
vt 0.760370 0.324774
vt 0.760323 0.324806
vt 0.761587 0.324609
vt 0.761645 0.324608
vt 0.761648 0.324772
vt 0.761600 0.324804
vt 0.682178 0.621917
vt 0.682172 0.622154
vt 0.681396 0.622154
vt 0.681390 0.621917
vt 0.567247 0.411306
vt 0.567195 0.411285
vt 0.567265 0.206038
vt 0.564502 0.205982
vt 0.564554 0.206004
vt 0.564519 0.411233
vt 0.564396 0.411283
vt 0.759451 0.206212
vt 0.759445 0.205975
vt 0.760233 0.205975
vt 0.760226 0.206212
vt 0.760719 0.206213
vt 0.760714 0.205977
vt 0.761501 0.205976
vt 0.761495 0.206212
vt 0.811357 0.653711
vt 0.811189 0.653891
vt 0.811003 0.653714
vt 0.811177 0.653534
vt 0.682178 0.740658
vt 0.682183 0.740893
vt 0.681395 0.740894
vt 0.681402 0.740657
vt 0.682312 0.740661
vt 0.682254 0.740661
vt 0.679695 0.622156
vt 0.679750 0.622153
vt 0.679757 0.740656
vt 0.679699 0.740654
vt 0.681307 0.740856
vt 0.681258 0.740824
vt 0.681263 0.740658
vt 0.681317 0.740657
vt 0.680898 0.740656
vt 0.680902 0.740892
vt 0.680114 0.740892
vt 0.680121 0.740655
vt 0.680026 0.740853
vt 0.679979 0.740821
vt 0.679982 0.740657
vt 0.680037 0.740656
vt 0.566995 0.206017
vt 0.567046 0.206038
vt 0.566960 0.411285
vt 0.680899 0.621917
vt 0.680893 0.622154
vt 0.680116 0.622154
vt 0.680110 0.621917
vt 0.565745 0.205999
vt 0.565797 0.206021
vt 0.565810 0.411238
vt 0.759031 0.206216
vt 0.759086 0.206213
vt 0.759028 0.324608
vt 0.759038 0.206012
vt 0.759088 0.206046
vt 0.593282 0.206002
vt 0.593334 0.206023
vt 0.593362 0.411618
vt 0.761924 0.324607
vt 0.761870 0.324608
vt 0.761860 0.206210
vt 0.761918 0.206210
vt 0.760645 0.324608
vt 0.760591 0.324610
vt 0.760588 0.206207
vt 0.760637 0.206210
vt 0.759308 0.206046
vt 0.759357 0.206013
vt 0.759445 0.324847
vt 0.759451 0.324609
vt 0.760227 0.324609
vt 0.760234 0.324846
vt 0.760583 0.206047
vt 0.760628 0.206016
vt 0.681315 0.622153
vt 0.681257 0.622153
vt 0.681254 0.621988
vt 0.681302 0.621955
vt 0.758946 0.205974
vt 0.758946 0.206219
vt 0.682594 0.622151
vt 0.682536 0.622151
vt 0.682531 0.621987
vt 0.682579 0.621954
vt 0.566908 0.205991
vt 0.566173 0.411285
vt 0.566115 0.205991
vt 0.679759 0.740823
vt 0.679709 0.740857
vt 0.761856 0.206043
vt 0.761906 0.206009
vt 0.781344 0.532085
vt 0.784276 0.531909
vt 0.784270 0.532159
vt 0.590789 0.205981
vt 0.590840 0.206003
vt 0.590947 0.411556
vt 0.590846 0.411598
vt 0.591846 0.206002
vt 0.592098 0.411602
vt 0.591310 0.411603
vt 0.761912 0.324804
vt 0.761865 0.324772
vt 0.680977 0.622154
vt 0.681032 0.622153
vt 0.681032 0.740658
vt 0.680974 0.740658
vt 0.590701 0.205956
vt 0.590746 0.411627
vt 0.681036 0.740823
vt 0.680989 0.740855
vt 0.564794 0.411254
vt 0.564743 0.411233
vt 0.564772 0.206004
vt 0.593195 0.205976
vt 0.592573 0.411619
vt 0.592404 0.205977
vt 0.811177 0.535079
vt 0.811354 0.534906
vt 0.811007 0.534901
vt 0.811190 0.534728
vt 0.592486 0.411594
vt 0.592434 0.411572
vt 0.592204 0.206048
vt 0.592304 0.206006
vt 0.761579 0.206212
vt 0.761634 0.206210
vt 0.682579 0.740857
vt 0.682531 0.740825
vt 0.682536 0.740661
vt 0.682591 0.740660
vt 0.760587 0.324773
vt 0.681035 0.621988
vt 0.679753 0.621986
vt 0.679973 0.621987
vt 0.679976 0.622153
vt 0.760364 0.206208
vt 0.760368 0.206047
vt 0.761637 0.206045
vt 0.682315 0.740823
vt 0.566015 0.206021
vt 0.566034 0.411238
vt 0.593553 0.206023
vt 0.593586 0.411618
vt 0.796338 0.531909
vt 0.796156 0.531732
vt 0.796164 0.413359
vt 0.796341 0.413186
vt 0.796168 0.532092
vt 0.795981 0.531913
vt 0.761589 0.206013
vt 0.761505 0.324607
vt 0.760730 0.324607
vt 0.680034 0.622152
vt 0.680021 0.621956
vt 0.758936 0.324608
vt 0.758939 0.324855
vt 0.680987 0.621955
vt 0.565658 0.205974
vt 0.565669 0.411280
vt 0.564881 0.411280
vt 0.564872 0.205974
vt 0.760321 0.206014
vt 0.760310 0.206210
vt 0.759035 0.324816
vt 0.760723 0.324844
vt 0.761512 0.324843
vt 0.679703 0.621952
vt 0.566086 0.411259
vt 0.761999 0.324843
vt 0.762894 0.324856
vt 0.593638 0.411640
vt 0.593653 0.205981
vt 0.760634 0.324805
vt 0.795994 0.413181
vt 0.796177 0.413008
vt 0.564415 0.205957
vt 0.564254 0.411325
vt 0.682269 0.740856
vt 0.682666 0.621915
vt 0.810936 0.653651
vt 0.811104 0.653479
vt 0.796096 0.413413
vt 0.795927 0.413242
vt 0.795915 0.531849
vt 0.796084 0.531676
vt 0.811258 0.653952
vt 0.811426 0.653763
vt 0.796413 0.413133
vt 0.796245 0.412946
vt 0.796238 0.532156
vt 0.796413 0.531965
vt 0.811426 0.534853
vt 0.811258 0.534666
vt 0.727190 0.205956
vt 0.727190 0.409706
vt 0.726852 0.206236
vt 0.726842 0.409424
vt 0.678104 0.414324
vt 0.677777 0.414593
vt 0.677854 0.619629
vt 0.683562 0.621903
vt 0.143789 0.608038
vt 0.141268 0.605979
vt 0.141270 0.406554
vt 0.143788 0.404498
vt 0.789181 0.773876
vt 0.786336 0.773908
vt 0.146637 0.608063
vt 0.146637 0.404473
vt 0.784276 0.413687
vt 0.793457 0.529373
vt 0.793463 0.529171
vt 0.793910 0.529178
vt 0.793849 0.529384
vt 0.627998 0.411585
vt 0.627999 0.615165
vt 0.784270 0.413437
vt 0.781344 0.413511
vt 0.786342 0.774158
vt 0.789268 0.774084
vt 0.675494 0.617703
vt 0.675420 0.416519
vt 0.808871 0.537427
vt 0.808932 0.537634
vt 0.808484 0.537641
vt 0.808478 0.537439
vt 0.809051 0.651316
vt 0.809184 0.651142
vt 0.794176 0.415748
vt 0.794043 0.415574
vt 0.794032 0.529514
vt 0.794165 0.529341
vt 0.793859 0.415705
vt 0.793921 0.415912
vt 0.793473 0.415919
vt 0.793467 0.415717
vt 0.779195 0.416054
vt 0.808929 0.650979
vt 0.808481 0.650972
vt 0.791246 0.771368
vt 0.791417 0.771540
vt 0.779194 0.529541
vt 0.808476 0.651174
vt 0.808868 0.651185
vt 0.724514 0.208145
vt 0.724504 0.407514
vt 0.747155 0.207440
vt 0.747761 0.207429
vt 0.747754 0.323498
vt 0.747148 0.323487
vt 0.474665 0.360206
vt 0.474739 0.360152
vt 0.474581 0.565520
vt 0.473370 0.361393
vt 0.473441 0.361395
vt 0.473384 0.564347
vt 0.473314 0.564349
vt 0.747918 0.323562
vt 0.747829 0.323513
vt 0.747843 0.207415
vt 0.747936 0.207363
vt 0.630519 0.409510
vt 0.627998 0.407452
vt 0.627999 0.208038
vt 0.630518 0.205981
vt 0.756643 0.414897
vt 0.756725 0.414882
vt 0.756719 0.531090
vt 0.756643 0.531075
vt 0.723769 0.416634
vt 0.724225 0.416651
vt 0.724223 0.615750
vt 0.723767 0.615767
vt 0.669707 0.741273
vt 0.667553 0.738727
vt 0.667725 0.738556
vt 0.669794 0.741065
vt 0.672643 0.741100
vt 0.672636 0.741350
vt 0.750460 0.324715
vt 0.750405 0.324716
vt 0.750418 0.206210
vt 0.750476 0.206208
vt 0.600771 0.206027
vt 0.600823 0.206048
vt 0.601036 0.411573
vt 0.601036 0.411573
vt 0.750450 0.324912
vt 0.750402 0.324881
vt 0.597310 0.207133
vt 0.597381 0.207135
vt 0.597353 0.410404
vt 0.597283 0.410406
vt 0.757935 0.413730
vt 0.757988 0.413698
vt 0.757987 0.532278
vt 0.757930 0.532243
vt 0.600060 0.411578
vt 0.600009 0.411557
vt 0.599896 0.206003
vt 0.756037 0.414908
vt 0.756037 0.531063
vt 0.472752 0.361392
vt 0.472703 0.564349
vt 0.762873 0.413683
vt 0.762873 0.532303
vt 0.761983 0.532300
vt 0.761984 0.413686
vt 0.753106 0.206205
vt 0.753095 0.205970
vt 0.753990 0.205956
vt 0.753994 0.206203
vt 0.479518 0.360213
vt 0.479518 0.565527
vt 0.478620 0.565527
vt 0.478622 0.360213
vt 0.756812 0.414834
vt 0.756808 0.531139
vt 0.749057 0.206260
vt 0.749110 0.206228
vt 0.749096 0.324700
vt 0.749039 0.324665
vt 0.598507 0.206010
vt 0.598553 0.411577
vt 0.597427 0.410453
vt 0.473540 0.361329
vt 0.473458 0.564397
vt 0.598581 0.205956
vt 0.598624 0.411628
vt 0.603463 0.205960
vt 0.603463 0.411666
vt 0.602563 0.411666
vt 0.602562 0.205960
vt 0.767178 0.773753
vt 0.765114 0.771248
vt 0.765104 0.658169
vt 0.767173 0.655661
vt 0.680169 0.208273
vt 0.680630 0.208290
vt 0.680710 0.409200
vt 0.680255 0.409217
vt 0.808802 0.774887
vt 0.810722 0.772551
vt 0.810856 0.772724
vt 0.808970 0.775058
vt 0.683580 0.411483
vt 0.683401 0.411304
vt 0.683330 0.206177
vt 0.683503 0.206004
vt 0.762870 0.532550
vt 0.761973 0.532537
vt 0.727096 0.618032
vt 0.726918 0.617855
vt 0.726904 0.414557
vt 0.727090 0.414372
vt 0.753994 0.324715
vt 0.753105 0.324712
vt 0.756604 0.531291
vt 0.756035 0.531285
vt 0.747153 0.207217
vt 0.747724 0.207211
vt 0.747146 0.323708
vt 0.747715 0.323714
vt 0.756035 0.414686
vt 0.756606 0.414680
vt 0.757931 0.532502
vt 0.757804 0.532443
vt 0.748930 0.206061
vt 0.749057 0.206003
vt 0.748913 0.324866
vt 0.749041 0.324925
vt 0.757808 0.413531
vt 0.757934 0.413473
vt 0.756633 0.531294
vt 0.756667 0.531328
vt 0.756672 0.414644
vt 0.756636 0.414677
vt 0.747778 0.323751
vt 0.747743 0.323718
vt 0.747793 0.207173
vt 0.747756 0.207206
vt 0.758931 0.532289
vt 0.758928 0.532534
vt 0.761575 0.413489
vt 0.761622 0.413522
vt 0.761619 0.413686
vt 0.761564 0.413688
vt 0.758932 0.413442
vt 0.758932 0.413687
vt 0.750182 0.324882
vt 0.750180 0.324715
vt 0.596691 0.207132
vt 0.596675 0.410406
vt 0.751403 0.324715
vt 0.751461 0.324714
vt 0.751464 0.324878
vt 0.751416 0.324910
vt 0.752682 0.324713
vt 0.752741 0.324713
vt 0.752744 0.324877
vt 0.752696 0.324909
vt 0.761486 0.413451
vt 0.761480 0.413688
vt 0.760703 0.413688
vt 0.760696 0.413451
vt 0.478533 0.565502
vt 0.478481 0.565480
vt 0.478551 0.360234
vt 0.475788 0.360178
vt 0.475840 0.360200
vt 0.475805 0.565428
vt 0.475682 0.565479
vt 0.750552 0.206212
vt 0.750547 0.205976
vt 0.751335 0.205975
vt 0.751329 0.206212
vt 0.751825 0.206210
vt 0.751820 0.205975
vt 0.752608 0.205974
vt 0.752602 0.206210
vt 0.808551 0.656308
vt 0.808719 0.656128
vt 0.808905 0.656305
vt 0.808731 0.656485
vt 0.761479 0.532298
vt 0.761485 0.532535
vt 0.760695 0.532535
vt 0.760702 0.532298
vt 0.761619 0.532300
vt 0.761561 0.532299
vt 0.759016 0.413685
vt 0.759071 0.413682
vt 0.759063 0.532298
vt 0.759014 0.532293
vt 0.760607 0.532497
vt 0.760559 0.532463
vt 0.760563 0.532300
vt 0.760617 0.532298
vt 0.760204 0.532298
vt 0.760209 0.532533
vt 0.759421 0.532533
vt 0.759427 0.532297
vt 0.759332 0.532494
vt 0.759285 0.532463
vt 0.759288 0.532299
vt 0.759343 0.532298
vt 0.478281 0.360213
vt 0.478332 0.360234
vt 0.478246 0.565480
vt 0.760205 0.413452
vt 0.760199 0.413688
vt 0.759422 0.413687
vt 0.759419 0.413452
vt 0.477031 0.360196
vt 0.477083 0.360217
vt 0.477096 0.565434
vt 0.750138 0.206215
vt 0.750193 0.206211
vt 0.750122 0.324714
vt 0.750145 0.206010
vt 0.750195 0.206045
vt 0.602120 0.206002
vt 0.602171 0.206023
vt 0.602199 0.411619
vt 0.753020 0.324712
vt 0.752965 0.324713
vt 0.752965 0.206207
vt 0.753024 0.206206
vt 0.751740 0.324712
vt 0.751685 0.324714
vt 0.751691 0.206208
vt 0.751749 0.206207
vt 0.750414 0.206046
vt 0.750461 0.206015
vt 0.750538 0.324951
vt 0.750544 0.324713
vt 0.751321 0.324713
vt 0.751328 0.324950
vt 0.751687 0.206046
vt 0.751733 0.206014
vt 0.760621 0.413687
vt 0.760563 0.413687
vt 0.760560 0.413522
vt 0.760608 0.413489
vt 0.750053 0.205972
vt 0.750053 0.206217
vt 0.761902 0.413686
vt 0.761844 0.413686
vt 0.761840 0.413522
vt 0.761887 0.413488
vt 0.478194 0.360187
vt 0.477459 0.565481
vt 0.477401 0.360188
vt 0.759067 0.532463
vt 0.759019 0.532496
vt 0.752961 0.206042
vt 0.753008 0.206009
vt 0.767092 0.773961
vt 0.770022 0.773786
vt 0.770016 0.774035
vt 0.599626 0.205981
vt 0.599678 0.206003
vt 0.599784 0.411557
vt 0.599684 0.411599
vt 0.600684 0.206002
vt 0.600936 0.411603
vt 0.600147 0.411604
vt 0.599897 0.206003
vt 0.753008 0.324909
vt 0.752961 0.324877
vt 0.760283 0.413688
vt 0.760338 0.413687
vt 0.760338 0.532299
vt 0.760280 0.532300
vt 0.599539 0.205956
vt 0.599584 0.411628
vt 0.760342 0.532463
vt 0.760295 0.532495
vt 0.476080 0.565450
vt 0.476029 0.565428
vt 0.476058 0.360200
vt 0.602033 0.205976
vt 0.601411 0.411620
vt 0.601242 0.205977
vt 0.808733 0.774941
vt 0.808556 0.775114
vt 0.808904 0.775120
vt 0.808720 0.775293
vt 0.601323 0.411594
vt 0.601272 0.411573
vt 0.601041 0.206048
vt 0.601142 0.206006
vt 0.752686 0.206208
vt 0.752741 0.206207
vt 0.761885 0.532498
vt 0.761839 0.532465
vt 0.761843 0.532301
vt 0.761898 0.532299
vt 0.751682 0.324878
vt 0.760341 0.413522
vt 0.759074 0.413517
vt 0.759290 0.413519
vt 0.759295 0.413681
vt 0.751467 0.206209
vt 0.751471 0.206046
vt 0.752743 0.206044
vt 0.761621 0.532464
vt 0.477301 0.360217
vt 0.477320 0.565434
vt 0.602390 0.206023
vt 0.602424 0.411619
vt 0.804246 0.325059
vt 0.804066 0.324883
vt 0.804066 0.206369
vt 0.804244 0.206196
vt 0.804081 0.325238
vt 0.803896 0.325063
vt 0.752696 0.206012
vt 0.752601 0.324712
vt 0.751824 0.324712
vt 0.759345 0.413683
vt 0.759335 0.413490
vt 0.750039 0.324711
vt 0.750039 0.324956
vt 0.760293 0.413490
vt 0.476944 0.360170
vt 0.476955 0.565475
vt 0.476167 0.565475
vt 0.476158 0.360170
vt 0.751423 0.206014
vt 0.751413 0.206210
vt 0.750132 0.324918
vt 0.751818 0.324949
vt 0.752607 0.324948
vt 0.759024 0.413481
vt 0.477372 0.565455
vt 0.753095 0.324948
vt 0.753991 0.324961
vt 0.602475 0.411641
vt 0.602491 0.205981
vt 0.751730 0.324911
vt 0.803896 0.206191
vt 0.804079 0.206018
vt 0.475701 0.360153
vt 0.475540 0.565521
vt 0.761573 0.532497
vt 0.761974 0.413450
vt 0.808972 0.656368
vt 0.808803 0.656541
vt 0.803998 0.206423
vt 0.803829 0.206252
vt 0.803831 0.325002
vt 0.803999 0.324831
vt 0.808650 0.656067
vt 0.808482 0.656256
vt 0.804315 0.206143
vt 0.804147 0.205956
vt 0.804149 0.325299
vt 0.804315 0.325111
vt 0.808485 0.775167
vt 0.808652 0.775354
vt 0.727166 0.414324
vt 0.727166 0.618076
vt 0.726828 0.414604
vt 0.726818 0.617794
vt 0.683580 0.205956
vt 0.683253 0.206224
vt 0.683330 0.411261
vt 0.762870 0.413437
vt 0.166045 0.608037
vt 0.163524 0.605979
vt 0.163526 0.406554
vt 0.166044 0.404498
vt 0.669799 0.622971
vt 0.672643 0.622939
vt 0.168893 0.608062
vt 0.168893 0.404473
vt 0.770022 0.655626
vt 0.801370 0.322525
vt 0.801375 0.322323
vt 0.801823 0.322330
vt 0.801762 0.322537
vt 0.633366 0.409535
vt 0.633366 0.205956
vt 0.770015 0.655376
vt 0.767086 0.655452
vt 0.672636 0.622689
vt 0.669713 0.622763
vt 0.680970 0.409335
vt 0.680897 0.208150
vt 0.811040 0.772593
vt 0.810978 0.772386
vt 0.811426 0.772379
vt 0.811432 0.772582
vt 0.810857 0.658703
vt 0.810724 0.658877
vt 0.802076 0.208761
vt 0.801942 0.208587
vt 0.801945 0.322667
vt 0.802078 0.322494
vt 0.801759 0.208718
vt 0.801820 0.208926
vt 0.801372 0.208933
vt 0.801366 0.208730
vt 0.764933 0.657998
vt 0.810978 0.659041
vt 0.811426 0.659048
vt 0.667736 0.625477
vt 0.667565 0.625306
vt 0.764943 0.771419
vt 0.811432 0.658845
vt 0.811040 0.658834
vt 0.724490 0.416513
vt 0.724481 0.615884
vt 0.359069 0.574318
vt 0.359826 0.574331
vt 0.359739 0.578755
vt 0.358991 0.578742
vt 0.940298 0.126848
vt 0.940297 0.131387
vt 0.438116 0.131277
vt 0.438117 0.126742
vt 0.315766 0.481921
vt 0.316514 0.481907
vt 0.316601 0.486331
vt 0.315844 0.486344
vt 0.315849 0.488142
vt 0.316621 0.488151
vt 0.316538 0.492699
vt 0.315769 0.492686
vt 0.940298 0.109674
vt 0.940296 0.114213
vt 0.438115 0.113962
vt 0.438117 0.109427
vt 0.358994 0.567977
vt 0.359763 0.567963
vt 0.359846 0.572511
vt 0.359074 0.572521
vt 0.940296 0.119503
vt 0.438115 0.119537
vt 0.438115 0.114998
vt 0.940295 0.114969
vt 0.359076 0.572707
vt 0.359856 0.572706
vt 0.359841 0.574142
vt 0.359069 0.574133
vt 0.438115 0.114865
vt 0.438115 0.114095
vt 0.323013 0.487849
vt 0.316821 0.487944
vt 0.316801 0.486527
vt 0.322994 0.486432
vt 0.940296 0.121089
vt 0.438115 0.121202
vt 0.438115 0.119782
vt 0.940296 0.119691
vt 0.940298 0.125944
vt 0.940298 0.126715
vt 0.438117 0.125986
vt 0.315844 0.486529
vt 0.316616 0.486520
vt 0.316631 0.487957
vt 0.315852 0.487956
vt 0.503208 0.825320
vt 0.001027 0.825495
vt 0.001026 0.820956
vt 0.503207 0.820785
vt 0.366218 0.574230
vt 0.360026 0.574135
vt 0.360046 0.572719
vt 0.366238 0.572814
vt 0.998974 0.955491
vt 0.998974 0.961641
vt 0.501024 0.961641
vt 0.501024 0.955492
vt 0.998975 0.988290
vt 0.998975 0.994440
vt 0.501026 0.994440
vt 0.501026 0.988291
vt 0.367195 0.572631
vt 0.366439 0.572617
vt 0.366526 0.568193
vt 0.367274 0.568207
vt 0.503209 0.826356
vt 0.503208 0.830895
vt 0.001026 0.830786
vt 0.001027 0.826251
vt 0.324049 0.492455
vt 0.323301 0.492469
vt 0.323214 0.488045
vt 0.323970 0.488032
vt 0.323965 0.486235
vt 0.323193 0.486225
vt 0.323276 0.481677
vt 0.324045 0.481690
vt 0.503209 0.809182
vt 0.503206 0.813721
vt 0.001025 0.813470
vt 0.001028 0.808936
vt 0.367270 0.578972
vt 0.366501 0.578985
vt 0.366418 0.574438
vt 0.367190 0.574428
vt 0.503206 0.819012
vt 0.001025 0.819046
vt 0.001025 0.814507
vt 0.503206 0.814477
vt 0.367188 0.574242
vt 0.366408 0.574243
vt 0.366424 0.572806
vt 0.367195 0.572816
vt 0.001025 0.814374
vt 0.001025 0.813603
vt 0.503207 0.820597
vt 0.001026 0.820711
vt 0.001025 0.819291
vt 0.503206 0.819200
vt 0.503208 0.825453
vt 0.503208 0.826223
vt 0.323970 0.487847
vt 0.323199 0.487856
vt 0.323184 0.486419
vt 0.323963 0.486420
vt 0.315745 0.492815
vt 0.315641 0.492706
vt 0.358866 0.567956
vt 0.358970 0.567848
vt 0.315641 0.481901
vt 0.315743 0.481796
vt 0.358968 0.578867
vt 0.358866 0.578762
vt 0.316637 0.481882
vt 0.316532 0.481781
vt 0.316666 0.492724
vt 0.316557 0.492828
vt 0.359890 0.567938
vt 0.359782 0.567834
vt 0.359862 0.578780
vt 0.359757 0.578881
vt 0.315714 0.486345
vt 0.315712 0.486530
vt 0.315717 0.488140
vt 0.315719 0.487955
vt 0.358942 0.572522
vt 0.358944 0.572707
vt 0.358938 0.574317
vt 0.358937 0.574133
vt 0.316727 0.486322
vt 0.316813 0.486409
vt 0.316751 0.488158
vt 0.316838 0.488066
vt 0.359976 0.572504
vt 0.360062 0.572597
vt 0.359952 0.574340
vt 0.360038 0.574254
vt 0.324069 0.481561
vt 0.324174 0.481670
vt 0.367398 0.578992
vt 0.367294 0.579101
vt 0.324174 0.492475
vt 0.324072 0.492580
vt 0.367297 0.568082
vt 0.367398 0.568187
vt 0.323177 0.492494
vt 0.323283 0.492595
vt 0.323149 0.481652
vt 0.323257 0.481548
vt 0.366374 0.579010
vt 0.366482 0.579114
vt 0.366402 0.568169
vt 0.366507 0.568067
vt 0.324101 0.488031
vt 0.324102 0.487846
vt 0.324098 0.486236
vt 0.324095 0.486421
vt 0.367322 0.574426
vt 0.367320 0.574241
vt 0.367326 0.572631
vt 0.367327 0.572816
vt 0.323087 0.488054
vt 0.323001 0.487967
vt 0.323063 0.486218
vt 0.322977 0.486310
vt 0.366288 0.574444
vt 0.366202 0.574352
vt 0.366312 0.572609
vt 0.366226 0.572695
vt 0.940298 0.125812
vt 0.438116 0.131410
vt 0.438117 0.109294
vt 0.940296 0.121277
vt 0.438115 0.121447
vt 0.001026 0.830918
vt 0.001028 0.808803
vt 0.316799 0.486395
vt 0.322992 0.486300
vt 0.323015 0.487981
vt 0.316823 0.488076
vt 0.360048 0.572586
vt 0.366240 0.572681
vt 0.360024 0.574268
vt 0.366216 0.574362
vt 0.445553 0.573848
vt 0.446309 0.573861
vt 0.446222 0.578285
vt 0.445474 0.578271
vt 0.940297 0.102681
vt 0.940296 0.107220
vt 0.438116 0.107112
vt 0.438117 0.102577
vt 0.079951 0.571236
vt 0.079203 0.571250
vt 0.079116 0.566826
vt 0.079872 0.566813
vt 0.079867 0.565016
vt 0.079096 0.565006
vt 0.079178 0.560458
vt 0.079947 0.560472
vt 0.940297 0.085507
vt 0.940295 0.090046
vt 0.438115 0.089796
vt 0.438117 0.085262
vt 0.445478 0.567507
vt 0.446247 0.567493
vt 0.446330 0.572041
vt 0.445558 0.572051
vt 0.940295 0.095336
vt 0.438115 0.095372
vt 0.438115 0.090833
vt 0.940295 0.090802
vt 0.445560 0.572237
vt 0.446339 0.572236
vt 0.446324 0.573672
vt 0.445553 0.573663
vt 0.438115 0.090700
vt 0.438115 0.089929
vt 0.072704 0.565309
vt 0.078896 0.565214
vt 0.078915 0.566630
vt 0.072723 0.566725
vt 0.940295 0.096922
vt 0.438115 0.097037
vt 0.438115 0.095617
vt 0.940295 0.095524
vt 0.940297 0.101777
vt 0.940297 0.102548
vt 0.438117 0.101821
vt 0.079873 0.566628
vt 0.079101 0.566637
vt 0.079086 0.565201
vt 0.079865 0.565202
vt 0.940297 0.149976
vt 0.438117 0.150152
vt 0.438115 0.145613
vt 0.940296 0.145441
vt 0.452702 0.573760
vt 0.446510 0.573665
vt 0.446530 0.572249
vt 0.452722 0.572344
vt 0.998974 0.963691
vt 0.998974 0.969841
vt 0.501024 0.969841
vt 0.501024 0.963692
vt 0.498976 0.971891
vt 0.498976 0.978040
vt 0.001025 0.978040
vt 0.001025 0.971892
vt 0.453679 0.572161
vt 0.452922 0.572147
vt 0.453009 0.567723
vt 0.453757 0.567737
vt 0.940298 0.151012
vt 0.940297 0.155551
vt 0.438116 0.155442
vt 0.438117 0.150908
vt 0.071668 0.560702
vt 0.072416 0.560688
vt 0.072503 0.565112
vt 0.071747 0.565126
vt 0.071752 0.566923
vt 0.072523 0.566932
vt 0.072441 0.571480
vt 0.071672 0.571467
vt 0.940298 0.133838
vt 0.940295 0.138377
vt 0.438115 0.138127
vt 0.438117 0.133593
vt 0.453754 0.578502
vt 0.452985 0.578515
vt 0.452902 0.573967
vt 0.453674 0.573958
vt 0.940295 0.143668
vt 0.438115 0.143703
vt 0.438115 0.139163
vt 0.940295 0.139133
vt 0.453671 0.573772
vt 0.452892 0.573773
vt 0.452907 0.572336
vt 0.453679 0.572346
vt 0.438115 0.139031
vt 0.438115 0.138260
vt 0.940296 0.145254
vt 0.438115 0.145368
vt 0.438115 0.143948
vt 0.940295 0.143856
vt 0.940298 0.150109
vt 0.940298 0.150880
vt 0.071746 0.565310
vt 0.072518 0.565301
vt 0.072533 0.566738
vt 0.071754 0.566737
vt 0.079971 0.560342
vt 0.080076 0.560451
vt 0.445350 0.567486
vt 0.445454 0.567378
vt 0.080076 0.571257
vt 0.079974 0.571362
vt 0.445451 0.578396
vt 0.445350 0.578291
vt 0.079079 0.571275
vt 0.079185 0.571376
vt 0.079051 0.560433
vt 0.079159 0.560329
vt 0.446374 0.567468
vt 0.446266 0.567364
vt 0.446346 0.578310
vt 0.446241 0.578411
vt 0.080003 0.566812
vt 0.080004 0.566628
vt 0.080000 0.565017
vt 0.079998 0.565202
vt 0.445426 0.572052
vt 0.445428 0.572237
vt 0.445422 0.573847
vt 0.445421 0.573662
vt 0.078989 0.566835
vt 0.078903 0.566749
vt 0.078965 0.564999
vt 0.078879 0.565091
vt 0.446460 0.572034
vt 0.446546 0.572126
vt 0.446436 0.573870
vt 0.446522 0.573784
vt 0.071648 0.571596
vt 0.071543 0.571487
vt 0.453882 0.578522
vt 0.453778 0.578631
vt 0.071543 0.560682
vt 0.071645 0.560577
vt 0.453780 0.567612
vt 0.453882 0.567717
vt 0.072539 0.560663
vt 0.072434 0.560562
vt 0.072568 0.571505
vt 0.072460 0.571609
vt 0.452857 0.578540
vt 0.452965 0.578644
vt 0.452886 0.567698
vt 0.452991 0.567597
vt 0.071616 0.565126
vt 0.071615 0.565311
vt 0.071619 0.566921
vt 0.071621 0.566736
vt 0.453806 0.573956
vt 0.453804 0.573771
vt 0.453809 0.572161
vt 0.453811 0.572346
vt 0.072630 0.565104
vt 0.072715 0.565190
vt 0.072654 0.566939
vt 0.072740 0.566847
vt 0.452772 0.573974
vt 0.452685 0.573882
vt 0.452796 0.572139
vt 0.452710 0.572225
vt 0.940297 0.101645
vt 0.438116 0.107244
vt 0.438117 0.085129
vt 0.940295 0.097110
vt 0.438115 0.097282
vt 0.438116 0.155575
vt 0.438117 0.133460
vt 0.078917 0.566763
vt 0.072725 0.566857
vt 0.072701 0.565176
vt 0.078894 0.565081
vt 0.446532 0.572116
vt 0.452724 0.572211
vt 0.446508 0.573797
vt 0.452700 0.573892
vt 0.747141 0.415129
vt 0.747747 0.415119
vt 0.747737 0.531093
vt 0.747131 0.531082
vt 0.111976 0.404572
vt 0.112049 0.404519
vt 0.111974 0.607816
vt 0.111904 0.607765
vt 0.110723 0.405728
vt 0.110793 0.405730
vt 0.110715 0.606601
vt 0.747912 0.531158
vt 0.747823 0.531108
vt 0.747828 0.415103
vt 0.747915 0.415055
vt 0.652774 0.615143
vt 0.650254 0.613085
vt 0.650254 0.413670
vt 0.652774 0.411613
vt 0.738841 0.536129
vt 0.738923 0.536114
vt 0.738898 0.652179
vt 0.738823 0.652164
vt 0.685615 0.416636
vt 0.686075 0.416653
vt 0.686128 0.617011
vt 0.685669 0.617028
vt 0.715012 0.740033
vt 0.712858 0.737487
vt 0.713029 0.737316
vt 0.715099 0.739825
vt 0.717948 0.739860
vt 0.717941 0.740110
vt 0.750448 0.532304
vt 0.750393 0.532306
vt 0.750398 0.413904
vt 0.750456 0.413903
vt 0.451478 0.360178
vt 0.451529 0.360199
vt 0.451397 0.565261
vt 0.451397 0.565261
vt 0.750437 0.532504
vt 0.750390 0.532472
vt 0.447732 0.361403
vt 0.447803 0.361405
vt 0.447772 0.564142
vt 0.447673 0.564145
vt 0.740131 0.534963
vt 0.740184 0.534931
vt 0.740166 0.653366
vt 0.740109 0.653331
vt 0.450423 0.565264
vt 0.450371 0.565243
vt 0.450382 0.360229
vt 0.450482 0.360188
vt 0.738236 0.536140
vt 0.738219 0.652152
vt 0.110112 0.405728
vt 0.110095 0.606601
vt 0.745072 0.534912
vt 0.745072 0.653387
vt 0.744183 0.653385
vt 0.744183 0.534915
vt 0.753095 0.413896
vt 0.753085 0.413661
vt 0.753981 0.413647
vt 0.753985 0.413894
vt 0.116961 0.404499
vt 0.116961 0.607790
vt 0.116071 0.607790
vt 0.116073 0.404499
vt 0.739010 0.536066
vt 0.738988 0.652228
vt 0.749036 0.413953
vt 0.749088 0.413921
vt 0.749085 0.532292
vt 0.749033 0.532261
vt 0.447873 0.361358
vt 0.448996 0.360236
vt 0.448968 0.565313
vt 0.447846 0.564192
vt 0.110863 0.405684
vt 0.110788 0.606650
vt 0.449070 0.360182
vt 0.453882 0.360205
vt 0.453882 0.565314
vt 0.452984 0.565314
vt 0.452986 0.360205
vt 0.782064 0.206238
vt 0.784129 0.208745
vt 0.784129 0.321889
vt 0.782064 0.324397
vt 0.696545 0.416634
vt 0.697004 0.416651
vt 0.697048 0.616870
vt 0.696589 0.616887
vt 0.806111 0.656540
vt 0.804193 0.658873
vt 0.804059 0.658700
vt 0.805942 0.656368
vt 0.699847 0.619107
vt 0.699668 0.618929
vt 0.699697 0.414544
vt 0.699870 0.414372
vt 0.745068 0.653634
vt 0.744172 0.653620
vt 0.688919 0.619245
vt 0.688740 0.619067
vt 0.688770 0.414545
vt 0.688943 0.414372
vt 0.753985 0.532304
vt 0.753096 0.532302
vt 0.738784 0.652379
vt 0.738217 0.652373
vt 0.747139 0.414908
vt 0.747709 0.414902
vt 0.747128 0.531305
vt 0.747701 0.531311
vt 0.738234 0.535918
vt 0.738804 0.535913
vt 0.740111 0.653591
vt 0.739983 0.653532
vt 0.748909 0.413755
vt 0.749035 0.413697
vt 0.748906 0.532459
vt 0.749032 0.532516
vt 0.740005 0.534765
vt 0.740131 0.534707
vt 0.738812 0.652383
vt 0.738847 0.652416
vt 0.738870 0.535876
vt 0.738834 0.535909
vt 0.747770 0.531348
vt 0.747733 0.531315
vt 0.747775 0.414866
vt 0.747739 0.414899
vt 0.741109 0.653377
vt 0.741112 0.653624
vt 0.743774 0.534720
vt 0.743822 0.534751
vt 0.743818 0.534915
vt 0.743764 0.534916
vt 0.741126 0.534676
vt 0.741126 0.534921
vt 0.750170 0.532473
vt 0.750168 0.532306
vt 0.447115 0.361402
vt 0.447055 0.564145
vt 0.751395 0.532303
vt 0.751453 0.532304
vt 0.751456 0.532469
vt 0.751406 0.532503
vt 0.752674 0.532302
vt 0.752732 0.532303
vt 0.752735 0.532467
vt 0.752687 0.532500
vt 0.743686 0.534681
vt 0.743679 0.534917
vt 0.742904 0.534917
vt 0.742897 0.534681
vt 0.115985 0.607765
vt 0.115934 0.607744
vt 0.116003 0.404519
vt 0.113088 0.404545
vt 0.113139 0.404566
vt 0.113022 0.607787
vt 0.750538 0.413904
vt 0.750531 0.413667
vt 0.751320 0.413666
vt 0.751314 0.413903
vt 0.751816 0.413901
vt 0.751809 0.413664
vt 0.752598 0.413664
vt 0.752592 0.413900
vt 0.806357 0.774993
vt 0.806187 0.775176
vt 0.806001 0.774997
vt 0.806176 0.774817
vt 0.743685 0.653382
vt 0.743690 0.653617
vt 0.742903 0.653617
vt 0.742910 0.653381
vt 0.743819 0.653385
vt 0.743762 0.653386
vt 0.741211 0.534919
vt 0.741266 0.534916
vt 0.741259 0.653380
vt 0.741201 0.653378
vt 0.742815 0.653579
vt 0.742767 0.653547
vt 0.742771 0.653382
vt 0.742825 0.653381
vt 0.742401 0.653381
vt 0.742410 0.653619
vt 0.741618 0.653618
vt 0.741625 0.653381
vt 0.741530 0.653580
vt 0.741482 0.653548
vt 0.741485 0.653382
vt 0.741540 0.653381
vt 0.115736 0.404498
vt 0.115787 0.404519
vt 0.115701 0.607744
vt 0.115602 0.607785
vt 0.742408 0.534681
vt 0.742401 0.534918
vt 0.741625 0.534917
vt 0.741620 0.534681
vt 0.114408 0.404521
vt 0.114459 0.404542
vt 0.114393 0.607758
vt 0.114294 0.607799
vt 0.750117 0.413908
vt 0.750172 0.413904
vt 0.750109 0.532304
vt 0.750124 0.413703
vt 0.750174 0.413737
vt 0.452717 0.360184
vt 0.452768 0.360205
vt 0.452646 0.565267
vt 0.452546 0.565308
vt 0.753011 0.532301
vt 0.752956 0.532303
vt 0.752956 0.413897
vt 0.753014 0.413897
vt 0.751733 0.532302
vt 0.751678 0.532304
vt 0.751676 0.413900
vt 0.751734 0.413899
vt 0.750394 0.413737
vt 0.750443 0.413705
vt 0.750526 0.532542
vt 0.750532 0.532304
vt 0.751308 0.532304
vt 0.751316 0.532541
vt 0.751672 0.413736
vt 0.751720 0.413704
vt 0.742822 0.534915
vt 0.742764 0.534916
vt 0.742761 0.534752
vt 0.742809 0.534720
vt 0.750032 0.413665
vt 0.750032 0.413910
vt 0.744101 0.534914
vt 0.744043 0.534915
vt 0.744038 0.534751
vt 0.744086 0.534719
vt 0.115649 0.404473
vt 0.115532 0.607805
vt 0.114752 0.607805
vt 0.114874 0.404473
vt 0.741260 0.653549
vt 0.741209 0.653584
vt 0.752951 0.413733
vt 0.752998 0.413700
vt 0.782151 0.206030
vt 0.779219 0.206206
vt 0.779225 0.205956
vt 0.450113 0.360208
vt 0.450164 0.360230
vt 0.450126 0.565243
vt 0.450026 0.565284
vt 0.451391 0.360152
vt 0.451296 0.565290
vt 0.450510 0.565290
vt 0.450605 0.360152
vt 0.752999 0.532499
vt 0.752952 0.532466
vt 0.742485 0.534917
vt 0.742540 0.534916
vt 0.742546 0.653382
vt 0.742488 0.653381
vt 0.450026 0.360183
vt 0.449926 0.565314
vt 0.742549 0.653547
vt 0.742500 0.653580
vt 0.113306 0.607809
vt 0.113255 0.607788
vt 0.113355 0.404566
vt 0.113476 0.404516
vt 0.452630 0.360158
vt 0.452546 0.565308
vt 0.451759 0.565308
vt 0.451847 0.360158
vt 0.806180 0.656486
vt 0.806361 0.656310
vt 0.806008 0.656306
vt 0.806193 0.656129
vt 0.451672 0.565282
vt 0.451620 0.565261
vt 0.451747 0.360199
vt 0.451847 0.360158
vt 0.752676 0.413899
vt 0.752731 0.413898
vt 0.744085 0.653580
vt 0.744038 0.653548
vt 0.744043 0.653385
vt 0.744098 0.653385
vt 0.751674 0.532469
vt 0.742544 0.534752
vt 0.741268 0.534750
vt 0.741487 0.534751
vt 0.741491 0.534915
vt 0.751452 0.413900
vt 0.751456 0.413737
vt 0.752734 0.413734
vt 0.743823 0.653547
vt 0.114675 0.404543
vt 0.114615 0.607758
vt 0.452846 0.565267
vt 0.801353 0.653627
vt 0.801171 0.653450
vt 0.801179 0.535079
vt 0.801356 0.534906
vt 0.801183 0.653810
vt 0.800996 0.653631
vt 0.752686 0.413701
vt 0.752593 0.532302
vt 0.751817 0.532302
vt 0.741549 0.534915
vt 0.741534 0.534719
vt 0.750027 0.532302
vt 0.750027 0.532547
vt 0.742496 0.534720
vt 0.114322 0.404496
vt 0.114172 0.607835
vt 0.113392 0.607834
vt 0.113547 0.404496
vt 0.751409 0.413705
vt 0.751398 0.413902
vt 0.750120 0.532508
vt 0.751811 0.532539
vt 0.752599 0.532538
vt 0.741219 0.534715
vt 0.114666 0.607779
vt 0.114775 0.404501
vt 0.753086 0.532538
vt 0.753981 0.532550
vt 0.452898 0.565288
vt 0.751723 0.532501
vt 0.801009 0.534900
vt 0.801192 0.534728
vt 0.113001 0.404520
vt 0.112923 0.607817
vt 0.743776 0.653578
vt 0.744173 0.534679
vt 0.805934 0.774934
vt 0.806104 0.774761
vt 0.801111 0.535133
vt 0.800943 0.534962
vt 0.800930 0.653568
vt 0.801099 0.653395
vt 0.806257 0.775241
vt 0.806432 0.775050
vt 0.801428 0.534853
vt 0.801260 0.534666
vt 0.801253 0.653875
vt 0.801428 0.653684
vt 0.806432 0.656256
vt 0.806262 0.656067
vt 0.689019 0.414324
vt 0.689019 0.619308
vt 0.688694 0.414592
vt 0.699946 0.414324
vt 0.699946 0.619170
vt 0.699621 0.414592
vt 0.699668 0.618929
vt 0.745069 0.534666
vt 0.637937 0.409511
vt 0.635417 0.407453
vt 0.635417 0.208038
vt 0.637937 0.205981
vt 0.715104 0.621732
vt 0.717948 0.621700
vt 0.640785 0.409536
vt 0.640785 0.205956
vt 0.779219 0.324429
vt 0.798473 0.651091
vt 0.798478 0.650889
vt 0.798926 0.650896
vt 0.798864 0.651103
vt 0.655622 0.615169
vt 0.655622 0.411588
vt 0.779226 0.324679
vt 0.782151 0.324605
vt 0.717941 0.621450
vt 0.715017 0.621524
vt 0.697316 0.617010
vt 0.697270 0.416512
vt 0.803876 0.658830
vt 0.803937 0.659037
vt 0.803490 0.659044
vt 0.803484 0.658842
vt 0.804052 0.772600
vt 0.804185 0.772427
vt 0.799191 0.537467
vt 0.799058 0.537294
vt 0.799047 0.651233
vt 0.799180 0.651060
vt 0.798874 0.537425
vt 0.798936 0.537632
vt 0.798488 0.537639
vt 0.798482 0.537436
vt 0.784300 0.322061
vt 0.803931 0.772263
vt 0.803483 0.772256
vt 0.713040 0.624237
vt 0.712869 0.624066
vt 0.784300 0.208574
vt 0.803478 0.772458
vt 0.803870 0.772470
vt 0.686341 0.416514
vt 0.686387 0.617146
s 1
usemtl steel.001
f 38/1/1 60/2/1 22/3/1 10/4/1
f 18/5/2 46/6/2 51/7/2 19/8/2
f 8/9/3 15/10/3 42/11/3 28/12/3
f 30/13/3 50/14/3 16/15/3 1/16/3
f 41/17/2 13/18/2 24/19/2 56/20/2
f 5/21/1 21/22/1 52/23/1 36/24/1
f 25/25/4 37/26/4 11/27/4 7/28/4
f 35/29/1 53/30/5 59/31/5 39/32/1
f 12/33/6 23/34/6 14/35/6 9/36/6
f 104/37/7 48/38/8 44/39/8 108/40/7
f 32/41/4 34/42/4 40/43/4 26/44/4
f 3/45/9 17/46/9 20/47/9 6/48/9
f 27/49/3 43/50/8 49/51/8 31/52/3
f 62/53/2 64/54/2 93/55/2 89/56/2
f 114/57/5 58/58/10 54/59/10 118/60/5
f 117/61/9 55/62/9 47/63/9 105/64/9
f 107/65/6 45/66/6 57/67/6 115/68/6
f 98/69/1 120/70/1 82/71/1 70/72/1
f 78/73/4 106/74/4 111/75/4 79/76/4
f 68/77/3 75/78/3 102/79/3 88/80/3
f 90/81/3 110/82/3 76/83/3 61/84/3
f 101/85/4 73/86/4 84/87/4 116/88/4
f 65/89/5 81/90/5 112/91/1 96/92/1
f 85/93/2 97/94/2 71/95/2 67/96/2
f 95/97/1 113/98/5 119/99/5 99/100/1
f 72/101/9 83/102/9 74/103/9 69/104/9
f 92/105/2 94/106/2 100/107/2 86/108/2
f 63/109/6 77/110/6 80/111/6 66/112/6
f 87/113/3 103/114/7 109/115/7 91/116/3
f 1/16/11 3/117/11 2/118/11
f 4/119/12 6/120/12 5/21/12
f 7/121/13 9/122/13 8/9/13
f 10/4/14 12/123/14 11/124/14
f 13/125/15 15/10/15 14/126/15
f 16/15/16 18/127/16 17/128/16
f 19/129/17 21/22/17 20/130/17
f 22/3/18 24/131/18 23/132/18
f 25/133/19 28/12/19 27/49/19 26/134/19
f 29/135/20 32/136/20 31/52/20 30/13/20
f 33/137/21 36/24/21 35/29/22 34/138/22
f 37/139/23 40/140/23 39/32/23 38/1/23
f 41/141/24 45/142/24 44/39/24 43/50/24 42/11/24
f 46/143/25 50/14/25 49/51/25 48/38/25 47/144/25
f 51/145/26 55/146/26 54/59/26 53/30/26 52/23/26
f 56/147/27 60/2/27 59/31/27 58/58/27 57/148/27
f 61/84/28 63/149/28 62/150/28
f 64/151/29 66/152/29 65/89/29
f 67/153/30 69/154/30 68/77/30
f 70/72/31 72/155/31 71/156/31
f 73/157/32 75/78/32 74/158/32
f 76/83/33 78/159/33 77/160/33
f 79/161/34 81/90/34 80/162/34
f 82/71/35 84/163/35 83/164/35
f 85/165/36 88/80/36 87/113/36 86/166/36
f 89/167/36 92/168/36 91/116/36 90/81/36
f 93/169/37 96/92/37 95/97/37 94/170/37
f 97/171/38 100/172/39 99/100/39 98/69/38
f 101/173/40 105/174/40 104/37/40 103/114/40 102/79/40
f 106/175/41 110/82/41 109/115/41 108/40/41 107/176/41
f 111/177/42 115/178/42 114/57/42 113/98/42 112/91/42
f 116/179/43 120/70/43 119/99/43 118/60/43 117/180/43
f 29/135/20 30/13/20 1/16/20 2/118/20
f 2/181/44 3/45/44 6/48/44 4/182/44
f 37/139/23 38/1/23 10/4/45 11/124/45
f 11/27/46 12/33/46 9/36/46 7/28/46
f 50/14/47 46/143/47 18/127/47 16/15/47
f 17/46/48 18/5/48 19/8/48 20/47/48
f 60/2/49 56/147/49 24/131/49 22/3/49
f 23/34/50 24/19/50 13/18/50 14/35/50
f 8/9/51 9/122/51 14/126/51 15/10/51
f 22/3/52 23/132/52 12/123/52 10/4/52
f 5/21/53 6/120/53 20/130/53 21/22/53
f 16/15/54 17/128/54 3/117/54 1/16/54
f 7/121/19 8/9/19 28/12/19 25/133/19
f 26/134/19 27/49/19 31/52/20 32/136/20
f 4/119/23 5/21/23 36/24/21 33/137/21
f 34/138/22 35/29/22 39/32/23 40/140/23
f 15/10/47 13/125/47 41/141/47 42/11/47
f 43/50/8 44/39/8 48/38/8 49/51/8
f 21/22/37 19/129/37 51/145/37 52/23/37
f 53/30/5 54/59/10 58/58/10 59/31/5
f 27/49/3 28/12/3 42/11/3 43/50/8
f 30/13/3 31/52/3 49/51/8 50/14/3
f 35/29/1 36/24/1 52/23/1 53/30/5
f 38/1/1 39/32/1 59/31/5 60/2/1
f 55/183/48 51/7/48 46/6/48 47/184/48
f 56/20/50 57/185/50 45/186/50 41/17/50
f 32/41/4 29/187/4 33/188/4 34/42/4
f 25/25/4 26/44/4 40/43/4 37/26/4
f 89/167/36 90/81/36 61/84/36 62/150/36
f 62/53/55 63/109/55 66/112/55 64/54/55
f 97/171/38 98/69/38 70/72/56 71/156/56
f 71/95/57 72/101/57 69/104/57 67/96/57
f 110/82/20 106/175/20 78/159/20 76/83/20
f 77/110/58 78/73/58 79/76/58 80/111/58
f 120/70/23 116/179/23 84/163/23 82/71/23
f 83/102/59 84/87/59 73/86/59 74/103/59
f 68/77/60 69/154/60 74/158/60 75/78/60
f 82/71/61 83/164/61 72/155/61 70/72/61
f 65/89/62 66/152/62 80/162/62 81/90/62
f 76/83/51 77/160/51 63/149/51 61/84/51
f 67/153/36 68/77/36 88/80/36 85/165/36
f 86/166/36 87/113/36 91/116/36 92/168/36
f 64/151/37 65/89/37 96/92/37 93/169/37
f 94/170/37 95/97/37 99/100/39 100/172/39
f 75/78/19 73/157/19 101/173/19 102/79/19
f 103/114/7 104/37/7 108/40/7 109/115/7
f 81/90/45 79/161/45 111/177/45 112/91/45
f 113/98/5 114/57/5 118/60/5 119/99/5
f 87/113/3 88/80/3 102/79/3 103/114/7
f 90/81/3 91/116/3 109/115/7 110/82/3
f 95/97/1 96/92/1 112/91/1 113/98/5
f 98/69/1 99/100/1 119/99/5 120/70/1
f 115/189/63 111/75/63 106/74/63 107/190/63
f 116/88/59 117/191/59 105/192/59 101/85/59
f 92/105/2 89/56/2 93/55/2 94/106/2
f 85/93/2 86/108/2 100/107/2 97/94/2
f 44/39/64 45/193/64 107/194/64 108/40/64
f 104/37/65 105/195/65 47/196/65 48/38/65
f 54/59/66 55/197/66 117/198/66 118/60/66
f 57/199/67 58/58/67 114/57/67 115/200/67
f 2/181/4 4/182/4 33/188/4 29/187/4
f 122/201/6 155/202/68 192/203/68 157/204/6
f 187/205/69 185/206/70 276/207/70 278/208/69
f 143/209/71 141/210/72 178/211/72 180/212/71
f 129/213/73 127/214/74 164/215/74 166/216/73
f 125/217/75 123/218/76 160/219/76 162/220/75
f 145/221/77 143/209/71 180/212/71 182/222/77
f 131/223/78 129/213/73 166/216/73 168/224/78
f 147/225/79 145/221/77 182/222/77 184/226/79
f 133/227/80 131/223/78 168/224/78 170/228/80
f 149/229/81 147/225/79 184/226/79 186/230/81
f 135/231/82 133/227/80 170/228/80 172/232/82
f 151/233/69 149/229/81 186/230/81 188/234/69
f 137/235/83 135/231/82 172/232/82 174/236/83
f 153/237/84 151/233/69 188/234/69 190/238/84
f 139/239/9 137/240/83 174/241/83 176/242/9
f 124/243/85 126/244/85 128/245/85 130/246/85 132/247/85 134/248/85 136/249/85 138/250/85 140/251/85 142/252/85 144/253/85 146/254/85 148/255/85 150/256/85 152/257/85 154/258/85 156/259/85 121/260/85
f 155/202/68 153/237/84 190/238/84 192/203/68
f 141/210/72 139/239/9 176/242/9 178/211/72
f 127/214/74 125/217/75 162/220/75 164/215/74
f 124/243/86 121/260/87 122/201/87 123/218/88
f 126/244/89 124/243/86 123/218/88 125/217/89
f 128/245/90 126/244/89 125/217/89 127/214/91
f 130/246/92 128/245/90 127/214/91 129/213/92
f 132/247/93 130/246/92 129/213/92 131/223/93
f 134/248/94 132/247/93 131/223/93 133/227/95
f 136/249/96 134/248/94 133/227/95 135/231/96
f 138/250/97 136/249/96 135/231/96 137/235/98
f 140/251/99 138/250/97 137/240/98 139/239/99
f 142/252/100 140/251/99 139/239/99 141/210/101
f 144/253/102 142/252/100 141/210/101 143/209/102
f 146/254/103 144/253/102 143/209/102 145/221/104
f 148/255/105 146/254/103 145/221/104 147/225/106
f 150/256/107 148/255/105 147/225/106 149/229/108
f 152/257/109 150/256/107 149/229/108 151/233/109
f 154/258/110 152/257/109 151/233/109 153/237/111
f 156/259/112 154/258/110 153/237/111 155/202/113
f 121/260/87 156/259/112 155/202/113 122/201/87
f 160/219/114 157/204/115 229/261/115 230/262/116
f 162/220/117 160/219/114 230/262/116 231/263/117
f 164/215/118 162/220/117 231/263/117 232/264/119
f 166/216/120 164/215/118 232/264/119 233/265/120
f 168/224/121 166/216/120 233/265/120 234/266/121
f 170/228/122 168/224/121 234/266/121 235/267/123
f 172/232/124 170/228/122 235/267/123 236/268/124
f 174/236/125 172/232/124 236/268/124 237/269/126
f 176/242/127 174/241/125 237/270/126 238/271/127
f 178/211/128 176/242/127 238/271/127 239/272/129
f 180/212/130 178/211/128 239/272/129 240/273/130
f 182/222/131 180/212/130 240/273/130 241/274/132
f 184/226/133 182/222/131 241/274/132 242/275/134
f 186/230/135 184/226/133 242/275/134 243/276/136
f 188/234/137 186/230/135 243/276/136 244/277/138
f 190/238/139 188/234/137 244/277/138 245/278/140
f 192/203/141 190/238/139 245/278/140 246/279/142
f 157/204/115 192/203/141 246/279/142 229/261/115
f 123/218/76 122/201/6 157/204/6 160/219/76
f 195/280/143 209/281/144 228/282/144 212/283/143
f 205/284/145 203/285/146 222/286/146 223/287/145
f 198/288/85 201/289/85 204/290/85 207/291/85 210/292/85 194/293/85
f 199/294/147 197/295/147 216/296/147 217/297/147
f 208/298/148 206/299/148 225/300/148 226/301/148
f 202/302/149 200/303/150 219/304/150 220/305/149
f 215/306/151 213/307/151 227/308/151 224/309/151 221/310/151 218/311/151
f 193/312/152 194/293/153 195/313/154
f 196/314/155 197/315/156 198/288/157
f 199/316/158 200/317/159 201/289/160
f 202/318/161 203/319/162 204/290/163
f 205/320/164 206/321/165 207/291/166
f 208/322/167 209/323/168 210/292/169
f 211/324/170 212/325/171 213/307/172
f 214/326/173 215/306/174 216/327/175
f 217/328/176 218/311/177 219/329/178
f 220/330/179 221/310/180 222/331/181
f 223/332/182 224/309/183 225/333/184
f 226/334/185 227/308/186 228/335/187
f 198/288/157 194/293/153 193/312/152 196/314/155
f 201/289/160 198/288/157 197/315/156 199/316/158
f 204/290/163 201/289/160 200/317/159 202/318/161
f 207/291/166 204/290/163 203/319/162 205/320/164
f 210/292/169 207/291/166 206/321/165 208/322/167
f 194/293/153 210/292/169 209/323/168 195/313/154
f 214/326/173 211/324/170 213/307/172 215/306/174
f 217/328/176 216/327/175 215/306/174 218/311/177
f 220/330/179 219/329/178 218/311/177 221/310/180
f 223/332/182 222/331/181 221/310/180 224/309/183
f 226/334/185 225/333/184 224/309/183 227/308/186
f 212/325/171 228/335/187 227/308/186 213/307/172
f 199/294/80 217/297/80 219/304/150 200/303/150
f 222/286/146 203/285/146 202/302/149 220/305/149
f 195/280/143 212/283/143 211/336/188 193/337/188
f 216/296/74 197/295/74 196/338/189 214/339/189
f 208/298/69 226/301/69 228/282/144 209/281/144
f 225/300/77 206/299/77 205/340/145 223/341/145
f 196/338/189 193/337/188 211/336/188 214/339/189
f 158/342/151 159/343/151 230/262/151 229/261/151
f 159/343/151 161/344/151 231/263/151 230/262/151
f 161/344/151 163/345/151 232/264/151 231/263/151
f 163/345/151 165/346/151 233/265/151 232/264/151
f 165/346/151 167/347/151 234/266/151 233/265/151
f 167/347/151 169/348/151 235/267/151 234/266/151
f 169/348/151 171/349/151 236/268/151 235/267/151
f 171/349/151 173/350/151 237/269/151 236/268/151
f 173/351/151 175/352/151 238/271/151 237/270/151
f 175/352/151 177/353/151 239/272/151 238/271/151
f 177/353/151 179/354/151 240/273/151 239/272/151
f 179/354/151 181/355/151 241/274/151 240/273/151
f 181/355/151 183/356/151 242/275/151 241/274/151
f 183/356/151 185/357/151 243/276/151 242/275/151
f 185/357/151 187/358/151 244/277/151 243/276/151
f 187/358/151 189/359/151 245/278/151 244/277/151
f 189/359/151 191/360/151 246/279/151 245/278/151
f 191/360/151 158/342/151 229/261/151 246/279/151
f 158/361/6 191/362/68 282/363/68 247/364/6
f 173/365/83 171/366/190 262/367/190 264/368/83
f 189/369/84 187/205/69 278/208/69 280/370/84
f 175/371/9 173/372/83 264/373/83 266/374/9
f 249/375/151 248/376/151 281/377/151 279/378/151 277/379/151 275/380/151 273/381/151 271/382/151 269/383/151 267/384/151 265/385/151 263/386/151 261/387/151 259/388/151 257/389/151 255/390/151 253/391/151 251/392/151
f 191/362/68 189/369/84 280/370/84 282/363/68
f 177/393/72 175/371/9 266/374/9 268/394/72
f 163/395/74 161/396/191 252/397/191 254/398/74
f 179/399/71 177/393/72 268/394/72 270/400/71
f 165/401/73 163/395/74 254/398/74 256/402/73
f 161/396/191 159/403/76 250/404/76 252/397/191
f 181/405/77 179/399/71 270/400/71 272/406/77
f 167/407/78 165/401/73 256/402/73 258/408/78
f 183/409/192 181/405/77 272/406/77 274/410/192
f 169/411/80 167/407/78 258/408/78 260/412/80
f 185/206/70 183/409/192 274/410/192 276/207/70
f 171/366/190 169/411/80 260/412/80 262/367/190
f 248/376/115 249/375/116 250/413/114 247/414/115
f 249/375/116 251/392/117 252/415/117 250/413/114
f 251/392/117 253/391/193 254/416/118 252/415/117
f 253/391/193 255/390/120 256/417/120 254/416/118
f 255/390/120 257/389/121 258/418/121 256/417/120
f 257/389/121 259/388/194 260/419/122 258/418/121
f 259/388/194 261/387/124 262/420/124 260/419/122
f 261/387/124 263/386/126 264/421/125 262/420/124
f 263/386/126 265/385/127 266/422/127 264/423/125
f 265/385/127 267/384/128 268/424/129 266/422/127
f 267/384/128 269/383/130 270/425/130 268/424/129
f 269/383/130 271/382/131 272/426/131 270/425/130
f 271/382/131 273/381/134 274/427/134 272/426/131
f 273/381/134 275/380/136 276/428/136 274/427/134
f 275/380/136 277/379/137 278/429/137 276/428/136
f 277/379/137 279/378/139 280/430/139 278/429/137
f 279/378/139 281/377/142 282/431/141 280/430/139
f 281/377/142 248/376/115 247/414/115 282/431/141
f 159/403/76 158/361/6 247/364/6 250/404/76
f 284/432/6 317/433/68 354/434/68 319/435/6
f 349/436/69 347/437/70 438/438/70 440/439/69
f 305/440/71 303/441/72 340/442/72 342/443/71
f 291/444/73 289/445/74 326/446/74 328/447/73
f 287/448/75 285/449/76 322/450/76 324/451/75
f 307/452/77 305/440/71 342/443/71 344/453/77
f 293/454/78 291/444/73 328/447/73 330/455/78
f 309/456/79 307/452/77 344/453/77 346/457/79
f 295/458/80 293/454/78 330/455/78 332/459/80
f 311/460/81 309/456/79 346/457/79 348/461/81
f 297/462/82 295/458/80 332/459/80 334/463/82
f 313/464/69 311/460/81 348/461/81 350/465/69
f 299/466/83 297/462/82 334/463/82 336/467/83
f 315/468/84 313/464/69 350/465/69 352/469/84
f 301/470/9 299/466/83 336/467/83 338/471/9
f 286/472/85 288/473/85 290/474/85 292/475/85 294/476/85 296/477/85 298/478/85 300/479/85 302/480/85 304/481/85 306/482/85 308/483/85 310/484/85 312/485/85 314/486/85 316/487/85 318/488/85 283/489/85
f 317/433/68 315/468/84 352/469/84 354/434/68
f 303/441/72 301/490/9 338/491/9 340/442/72
f 289/445/74 287/448/75 324/451/75 326/446/74
f 286/472/86 283/489/87 284/432/87 285/449/86
f 288/473/89 286/472/86 285/449/86 287/448/89
f 290/474/90 288/473/89 287/448/89 289/445/91
f 292/475/92 290/474/90 289/445/91 291/444/92
f 294/476/93 292/475/92 291/444/92 293/454/93
f 296/477/94 294/476/93 293/454/93 295/458/95
f 298/478/96 296/477/94 295/458/95 297/462/96
f 300/479/97 298/478/96 297/462/96 299/466/97
f 302/480/99 300/479/97 299/466/97 301/470/99
f 304/481/100 302/480/99 301/490/99 303/441/100
f 306/482/102 304/481/100 303/441/100 305/440/102
f 308/483/103 306/482/102 305/440/102 307/452/104
f 310/484/105 308/483/103 307/452/104 309/456/106
f 312/485/107 310/484/105 309/456/106 311/460/108
f 314/486/195 312/485/107 311/460/108 313/464/109
f 316/487/110 314/486/195 313/464/109 315/468/111
f 318/488/112 316/487/110 315/468/111 317/433/113
f 283/489/87 318/488/112 317/433/113 284/432/87
f 322/450/114 319/435/115 391/492/115 392/493/116
f 324/451/117 322/450/114 392/493/116 393/494/117
f 326/446/118 324/451/117 393/494/117 394/495/119
f 328/447/120 326/446/118 394/495/119 395/496/120
f 330/455/121 328/447/120 395/496/120 396/497/121
f 332/459/122 330/455/121 396/497/121 397/498/123
f 334/463/124 332/459/122 397/498/123 398/499/124
f 336/467/126 334/463/124 398/499/124 399/500/126
f 338/471/127 336/467/126 399/500/126 400/501/127
f 340/442/129 338/491/127 400/502/127 401/503/129
f 342/443/130 340/442/129 401/503/129 402/504/130
f 344/453/131 342/443/130 402/504/130 403/505/132
f 346/457/133 344/453/131 403/505/132 404/506/134
f 348/461/135 346/457/133 404/506/134 405/507/136
f 350/465/137 348/461/135 405/507/136 406/508/138
f 352/469/139 350/465/137 406/508/138 407/509/140
f 354/434/141 352/469/139 407/509/140 408/510/142
f 319/435/115 354/434/141 408/510/142 391/492/115
f 285/449/76 284/432/6 319/435/6 322/450/76
f 357/511/143 371/512/144 390/513/144 374/514/143
f 367/515/145 365/516/146 384/517/146 385/518/145
f 360/519/85 363/520/85 366/521/85 369/522/85 372/523/85 356/524/85
f 361/525/147 359/526/147 378/527/147 379/528/147
f 370/529/148 368/530/148 387/531/148 388/532/148
f 364/533/149 362/534/150 381/535/150 382/536/149
f 377/537/151 375/538/151 389/539/151 386/540/151 383/541/151 380/542/151
f 355/543/152 356/524/153 357/544/154
f 358/545/155 359/546/156 360/519/157
f 361/547/158 362/548/159 363/520/160
f 364/549/196 365/550/162 366/521/197
f 367/551/164 368/552/165 369/522/166
f 370/553/167 371/554/168 372/523/169
f 373/555/170 374/556/171 375/538/172
f 376/557/173 377/537/174 378/558/175
f 379/559/176 380/542/177 381/560/178
f 382/561/179 383/541/180 384/562/198
f 385/563/182 386/540/183 387/564/184
f 388/565/185 389/539/186 390/566/187
f 360/519/157 356/524/153 355/543/152 358/545/155
f 363/520/160 360/519/157 359/546/156 361/547/158
f 366/521/197 363/520/160 362/548/159 364/549/196
f 369/522/166 366/521/197 365/550/162 367/551/164
f 372/523/169 369/522/166 368/552/165 370/553/167
f 356/524/153 372/523/169 371/554/168 357/544/154
f 376/557/173 373/555/170 375/538/172 377/537/174
f 379/559/176 378/558/175 377/537/174 380/542/177
f 382/561/179 381/560/178 380/542/177 383/541/180
f 385/563/182 384/562/198 383/541/180 386/540/183
f 388/565/185 387/564/184 386/540/183 389/539/186
f 374/556/171 390/566/187 389/539/186 375/538/172
f 361/525/80 379/528/80 381/535/150 362/534/150
f 384/517/146 365/516/146 364/533/149 382/536/149
f 357/511/143 374/514/143 373/567/188 355/568/188
f 378/527/74 359/526/74 358/569/189 376/570/189
f 370/529/69 388/532/69 390/513/144 371/512/144
f 387/531/77 368/530/77 367/571/145 385/572/145
f 358/569/189 355/568/188 373/567/188 376/570/189
f 320/573/151 321/574/151 392/493/151 391/492/151
f 321/574/151 323/575/151 393/494/151 392/493/151
f 323/575/151 325/576/151 394/495/151 393/494/151
f 325/576/151 327/577/151 395/496/151 394/495/151
f 327/577/151 329/578/151 396/497/151 395/496/151
f 329/578/151 331/579/151 397/498/151 396/497/151
f 331/579/151 333/580/151 398/499/151 397/498/151
f 333/580/151 335/581/151 399/500/151 398/499/151
f 335/581/151 337/582/151 400/501/151 399/500/151
f 337/583/151 339/584/151 401/503/151 400/502/151
f 339/584/151 341/585/151 402/504/151 401/503/151
f 341/585/151 343/586/151 403/505/151 402/504/151
f 343/586/151 345/587/151 404/506/151 403/505/151
f 345/587/151 347/588/151 405/507/151 404/506/151
f 347/588/151 349/589/151 406/508/151 405/507/151
f 349/589/151 351/590/151 407/509/151 406/508/151
f 351/590/151 353/591/151 408/510/151 407/509/151
f 353/591/151 320/573/151 391/492/151 408/510/151
f 320/592/6 353/593/68 444/594/68 409/595/6
f 335/596/83 333/597/190 424/598/190 426/599/83
f 351/600/84 349/436/69 440/439/69 442/601/84
f 337/602/9 335/596/83 426/599/83 428/603/9
f 411/604/151 410/605/151 443/606/151 441/607/151 439/608/151 437/609/151 435/610/151 433/611/151 431/612/151 429/613/151 427/614/151 425/615/151 423/616/151 421/617/151 419/618/151 417/619/151 415/620/151 413/621/151
f 353/593/68 351/600/84 442/601/84 444/594/68
f 339/622/72 337/623/9 428/624/9 430/625/72
f 325/626/74 323/627/191 414/628/191 416/629/74
f 341/630/71 339/622/72 430/625/72 432/631/71
f 327/632/73 325/626/74 416/629/74 418/633/73
f 323/627/191 321/634/76 412/635/76 414/628/191
f 343/636/77 341/630/71 432/631/71 434/637/77
f 329/638/78 327/632/73 418/633/73 420/639/78
f 345/640/192 343/636/77 434/637/77 436/641/192
f 331/642/80 329/638/78 420/639/78 422/643/80
f 347/437/70 345/640/192 436/641/192 438/438/70
f 333/597/190 331/642/80 422/643/80 424/598/190
f 410/605/115 411/604/116 412/644/114 409/645/115
f 411/604/116 413/621/117 414/646/117 412/644/114
f 413/621/117 415/620/193 416/647/193 414/646/117
f 415/620/193 417/619/120 418/648/120 416/647/193
f 417/619/120 419/618/121 420/649/121 418/648/120
f 419/618/121 421/617/194 422/650/194 420/649/121
f 421/617/194 423/616/124 424/651/124 422/650/194
f 423/616/124 425/615/125 426/652/125 424/651/124
f 425/615/125 427/614/127 428/653/127 426/652/125
f 427/614/127 429/613/128 430/654/128 428/655/127
f 429/613/128 431/612/130 432/656/130 430/654/128
f 431/612/130 433/611/131 434/657/131 432/656/130
f 433/611/131 435/610/134 436/658/134 434/657/131
f 435/610/134 437/609/136 438/659/136 436/658/134
f 437/609/136 439/608/137 440/660/137 438/659/136
f 439/608/137 441/607/139 442/661/139 440/660/137
f 441/607/139 443/606/141 444/662/141 442/661/139
f 443/606/141 410/605/115 409/645/115 444/662/141
f 321/634/76 320/592/6 409/595/6 412/635/76
f 446/663/6 479/664/68 516/665/68 481/666/6
f 511/667/69 509/668/70 600/669/70 602/670/69
f 467/671/71 465/672/72 502/673/72 504/674/71
f 453/675/73 451/676/74 488/677/74 490/678/73
f 449/679/75 447/680/76 484/681/76 486/682/75
f 469/683/77 467/671/71 504/674/71 506/684/77
f 455/685/78 453/675/73 490/678/73 492/686/78
f 471/687/79 469/683/77 506/684/77 508/688/79
f 457/689/80 455/685/78 492/686/78 494/690/80
f 473/691/81 471/687/79 508/688/79 510/692/81
f 459/693/82 457/689/80 494/690/80 496/694/82
f 475/695/69 473/691/81 510/692/81 512/696/69
f 461/697/83 459/693/82 496/694/82 498/698/83
f 477/699/84 475/695/69 512/696/69 514/700/84
f 463/701/9 461/702/83 498/703/83 500/704/9
f 448/705/85 450/706/85 452/707/85 454/708/85 456/709/85 458/710/85 460/711/85 462/712/85 464/713/85 466/714/85 468/715/85 470/716/85 472/717/85 474/718/85 476/719/85 478/720/85 480/721/85 445/722/85
f 479/664/68 477/699/84 514/700/84 516/665/68
f 465/672/72 463/701/9 500/704/9 502/673/72
f 451/676/74 449/679/75 486/682/75 488/677/74
f 448/705/86 445/722/87 446/663/87 447/680/88
f 450/706/89 448/705/86 447/680/88 449/679/89
f 452/707/90 450/706/89 449/679/89 451/676/91
f 454/708/92 452/707/90 451/676/91 453/675/92
f 456/709/93 454/708/92 453/675/92 455/685/93
f 458/710/94 456/709/93 455/685/93 457/689/95
f 460/711/96 458/710/94 457/689/95 459/693/96
f 462/712/97 460/711/96 459/693/96 461/697/98
f 464/713/99 462/712/97 461/702/98 463/701/99
f 466/714/100 464/713/99 463/701/99 465/672/101
f 468/715/102 466/714/100 465/672/101 467/671/102
f 470/716/103 468/715/102 467/671/102 469/683/104
f 472/717/105 470/716/103 469/683/104 471/687/106
f 474/718/107 472/717/105 471/687/106 473/691/108
f 476/719/109 474/718/107 473/691/108 475/695/109
f 478/720/110 476/719/109 475/695/109 477/699/111
f 480/721/112 478/720/110 477/699/111 479/664/113
f 445/722/87 480/721/112 479/664/113 446/663/87
f 484/681/114 481/666/115 553/723/115 554/724/116
f 486/682/117 484/681/114 554/724/116 555/725/117
f 488/677/118 486/682/117 555/725/117 556/726/119
f 490/678/120 488/677/118 556/726/119 557/727/120
f 492/686/121 490/678/120 557/727/120 558/728/121
f 494/690/122 492/686/121 558/728/121 559/729/123
f 496/694/124 494/690/122 559/729/123 560/730/124
f 498/698/125 496/694/124 560/730/124 561/731/126
f 500/704/127 498/703/125 561/732/126 562/733/127
f 502/673/128 500/704/127 562/733/127 563/734/129
f 504/674/130 502/673/128 563/734/129 564/735/130
f 506/684/131 504/674/130 564/735/130 565/736/132
f 508/688/133 506/684/131 565/736/132 566/737/134
f 510/692/135 508/688/133 566/737/134 567/738/136
f 512/696/137 510/692/135 567/738/136 568/739/138
f 514/700/139 512/696/137 568/739/138 569/740/140
f 516/665/141 514/700/139 569/740/140 570/741/142
f 481/666/115 516/665/141 570/741/142 553/723/115
f 447/680/76 446/663/6 481/666/6 484/681/76
f 519/742/143 533/743/144 552/744/144 536/745/143
f 529/746/145 527/747/146 546/748/146 547/749/145
f 522/750/85 525/751/85 528/752/85 531/753/85 534/754/85 518/755/85
f 523/756/147 521/757/147 540/758/147 541/759/147
f 532/760/148 530/761/148 549/762/148 550/763/148
f 526/764/149 524/765/150 543/766/150 544/767/149
f 539/768/151 537/769/151 551/770/151 548/771/151 545/772/151 542/773/151
f 517/774/152 518/755/153 519/775/154
f 520/776/155 521/777/156 522/750/157
f 523/778/158 524/779/159 525/751/160
f 526/780/161 527/781/162 528/752/163
f 529/782/164 530/783/165 531/753/166
f 532/784/167 533/785/168 534/754/169
f 535/786/170 536/787/171 537/769/199
f 538/788/173 539/768/174 540/789/175
f 541/790/176 542/773/177 543/791/178
f 544/792/179 545/772/180 546/793/181
f 547/794/182 548/771/183 549/795/184
f 550/796/185 551/770/186 552/797/187
f 522/750/157 518/755/153 517/774/152 520/776/155
f 525/751/160 522/750/157 521/777/156 523/778/158
f 528/752/163 525/751/160 524/779/159 526/780/161
f 531/753/166 528/752/163 527/781/162 529/782/164
f 534/754/169 531/753/166 530/783/165 532/784/167
f 518/755/153 534/754/169 533/785/168 519/775/154
f 538/788/173 535/786/170 537/769/199 539/768/174
f 541/790/176 540/789/175 539/768/174 542/773/177
f 544/792/179 543/791/178 542/773/177 545/772/180
f 547/794/182 546/793/181 545/772/180 548/771/183
f 550/796/185 549/795/184 548/771/183 551/770/186
f 536/787/171 552/797/187 551/770/186 537/769/199
f 523/756/80 541/759/80 543/766/150 524/765/150
f 546/748/146 527/747/146 526/764/149 544/767/149
f 519/742/143 536/745/143 535/798/188 517/799/188
f 540/758/74 521/757/74 520/800/189 538/801/189
f 532/802/69 550/803/69 552/744/144 533/743/144
f 549/762/77 530/761/77 529/746/145 547/749/145
f 520/800/189 517/799/188 535/798/188 538/801/189
f 482/804/151 483/805/151 554/724/151 553/723/151
f 483/805/151 485/806/151 555/725/151 554/724/151
f 485/806/151 487/807/151 556/726/151 555/725/151
f 487/807/151 489/808/151 557/727/151 556/726/151
f 489/808/151 491/809/151 558/728/151 557/727/151
f 491/809/151 493/810/151 559/729/151 558/728/151
f 493/810/151 495/811/151 560/730/151 559/729/151
f 495/811/151 497/812/151 561/731/151 560/730/151
f 497/813/151 499/814/151 562/733/151 561/732/151
f 499/814/151 501/815/151 563/734/151 562/733/151
f 501/815/151 503/816/151 564/735/151 563/734/151
f 503/816/151 505/817/151 565/736/151 564/735/151
f 505/817/151 507/818/151 566/737/151 565/736/151
f 507/818/151 509/819/151 567/738/151 566/737/151
f 509/819/151 511/820/151 568/739/151 567/738/151
f 511/820/151 513/821/151 569/740/151 568/739/151
f 513/821/151 515/822/151 570/741/151 569/740/151
f 515/822/151 482/804/151 553/723/151 570/741/151
f 482/823/6 515/824/68 606/825/68 571/826/6
f 497/827/83 495/828/190 586/829/190 588/830/83
f 513/831/84 511/667/69 602/670/69 604/832/84
f 499/833/9 497/834/83 588/835/83 590/836/9
f 573/837/151 572/838/151 605/839/151 603/840/151 601/841/151 599/842/151 597/843/151 595/844/151 593/845/151 591/846/151 589/847/151 587/848/151 585/849/151 583/850/151 581/851/151 579/852/151 577/853/151 575/854/151
f 515/824/68 513/831/84 604/832/84 606/825/68
f 501/855/72 499/833/9 590/836/9 592/856/72
f 487/857/74 485/858/191 576/859/191 578/860/74
f 503/861/71 501/855/72 592/856/72 594/862/71
f 489/863/73 487/857/74 578/860/74 580/864/73
f 485/858/191 483/865/76 574/866/76 576/859/191
f 505/867/77 503/861/71 594/862/71 596/868/77
f 491/869/78 489/863/73 580/864/73 582/870/78
f 507/871/192 505/867/77 596/868/77 598/872/192
f 493/873/80 491/869/78 582/870/78 584/874/80
f 509/668/70 507/871/192 598/872/192 600/669/70
f 495/828/190 493/873/80 584/874/80 586/829/190
f 572/838/115 573/837/116 574/875/114 571/876/115
f 573/837/116 575/854/117 576/877/117 574/875/114
f 575/854/117 577/853/193 578/878/193 576/877/117
f 577/853/193 579/852/120 580/879/120 578/878/193
f 579/852/120 581/851/121 582/880/121 580/879/120
f 581/851/121 583/850/194 584/881/122 582/880/121
f 583/850/194 585/849/124 586/882/124 584/881/122
f 585/849/124 587/848/125 588/883/125 586/882/124
f 587/848/125 589/847/127 590/884/127 588/885/125
f 589/847/127 591/846/128 592/886/129 590/884/127
f 591/846/128 593/845/130 594/887/130 592/886/129
f 593/845/130 595/844/131 596/888/131 594/887/130
f 595/844/131 597/843/134 598/889/134 596/888/131
f 597/843/134 599/842/136 600/890/136 598/889/134
f 599/842/136 601/841/137 602/891/137 600/890/136
f 601/841/137 603/840/139 604/892/139 602/891/137
f 603/840/139 605/839/141 606/893/141 604/892/139
f 605/839/141 572/838/115 571/876/115 606/893/141
f 483/865/76 482/823/6 571/826/6 574/866/76
f 608/894/6 641/895/68 678/896/68 643/897/6
f 673/898/69 671/899/70 762/900/70 764/901/69
f 629/902/71 627/903/72 664/904/72 666/905/71
f 615/906/73 613/907/74 650/908/74 652/909/73
f 611/910/75 609/911/76 646/912/76 648/913/75
f 631/914/77 629/902/71 666/905/71 668/915/77
f 617/916/78 615/906/73 652/909/73 654/917/78
f 633/918/79 631/914/77 668/915/77 670/919/79
f 619/920/80 617/916/78 654/917/78 656/921/80
f 635/922/81 633/918/79 670/919/79 672/923/81
f 621/924/82 619/920/80 656/921/80 658/925/82
f 637/926/69 635/922/81 672/923/81 674/927/69
f 623/928/83 621/924/82 658/925/82 660/929/83
f 639/930/84 637/926/69 674/927/69 676/931/84
f 625/932/9 623/928/83 660/929/83 662/933/9
f 610/934/85 612/935/85 614/936/85 616/937/85 618/938/85 620/939/85 622/940/85 624/941/85 626/942/85 628/943/85 630/944/85 632/945/85 634/946/85 636/947/85 638/948/85 640/949/85 642/950/85 607/951/85
f 641/952/68 639/930/84 676/931/84 678/953/68
f 627/903/72 625/932/9 662/933/9 664/904/72
f 613/907/74 611/910/75 648/913/75 650/908/74
f 610/934/86 607/951/87 608/894/87 609/911/88
f 612/935/89 610/934/86 609/911/88 611/910/89
f 614/936/90 612/935/89 611/910/89 613/907/91
f 616/937/92 614/936/90 613/907/91 615/906/92
f 618/938/93 616/937/92 615/906/92 617/916/93
f 620/939/94 618/938/93 617/916/93 619/920/95
f 622/940/96 620/939/94 619/920/95 621/924/96
f 624/941/98 622/940/96 621/924/96 623/928/98
f 626/942/99 624/941/98 623/928/98 625/932/99
f 628/943/101 626/942/99 625/932/99 627/903/101
f 630/944/102 628/943/101 627/903/101 629/902/102
f 632/945/104 630/944/102 629/902/102 631/914/104
f 634/946/105 632/945/104 631/914/104 633/918/106
f 636/947/107 634/946/105 633/918/106 635/922/108
f 638/948/195 636/947/107 635/922/108 637/926/109
f 640/949/110 638/948/195 637/926/109 639/930/111
f 642/950/112 640/949/110 639/930/111 641/952/113
f 607/951/87 642/950/112 641/895/113 608/894/87
f 646/912/114 643/897/115 715/954/115 716/955/116
f 648/913/117 646/912/114 716/955/116 717/956/117
f 650/908/118 648/913/117 717/956/117 718/957/119
f 652/909/120 650/908/118 718/957/119 719/958/120
f 654/917/121 652/909/120 719/958/120 720/959/121
f 656/921/122 654/917/121 720/959/121 721/960/123
f 658/925/124 656/921/122 721/960/123 722/961/124
f 660/929/125 658/925/124 722/961/124 723/962/125
f 662/933/127 660/929/125 723/962/125 724/963/127
f 664/904/128 662/933/127 724/963/127 725/964/128
f 666/905/130 664/904/128 725/964/128 726/965/130
f 668/915/131 666/905/130 726/965/130 727/966/131
f 670/919/133 668/915/131 727/966/131 728/967/134
f 672/923/135 670/919/133 728/967/134 729/968/136
f 674/927/137 672/923/135 729/968/136 730/969/138
f 676/931/139 674/927/137 730/969/138 731/970/140
f 678/953/141 676/931/139 731/970/140 732/971/142
f 643/897/115 678/896/141 732/972/142 715/954/115
f 609/911/76 608/894/6 643/897/6 646/912/76
f 681/973/143 695/974/144 714/975/144 698/976/143
f 691/977/145 689/978/146 708/979/146 709/980/145
f 684/981/85 687/982/85 690/983/85 693/984/85 696/985/85 680/986/85
f 685/987/147 683/988/147 702/989/147 703/990/147
f 694/991/148 692/992/148 711/993/148 712/994/148
f 688/995/149 686/996/150 705/997/150 706/998/149
f 701/999/151 699/1000/151 713/1001/151 710/1002/151 707/1003/151 704/1004/151
f 679/1005/152 680/986/200 681/1006/201
f 682/1007/155 683/1008/156 684/981/157
f 685/1009/158 686/1010/159 687/982/160
f 688/1011/161 689/1012/162 690/983/163
f 691/1013/164 692/1014/165 693/984/166
f 694/1015/167 695/1016/168 696/985/169
f 697/1017/170 698/1018/171 699/1000/172
f 700/1019/173 701/999/174 702/1020/175
f 703/1021/176 704/1004/177 705/1022/178
f 706/1023/179 707/1003/202 708/1024/181
f 709/1025/182 710/1002/183 711/1026/184
f 712/1027/185 713/1001/186 714/1028/187
f 684/981/157 680/986/200 679/1005/152 682/1007/155
f 687/982/160 684/981/157 683/1008/156 685/1009/158
f 690/983/163 687/982/160 686/1010/159 688/1011/161
f 693/984/166 690/983/163 689/1012/162 691/1013/164
f 696/985/169 693/984/166 692/1014/165 694/1015/167
f 680/986/200 696/985/169 695/1016/168 681/1006/201
f 700/1019/173 697/1017/170 699/1000/172 701/999/174
f 703/1021/176 702/1020/175 701/999/174 704/1004/177
f 706/1023/179 705/1022/178 704/1004/177 707/1003/202
f 709/1025/182 708/1024/181 707/1003/202 710/1002/183
f 712/1027/185 711/1026/184 710/1002/183 713/1001/186
f 698/1018/171 714/1028/187 713/1001/186 699/1000/172
f 685/987/80 703/990/80 705/997/150 686/996/150
f 708/979/146 689/978/146 688/995/149 706/998/149
f 681/973/143 698/976/143 697/1029/188 679/1030/188
f 702/989/74 683/988/74 682/1031/189 700/1032/189
f 694/991/69 712/994/69 714/1033/144 695/1034/144
f 711/993/77 692/992/77 691/977/145 709/980/145
f 682/1031/189 679/1030/188 697/1029/188 700/1032/189
f 644/1035/151 645/1036/151 716/955/151 715/954/151
f 645/1036/151 647/1037/151 717/956/151 716/955/151
f 647/1037/151 649/1038/151 718/957/151 717/956/151
f 649/1038/151 651/1039/151 719/958/151 718/957/151
f 651/1039/151 653/1040/151 720/959/151 719/958/151
f 653/1040/151 655/1041/151 721/960/151 720/959/151
f 655/1041/151 657/1042/151 722/961/151 721/960/151
f 657/1042/151 659/1043/151 723/962/151 722/961/151
f 659/1043/151 661/1044/151 724/963/151 723/962/151
f 661/1044/151 663/1045/151 725/964/151 724/963/151
f 663/1045/151 665/1046/151 726/965/151 725/964/151
f 665/1046/151 667/1047/151 727/966/151 726/965/151
f 667/1047/151 669/1048/151 728/967/151 727/966/151
f 669/1048/151 671/1049/151 729/968/151 728/967/151
f 671/1049/151 673/1050/151 730/969/151 729/968/151
f 673/1050/151 675/1051/151 731/970/151 730/969/151
f 675/1051/151 677/1052/151 732/971/151 731/970/151
f 677/1053/151 644/1035/151 715/954/151 732/972/151
f 644/1054/6 677/1055/68 768/1056/68 733/1057/6
f 659/1058/83 657/1059/190 748/1060/190 750/1061/83
f 675/1062/84 673/898/69 764/901/69 766/1063/84
f 661/1064/9 659/1058/83 750/1061/83 752/1065/9
f 735/1066/151 734/1067/151 767/1068/151 765/1069/151 763/1070/151 761/1071/151 759/1072/151 757/1073/151 755/1074/151 753/1075/151 751/1076/151 749/1077/151 747/1078/151 745/1079/151 743/1080/151 741/1081/151 739/1082/151 737/1083/151
f 677/1084/68 675/1062/84 766/1063/84 768/1085/68
f 663/1086/72 661/1064/9 752/1065/9 754/1087/72
f 649/1088/74 647/1089/191 738/1090/191 740/1091/74
f 665/1092/71 663/1086/72 754/1087/72 756/1093/71
f 651/1094/73 649/1088/74 740/1091/74 742/1095/73
f 647/1089/191 645/1096/76 736/1097/76 738/1090/191
f 667/1098/77 665/1092/71 756/1093/71 758/1099/77
f 653/1100/78 651/1094/73 742/1095/73 744/1101/78
f 669/1102/192 667/1098/77 758/1099/77 760/1103/192
f 655/1104/80 653/1100/78 744/1101/78 746/1105/80
f 671/899/70 669/1102/192 760/1103/192 762/900/70
f 657/1059/190 655/1104/80 746/1105/80 748/1060/190
f 734/1067/115 735/1066/116 736/1106/114 733/1107/115
f 735/1066/116 737/1083/117 738/1108/117 736/1106/114
f 737/1083/117 739/1082/193 740/1109/118 738/1108/117
f 739/1082/193 741/1081/120 742/1110/120 740/1109/118
f 741/1081/120 743/1080/121 744/1111/121 742/1110/120
f 743/1080/121 745/1079/194 746/1112/122 744/1111/121
f 745/1079/194 747/1078/124 748/1113/124 746/1112/122
f 747/1078/124 749/1077/126 750/1114/125 748/1113/124
f 749/1077/126 751/1076/127 752/1115/127 750/1114/125
f 751/1076/127 753/1075/129 754/1116/129 752/1115/127
f 753/1075/129 755/1074/130 756/1117/130 754/1116/129
f 755/1074/130 757/1073/131 758/1118/131 756/1117/130
f 757/1073/131 759/1072/134 760/1119/134 758/1118/131
f 759/1072/134 761/1071/136 762/1120/136 760/1119/134
f 761/1071/136 763/1070/137 764/1121/137 762/1120/136
f 763/1070/137 765/1069/139 766/1122/139 764/1121/137
f 765/1069/139 767/1068/142 768/1123/141 766/1122/139
f 767/1068/142 734/1067/115 733/1107/115 768/1124/141
f 645/1096/76 644/1054/6 733/1057/6 736/1097/76
f 770/1125/6 803/1126/68 840/1127/68 805/1128/6
f 835/1129/69 833/1130/70 924/1131/70 926/1132/69
f 791/1133/71 789/1134/72 826/1135/72 828/1136/71
f 777/1137/73 775/1138/74 812/1139/74 814/1140/73
f 773/1141/75 771/1142/76 808/1143/76 810/1144/75
f 793/1145/77 791/1133/71 828/1136/71 830/1146/77
f 779/1147/78 777/1137/73 814/1140/73 816/1148/78
f 795/1149/79 793/1145/77 830/1146/77 832/1150/79
f 781/1151/80 779/1147/78 816/1148/78 818/1152/80
f 797/1153/81 795/1149/79 832/1150/79 834/1154/81
f 783/1155/82 781/1151/80 818/1152/80 820/1156/82
f 799/1157/69 797/1153/81 834/1154/81 836/1158/69
f 785/1159/83 783/1155/82 820/1156/82 822/1160/83
f 801/1161/84 799/1162/69 836/1163/69 838/1164/84
f 787/1165/9 785/1159/83 822/1160/83 824/1166/9
f 772/1167/85 774/1168/85 776/1169/85 778/1170/85 780/1171/85 782/1172/85 784/1173/85 786/1174/85 788/1175/85 790/1176/85 792/1177/85 794/1178/85 796/1179/85 798/1180/85 800/1181/85 802/1182/85 804/1183/85 769/1184/85
f 803/1126/68 801/1161/84 838/1164/84 840/1127/68
f 789/1134/72 787/1165/9 824/1166/9 826/1135/72
f 775/1138/74 773/1141/75 810/1144/75 812/1139/74
f 772/1167/86 769/1184/87 770/1125/87 771/1142/88
f 774/1168/89 772/1167/86 771/1142/88 773/1141/89
f 776/1169/90 774/1168/89 773/1141/89 775/1138/91
f 778/1170/92 776/1169/90 775/1138/91 777/1137/92
f 780/1171/93 778/1170/92 777/1137/92 779/1147/93
f 782/1172/95 780/1171/93 779/1147/93 781/1151/95
f 784/1173/96 782/1172/95 781/1151/95 783/1155/96
f 786/1174/98 784/1173/96 783/1155/96 785/1159/98
f 788/1175/99 786/1174/98 785/1159/98 787/1165/99
f 790/1176/101 788/1175/99 787/1165/99 789/1134/101
f 792/1177/102 790/1176/101 789/1134/101 791/1133/102
f 794/1178/104 792/1177/102 791/1133/102 793/1145/104
f 796/1179/105 794/1178/104 793/1145/104 795/1149/106
f 798/1180/107 796/1179/105 795/1149/106 797/1153/108
f 800/1181/195 798/1180/107 797/1153/108 799/1157/109
f 802/1182/110 800/1181/195 799/1162/109 801/1161/111
f 804/1183/112 802/1182/110 801/1161/111 803/1126/113
f 769/1184/87 804/1183/112 803/1126/113 770/1125/87
f 808/1143/114 805/1128/115 877/1185/115 878/1186/116
f 810/1144/117 808/1143/114 878/1186/116 879/1187/117
f 812/1139/118 810/1144/117 879/1187/117 880/1188/119
f 814/1140/120 812/1139/118 880/1188/119 881/1189/120
f 816/1148/121 814/1140/120 881/1189/120 882/1190/121
f 818/1152/122 816/1148/121 882/1190/121 883/1191/122
f 820/1156/124 818/1152/122 883/1191/122 884/1192/124
f 822/1160/125 820/1156/124 884/1192/124 885/1193/125
f 824/1166/127 822/1160/125 885/1193/125 886/1194/127
f 826/1135/128 824/1166/127 886/1194/127 887/1195/128
f 828/1136/130 826/1135/128 887/1195/128 888/1196/130
f 830/1146/131 828/1136/130 888/1196/130 889/1197/132
f 832/1150/133 830/1146/131 889/1197/132 890/1198/134
f 834/1154/135 832/1150/133 890/1198/134 891/1199/136
f 836/1158/137 834/1154/135 891/1199/136 892/1200/138
f 838/1164/139 836/1163/137 892/1201/138 893/1202/140
f 840/1127/141 838/1164/139 893/1202/140 894/1203/142
f 805/1128/115 840/1127/141 894/1203/142 877/1185/115
f 771/1142/76 770/1125/6 805/1128/6 808/1143/76
f 843/1204/143 857/1205/144 876/1206/144 860/1207/143
f 853/1208/145 851/1209/146 870/1210/146 871/1211/145
f 846/1212/85 849/1213/85 852/1214/85 855/1215/85 858/1216/85 842/1217/85
f 847/1218/147 845/1219/147 864/1220/147 865/1221/147
f 856/1222/148 854/1223/148 873/1224/148 874/1225/148
f 850/1226/149 848/1227/150 867/1228/150 868/1229/149
f 863/1230/151 861/1231/151 875/1232/151 872/1233/151 869/1234/151 866/1235/151
f 841/1236/152 842/1217/200 843/1237/201
f 844/1238/155 845/1239/156 846/1212/157
f 847/1240/158 848/1241/159 849/1213/160
f 850/1242/161 851/1243/162 852/1214/163
f 853/1244/164 854/1245/165 855/1215/166
f 856/1246/167 857/1247/168 858/1216/169
f 859/1248/170 860/1249/171 861/1231/172
f 862/1250/173 863/1230/174 864/1251/175
f 865/1252/176 866/1235/177 867/1253/178
f 868/1254/179 869/1234/202 870/1255/181
f 871/1256/182 872/1233/183 873/1257/184
f 874/1258/185 875/1232/186 876/1259/187
f 846/1212/157 842/1217/200 841/1236/152 844/1238/155
f 849/1213/160 846/1212/157 845/1239/156 847/1240/158
f 852/1214/163 849/1213/160 848/1241/159 850/1242/161
f 855/1215/166 852/1214/163 851/1243/162 853/1244/164
f 858/1216/169 855/1215/166 854/1245/165 856/1246/167
f 842/1217/200 858/1216/169 857/1247/168 843/1237/201
f 862/1250/173 859/1248/170 861/1231/172 863/1230/174
f 865/1252/176 864/1251/175 863/1230/174 866/1235/177
f 868/1254/179 867/1253/178 866/1235/177 869/1234/202
f 871/1256/182 870/1255/181 869/1234/202 872/1233/183
f 874/1258/185 873/1257/184 872/1233/183 875/1232/186
f 860/1249/171 876/1259/187 875/1232/186 861/1231/172
f 847/1218/80 865/1221/80 867/1228/150 848/1227/150
f 870/1210/146 851/1209/146 850/1226/149 868/1229/149
f 843/1204/143 860/1207/143 859/1260/188 841/1261/188
f 864/1220/74 845/1219/74 844/1262/189 862/1263/189
f 856/1264/69 874/1265/69 876/1206/144 857/1205/144
f 873/1224/77 854/1223/77 853/1208/145 871/1211/145
f 844/1262/189 841/1261/188 859/1260/188 862/1263/189
f 806/1266/151 807/1267/151 878/1186/151 877/1185/151
f 807/1267/151 809/1268/151 879/1187/151 878/1186/151
f 809/1268/151 811/1269/151 880/1188/151 879/1187/151
f 811/1269/151 813/1270/151 881/1189/151 880/1188/151
f 813/1270/151 815/1271/151 882/1190/151 881/1189/151
f 815/1271/151 817/1272/151 883/1191/151 882/1190/151
f 817/1272/151 819/1273/151 884/1192/151 883/1191/151
f 819/1273/151 821/1274/151 885/1193/151 884/1192/151
f 821/1274/151 823/1275/151 886/1194/151 885/1193/151
f 823/1275/151 825/1276/151 887/1195/151 886/1194/151
f 825/1276/151 827/1277/151 888/1196/151 887/1195/151
f 827/1277/151 829/1278/151 889/1197/151 888/1196/151
f 829/1278/151 831/1279/151 890/1198/151 889/1197/151
f 831/1279/151 833/1280/151 891/1199/151 890/1198/151
f 833/1280/151 835/1281/151 892/1200/151 891/1199/151
f 835/1282/151 837/1283/151 893/1202/151 892/1201/151
f 837/1283/151 839/1284/151 894/1203/151 893/1202/151
f 839/1284/151 806/1266/151 877/1185/151 894/1203/151
f 806/1285/6 839/1286/68 930/1287/68 895/1288/6
f 821/1289/83 819/1290/190 910/1291/190 912/1292/83
f 837/1293/84 835/1294/69 926/1295/69 928/1296/84
f 823/1297/9 821/1289/83 912/1292/83 914/1298/9
f 897/1299/151 896/1300/151 929/1301/151 927/1302/151 925/1303/151 923/1304/151 921/1305/151 919/1306/151 917/1307/151 915/1308/151 913/1309/151 911/1310/151 909/1311/151 907/1312/151 905/1313/151 903/1314/151 901/1315/151 899/1316/151
f 839/1286/68 837/1293/84 928/1296/84 930/1287/68
f 825/1317/72 823/1297/9 914/1298/9 916/1318/72
f 811/1319/74 809/1320/191 900/1321/191 902/1322/74
f 827/1323/71 825/1317/72 916/1318/72 918/1324/71
f 813/1325/73 811/1319/74 902/1322/74 904/1326/73
f 809/1320/191 807/1327/76 898/1328/76 900/1321/191
f 829/1329/77 827/1323/71 918/1324/71 920/1330/77
f 815/1331/78 813/1325/73 904/1326/73 906/1332/78
f 831/1333/192 829/1329/77 920/1330/77 922/1334/192
f 817/1335/80 815/1331/78 906/1332/78 908/1336/80
f 833/1130/70 831/1333/192 922/1334/192 924/1131/70
f 819/1290/190 817/1335/80 908/1336/80 910/1291/190
f 896/1300/115 897/1299/116 898/1337/114 895/1338/115
f 897/1299/116 899/1316/117 900/1339/117 898/1337/114
f 899/1316/117 901/1315/193 902/1340/118 900/1339/117
f 901/1315/193 903/1314/120 904/1341/120 902/1340/118
f 903/1314/120 905/1313/121 906/1342/121 904/1341/120
f 905/1313/121 907/1312/194 908/1343/122 906/1342/121
f 907/1312/194 909/1311/124 910/1344/124 908/1343/122
f 909/1311/124 911/1310/126 912/1345/125 910/1344/124
f 911/1310/126 913/1309/127 914/1346/127 912/1345/125
f 913/1309/127 915/1308/129 916/1347/129 914/1346/127
f 915/1308/129 917/1307/130 918/1348/130 916/1347/129
f 917/1307/130 919/1306/131 920/1349/131 918/1348/130
f 919/1306/131 921/1305/134 922/1350/134 920/1349/131
f 921/1305/134 923/1304/136 924/1351/136 922/1350/134
f 923/1304/136 925/1303/137 926/1352/137 924/1351/136
f 925/1303/137 927/1302/139 928/1353/139 926/1354/137
f 927/1302/139 929/1301/142 930/1355/141 928/1353/139
f 929/1301/142 896/1300/115 895/1338/115 930/1355/141
f 807/1327/76 806/1285/6 895/1288/6 898/1328/76
f 932/1356/6 965/1357/68 1002/1358/68 967/1359/6
f 997/1360/69 995/1361/70 1086/1362/70 1088/1363/69
f 953/1364/71 951/1365/72 988/1366/72 990/1367/71
f 939/1368/73 937/1369/74 974/1370/74 976/1371/73
f 935/1372/75 933/1373/76 970/1374/76 972/1375/75
f 955/1376/77 953/1364/71 990/1367/71 992/1377/77
f 941/1378/78 939/1368/73 976/1371/73 978/1379/78
f 957/1380/79 955/1376/77 992/1377/77 994/1381/79
f 943/1382/80 941/1378/78 978/1379/78 980/1383/80
f 959/1384/81 957/1380/79 994/1381/79 996/1385/81
f 945/1386/82 943/1382/80 980/1383/80 982/1387/82
f 961/1388/69 959/1384/81 996/1385/81 998/1389/69
f 947/1390/83 945/1386/82 982/1387/82 984/1391/83
f 963/1392/84 961/1388/69 998/1389/69 1000/1393/84
f 949/1394/9 947/1390/83 984/1391/83 986/1395/9
f 934/1396/85 936/1397/85 938/1398/85 940/1399/85 942/1400/85 944/1401/85 946/1402/85 948/1403/85 950/1404/85 952/1405/85 954/1406/85 956/1407/85 958/1408/85 960/1409/85 962/1410/85 964/1411/85 966/1412/85 931/1413/85
f 965/1357/68 963/1392/84 1000/1393/84 1002/1358/68
f 951/1365/72 949/1394/9 986/1395/9 988/1366/72
f 937/1369/74 935/1372/75 972/1375/75 974/1370/74
f 934/1396/86 931/1413/87 932/1356/87 933/1414/88
f 936/1397/89 934/1396/86 933/1373/88 935/1372/89
f 938/1398/90 936/1397/89 935/1372/89 937/1369/91
f 940/1399/92 938/1398/90 937/1369/91 939/1368/92
f 942/1400/93 940/1399/92 939/1368/92 941/1378/93
f 944/1401/94 942/1400/93 941/1378/93 943/1382/95
f 946/1402/96 944/1401/94 943/1382/95 945/1386/96
f 948/1403/98 946/1402/96 945/1386/96 947/1390/98
f 950/1404/99 948/1403/98 947/1390/98 949/1394/99
f 952/1405/101 950/1404/99 949/1394/99 951/1365/101
f 954/1406/102 952/1405/101 951/1365/101 953/1364/102
f 956/1407/104 954/1406/102 953/1364/102 955/1376/104
f 958/1408/105 956/1407/104 955/1376/104 957/1380/105
f 960/1409/107 958/1408/105 957/1380/105 959/1384/107
f 962/1410/195 960/1409/107 959/1384/107 961/1388/109
f 964/1411/110 962/1410/195 961/1388/109 963/1392/111
f 966/1412/112 964/1411/110 963/1392/111 965/1357/112
f 931/1413/87 966/1412/112 965/1357/112 932/1356/87
f 970/1415/114 967/1359/115 1039/1416/115 1040/1417/116
f 972/1375/117 970/1374/114 1040/1418/116 1041/1419/117
f 974/1370/118 972/1375/117 1041/1419/117 1042/1420/119
f 976/1371/120 974/1370/118 1042/1420/119 1043/1421/120
f 978/1379/121 976/1371/120 1043/1421/120 1044/1422/121
f 980/1383/122 978/1379/121 1044/1422/121 1045/1423/123
f 982/1387/124 980/1383/122 1045/1423/123 1046/1424/124
f 984/1391/125 982/1387/124 1046/1424/124 1047/1425/125
f 986/1395/127 984/1391/125 1047/1425/125 1048/1426/127
f 988/1366/128 986/1395/127 1048/1426/127 1049/1427/128
f 990/1367/130 988/1366/128 1049/1427/128 1050/1428/130
f 992/1377/131 990/1367/130 1050/1428/130 1051/1429/131
f 994/1381/134 992/1377/131 1051/1429/131 1052/1430/134
f 996/1385/136 994/1381/134 1052/1430/134 1053/1431/136
f 998/1389/137 996/1385/136 1053/1431/136 1054/1432/138
f 1000/1393/139 998/1389/137 1054/1432/138 1055/1433/140
f 1002/1358/142 1000/1393/139 1055/1433/140 1056/1434/142
f 967/1359/115 1002/1358/142 1056/1434/142 1039/1416/115
f 933/1414/76 932/1356/6 967/1359/6 970/1415/76
f 1005/1435/143 1019/1436/144 1038/1437/144 1022/1438/143
f 1015/1439/145 1013/1440/146 1032/1441/146 1033/1442/145
f 1008/1443/85 1011/1444/85 1014/1445/85 1017/1446/85 1020/1447/85 1004/1448/85
f 1009/1449/147 1007/1450/147 1026/1451/147 1027/1452/147
f 1018/1453/148 1016/1454/148 1035/1455/148 1036/1456/148
f 1012/1457/149 1010/1458/150 1029/1459/150 1030/1460/149
f 1025/1461/151 1023/1462/151 1037/1463/151 1034/1464/151 1031/1465/151 1028/1466/151
f 1003/1467/152 1004/1448/153 1005/1468/201
f 1006/1469/155 1007/1470/156 1008/1443/157
f 1009/1471/158 1010/1472/159 1011/1444/160
f 1012/1473/161 1013/1474/162 1014/1445/163
f 1015/1475/164 1016/1476/165 1017/1446/166
f 1018/1477/167 1019/1478/168 1020/1447/203
f 1021/1479/170 1022/1480/171 1023/1462/172
f 1024/1481/173 1025/1461/174 1026/1482/175
f 1027/1483/176 1028/1466/177 1029/1484/178
f 1030/1485/179 1031/1465/202 1032/1486/181
f 1033/1487/182 1034/1464/183 1035/1488/184
f 1036/1489/185 1037/1463/204 1038/1490/187
f 1008/1443/157 1004/1448/153 1003/1467/152 1006/1469/155
f 1011/1444/160 1008/1443/157 1007/1470/156 1009/1471/158
f 1014/1445/163 1011/1444/160 1010/1472/159 1012/1473/161
f 1017/1446/166 1014/1445/163 1013/1474/162 1015/1475/164
f 1020/1447/203 1017/1446/166 1016/1476/165 1018/1477/167
f 1004/1448/153 1020/1447/203 1019/1478/168 1005/1468/201
f 1024/1481/173 1021/1479/170 1023/1462/172 1025/1461/174
f 1027/1483/176 1026/1482/175 1025/1461/174 1028/1466/177
f 1030/1485/179 1029/1484/178 1028/1466/177 1031/1465/202
f 1033/1487/182 1032/1486/181 1031/1465/202 1034/1464/183
f 1036/1489/185 1035/1488/184 1034/1464/183 1037/1463/204
f 1022/1480/171 1038/1490/187 1037/1463/204 1023/1462/172
f 1009/1449/80 1027/1452/80 1029/1459/150 1010/1458/150
f 1032/1441/146 1013/1440/146 1012/1457/149 1030/1460/149
f 1005/1491/143 1022/1492/143 1021/1493/188 1003/1494/188
f 1026/1451/74 1007/1450/74 1006/1495/189 1024/1496/189
f 1018/1453/69 1036/1456/69 1038/1437/144 1019/1436/144
f 1035/1455/77 1016/1454/77 1015/1439/145 1033/1442/145
f 1006/1495/189 1003/1494/188 1021/1493/188 1024/1496/189
f 968/1497/151 969/1498/151 1040/1417/151 1039/1416/151
f 969/1499/151 971/1500/151 1041/1419/151 1040/1418/151
f 971/1500/151 973/1501/151 1042/1420/151 1041/1419/151
f 973/1501/151 975/1502/151 1043/1421/151 1042/1420/151
f 975/1502/151 977/1503/151 1044/1422/151 1043/1421/151
f 977/1503/151 979/1504/151 1045/1423/151 1044/1422/151
f 979/1504/151 981/1505/151 1046/1424/151 1045/1423/151
f 981/1505/151 983/1506/151 1047/1425/151 1046/1424/151
f 983/1506/151 985/1507/151 1048/1426/151 1047/1425/151
f 985/1507/151 987/1508/151 1049/1427/151 1048/1426/151
f 987/1508/151 989/1509/151 1050/1428/151 1049/1427/151
f 989/1509/151 991/1510/151 1051/1429/151 1050/1428/151
f 991/1510/151 993/1511/151 1052/1430/151 1051/1429/151
f 993/1511/151 995/1512/151 1053/1431/151 1052/1430/151
f 995/1512/151 997/1513/151 1054/1432/151 1053/1431/151
f 997/1513/151 999/1514/151 1055/1433/151 1054/1432/151
f 999/1514/151 1001/1515/151 1056/1434/151 1055/1433/151
f 1001/1515/151 968/1497/151 1039/1416/151 1056/1434/151
f 968/1516/6 1001/1517/68 1092/1518/68 1057/1519/6
f 983/1520/83 981/1521/190 1072/1522/190 1074/1523/83
f 999/1524/84 997/1360/69 1088/1363/69 1090/1525/84
f 985/1526/9 983/1520/83 1074/1523/83 1076/1527/9
f 1059/1528/151 1058/1529/151 1091/1530/151 1089/1531/151 1087/1532/151 1085/1533/151 1083/1534/151 1081/1535/151 1079/1536/151 1077/1537/151 1075/1538/151 1073/1539/151 1071/1540/151 1069/1541/151 1067/1542/151 1065/1543/151 1063/1544/151 1061/1545/151
f 1001/1517/68 999/1524/84 1090/1525/84 1092/1518/68
f 987/1546/72 985/1526/9 1076/1527/9 1078/1547/72
f 973/1548/74 971/1549/191 1062/1550/191 1064/1551/74
f 989/1552/71 987/1546/72 1078/1547/72 1080/1553/71
f 975/1554/73 973/1548/74 1064/1551/74 1066/1555/73
f 971/1549/191 969/1556/76 1060/1557/76 1062/1550/191
f 991/1558/77 989/1552/71 1080/1553/71 1082/1559/77
f 977/1560/78 975/1554/73 1066/1555/73 1068/1561/78
f 993/1562/192 991/1558/77 1082/1559/77 1084/1563/192
f 979/1564/80 977/1560/78 1068/1561/78 1070/1565/80
f 995/1361/70 993/1562/192 1084/1563/192 1086/1362/70
f 981/1521/190 979/1564/80 1070/1565/80 1072/1522/190
f 1058/1529/115 1059/1528/114 1060/1566/114 1057/1567/115
f 1059/1528/114 1061/1545/117 1062/1568/117 1060/1569/114
f 1061/1545/117 1063/1544/193 1064/1570/118 1062/1568/117
f 1063/1544/193 1065/1543/120 1066/1571/120 1064/1570/118
f 1065/1543/120 1067/1542/121 1068/1572/121 1066/1571/120
f 1067/1542/121 1069/1541/194 1070/1573/122 1068/1572/121
f 1069/1541/194 1071/1540/124 1072/1574/124 1070/1573/122
f 1071/1540/124 1073/1539/126 1074/1575/125 1072/1574/124
f 1073/1539/126 1075/1538/127 1076/1576/127 1074/1575/125
f 1075/1538/127 1077/1537/128 1078/1577/128 1076/1576/127
f 1077/1537/128 1079/1536/130 1080/1578/130 1078/1577/128
f 1079/1536/130 1081/1535/131 1082/1579/131 1080/1578/130
f 1081/1535/131 1083/1534/134 1084/1580/134 1082/1579/131
f 1083/1534/134 1085/1533/136 1086/1581/136 1084/1580/134
f 1085/1533/136 1087/1532/137 1088/1582/137 1086/1581/136
f 1087/1532/137 1089/1531/139 1090/1583/139 1088/1582/137
f 1089/1531/139 1091/1530/142 1092/1584/141 1090/1583/139
f 1091/1530/142 1058/1529/115 1057/1567/115 1092/1584/141
f 969/1585/76 968/1516/6 1057/1519/6 1060/1586/76
f 1094/1587/6 1127/1588/68 1164/1589/68 1129/1590/6
f 1159/1591/69 1157/1592/70 1248/1593/70 1250/1594/69
f 1115/1595/71 1113/1596/72 1150/1597/72 1152/1598/71
f 1101/1599/73 1099/1600/74 1136/1601/74 1138/1602/73
f 1097/1603/75 1095/1604/76 1132/1605/76 1134/1606/75
f 1117/1607/77 1115/1595/71 1152/1598/71 1154/1608/77
f 1103/1609/78 1101/1599/73 1138/1602/73 1140/1610/78
f 1119/1611/79 1117/1612/77 1154/1613/77 1156/1614/79
f 1105/1615/80 1103/1609/78 1140/1610/78 1142/1616/80
f 1121/1617/81 1119/1611/79 1156/1614/79 1158/1618/81
f 1107/1619/82 1105/1615/80 1142/1616/80 1144/1620/82
f 1123/1621/69 1121/1617/81 1158/1618/81 1160/1622/69
f 1109/1623/83 1107/1619/82 1144/1620/82 1146/1624/83
f 1125/1625/84 1123/1621/69 1160/1622/69 1162/1626/84
f 1111/1627/9 1109/1623/83 1146/1624/83 1148/1628/9
f 1096/1629/85 1098/1630/85 1100/1631/85 1102/1632/85 1104/1633/85 1106/1634/85 1108/1635/85 1110/1636/85 1112/1637/85 1114/1638/85 1116/1639/85 1118/1640/85 1120/1641/85 1122/1642/85 1124/1643/85 1126/1644/85 1128/1645/85 1093/1646/85
f 1127/1588/68 1125/1625/84 1162/1626/84 1164/1589/68
f 1113/1596/72 1111/1627/9 1148/1628/9 1150/1597/72
f 1099/1600/74 1097/1603/75 1134/1606/75 1136/1601/74
f 1096/1629/88 1093/1646/87 1094/1587/87 1095/1604/88
f 1098/1630/89 1096/1629/88 1095/1604/88 1097/1603/89
f 1100/1631/90 1098/1630/89 1097/1603/89 1099/1600/91
f 1102/1632/92 1100/1631/90 1099/1600/91 1101/1599/92
f 1104/1633/93 1102/1632/92 1101/1599/92 1103/1609/93
f 1106/1634/94 1104/1633/93 1103/1609/93 1105/1615/95
f 1108/1635/96 1106/1634/94 1105/1615/95 1107/1619/96
f 1110/1636/97 1108/1635/96 1107/1619/96 1109/1623/98
f 1112/1637/99 1110/1636/97 1109/1623/98 1111/1627/99
f 1114/1638/100 1112/1637/99 1111/1627/99 1113/1596/100
f 1116/1639/102 1114/1638/100 1113/1596/100 1115/1595/102
f 1118/1640/103 1116/1639/102 1115/1595/102 1117/1607/104
f 1120/1641/105 1118/1640/103 1117/1612/104 1119/1611/106
f 1122/1642/107 1120/1641/105 1119/1611/106 1121/1617/108
f 1124/1643/195 1122/1642/107 1121/1617/108 1123/1621/109
f 1126/1644/110 1124/1643/195 1123/1621/109 1125/1625/111
f 1128/1645/113 1126/1644/110 1125/1625/111 1127/1588/113
f 1093/1646/87 1128/1645/113 1127/1588/113 1094/1587/87
f 1132/1605/114 1129/1590/115 1201/1647/115 1202/1648/114
f 1134/1606/117 1132/1605/114 1202/1648/114 1203/1649/117
f 1136/1601/118 1134/1606/117 1203/1649/117 1204/1650/118
f 1138/1602/120 1136/1601/118 1204/1650/118 1205/1651/120
f 1140/1610/121 1138/1602/120 1205/1651/120 1206/1652/121
f 1142/1616/122 1140/1610/121 1206/1652/121 1207/1653/123
f 1144/1620/124 1142/1616/122 1207/1653/123 1208/1654/124
f 1146/1624/126 1144/1620/124 1208/1654/124 1209/1655/126
f 1148/1628/127 1146/1624/126 1209/1655/126 1210/1656/127
f 1150/1597/129 1148/1628/127 1210/1656/127 1211/1657/129
f 1152/1598/130 1150/1597/129 1211/1657/129 1212/1658/130
f 1154/1608/131 1152/1598/130 1212/1658/130 1213/1659/132
f 1156/1614/133 1154/1613/131 1213/1660/132 1214/1661/134
f 1158/1618/135 1156/1614/133 1214/1661/134 1215/1662/136
f 1160/1622/137 1158/1618/135 1215/1662/136 1216/1663/138
f 1162/1626/139 1160/1622/137 1216/1663/138 1217/1664/140
f 1164/1589/141 1162/1626/139 1217/1664/140 1218/1665/141
f 1129/1590/115 1164/1589/141 1218/1665/141 1201/1647/115
f 1095/1604/76 1094/1587/6 1129/1590/6 1132/1605/76
f 1167/1666/143 1181/1667/144 1200/1668/144 1184/1669/143
f 1177/1670/145 1175/1671/146 1194/1672/146 1195/1673/145
f 1170/1674/85 1173/1675/85 1176/1676/85 1179/1677/85 1182/1678/85 1166/1679/85
f 1171/1680/147 1169/1681/147 1188/1682/147 1189/1683/147
f 1180/1684/148 1178/1685/148 1197/1686/148 1198/1687/148
f 1174/1688/149 1172/1689/150 1191/1690/150 1192/1691/149
f 1187/1692/151 1185/1693/151 1199/1694/151 1196/1695/151 1193/1696/151 1190/1697/151
f 1165/1698/152 1166/1679/200 1167/1699/201
f 1168/1700/155 1169/1701/156 1170/1674/157
f 1171/1702/158 1172/1703/159 1173/1675/160
f 1174/1704/161 1175/1705/162 1176/1676/197
f 1177/1706/164 1178/1707/165 1179/1677/166
f 1180/1708/167 1181/1709/168 1182/1678/169
f 1183/1710/170 1184/1711/171 1185/1693/199
f 1186/1712/173 1187/1692/174 1188/1713/175
f 1189/1714/176 1190/1697/177 1191/1715/178
f 1192/1716/179 1193/1696/202 1194/1717/181
f 1195/1718/182 1196/1695/183 1197/1719/184
f 1198/1720/185 1199/1694/186 1200/1721/187
f 1170/1674/157 1166/1679/200 1165/1698/152 1168/1700/155
f 1173/1675/160 1170/1674/157 1169/1701/156 1171/1702/158
f 1176/1676/197 1173/1675/160 1172/1703/159 1174/1704/161
f 1179/1677/166 1176/1676/197 1175/1705/162 1177/1706/164
f 1182/1678/169 1179/1677/166 1178/1707/165 1180/1708/167
f 1166/1679/200 1182/1678/169 1181/1709/168 1167/1699/201
f 1186/1712/173 1183/1710/170 1185/1693/199 1187/1692/174
f 1189/1714/176 1188/1713/175 1187/1692/174 1190/1697/177
f 1192/1716/179 1191/1715/178 1190/1697/177 1193/1696/202
f 1195/1718/182 1194/1717/181 1193/1696/202 1196/1695/183
f 1198/1720/185 1197/1719/184 1196/1695/183 1199/1694/186
f 1184/1711/171 1200/1721/187 1199/1694/186 1185/1693/199
f 1171/1680/80 1189/1683/80 1191/1690/150 1172/1689/150
f 1194/1672/146 1175/1671/146 1174/1688/149 1192/1691/149
f 1167/1666/143 1184/1669/143 1183/1722/188 1165/1723/188
f 1188/1682/74 1169/1681/74 1168/1724/189 1186/1725/189
f 1180/1684/69 1198/1687/69 1200/1668/144 1181/1667/144
f 1197/1726/77 1178/1727/77 1177/1670/145 1195/1673/145
f 1168/1724/189 1165/1723/188 1183/1722/188 1186/1725/189
f 1130/1728/151 1131/1729/151 1202/1648/151 1201/1647/151
f 1131/1729/151 1133/1730/151 1203/1649/151 1202/1648/151
f 1133/1730/151 1135/1731/151 1204/1650/151 1203/1649/151
f 1135/1731/151 1137/1732/151 1205/1651/151 1204/1650/151
f 1137/1732/151 1139/1733/151 1206/1652/151 1205/1651/151
f 1139/1733/151 1141/1734/151 1207/1653/151 1206/1652/151
f 1141/1734/151 1143/1735/151 1208/1654/151 1207/1653/151
f 1143/1735/151 1145/1736/151 1209/1655/151 1208/1654/151
f 1145/1736/151 1147/1737/151 1210/1656/151 1209/1655/151
f 1147/1737/151 1149/1738/151 1211/1657/151 1210/1656/151
f 1149/1738/151 1151/1739/151 1212/1658/151 1211/1657/151
f 1151/1739/151 1153/1740/151 1213/1659/151 1212/1658/151
f 1153/1741/151 1155/1742/151 1214/1661/151 1213/1660/151
f 1155/1742/151 1157/1743/151 1215/1662/151 1214/1661/151
f 1157/1743/151 1159/1744/151 1216/1663/151 1215/1662/151
f 1159/1744/151 1161/1745/151 1217/1664/151 1216/1663/151
f 1161/1745/151 1163/1746/151 1218/1665/151 1217/1664/151
f 1163/1746/151 1130/1728/151 1201/1647/151 1218/1665/151
f 1130/1747/6 1163/1748/68 1254/1749/68 1219/1750/6
f 1145/1751/83 1143/1752/190 1234/1753/190 1236/1754/83
f 1161/1755/84 1159/1591/69 1250/1594/69 1252/1756/84
f 1147/1757/9 1145/1751/83 1236/1754/83 1238/1758/9
f 1221/1759/151 1220/1760/151 1253/1761/151 1251/1762/151 1249/1763/151 1247/1764/151 1245/1765/151 1243/1766/151 1241/1767/151 1239/1768/151 1237/1769/151 1235/1770/151 1233/1771/151 1231/1772/151 1229/1773/151 1227/1774/151 1225/1775/151 1223/1776/151
f 1163/1748/68 1161/1755/84 1252/1756/84 1254/1749/68
f 1149/1777/72 1147/1757/9 1238/1758/9 1240/1778/72
f 1135/1779/74 1133/1780/191 1224/1781/191 1226/1782/74
f 1151/1783/71 1149/1777/72 1240/1778/72 1242/1784/71
f 1137/1785/73 1135/1779/74 1226/1782/74 1228/1786/73
f 1133/1780/191 1131/1787/76 1222/1788/76 1224/1781/191
f 1153/1789/77 1151/1783/71 1242/1784/71 1244/1790/77
f 1139/1791/78 1137/1785/73 1228/1786/73 1230/1792/78
f 1155/1793/192 1153/1794/77 1244/1795/77 1246/1796/192
f 1141/1797/80 1139/1791/78 1230/1792/78 1232/1798/80
f 1157/1592/70 1155/1793/192 1246/1796/192 1248/1593/70
f 1143/1752/190 1141/1797/80 1232/1798/80 1234/1753/190
f 1220/1760/115 1221/1759/116 1222/1799/114 1219/1800/115
f 1221/1759/116 1223/1776/117 1224/1801/117 1222/1799/114
f 1223/1776/117 1225/1775/193 1226/1802/193 1224/1801/117
f 1225/1775/193 1227/1774/120 1228/1803/120 1226/1802/193
f 1227/1774/120 1229/1773/121 1230/1804/121 1228/1803/120
f 1229/1773/121 1231/1772/194 1232/1805/122 1230/1804/121
f 1231/1772/194 1233/1771/124 1234/1806/124 1232/1805/122
f 1233/1771/124 1235/1770/126 1236/1807/125 1234/1806/124
f 1235/1770/126 1237/1769/127 1238/1808/127 1236/1807/125
f 1237/1769/127 1239/1768/128 1240/1809/129 1238/1808/127
f 1239/1768/128 1241/1767/130 1242/1810/130 1240/1809/129
f 1241/1767/130 1243/1766/131 1244/1811/131 1242/1810/130
f 1243/1766/131 1245/1765/134 1246/1812/134 1244/1813/131
f 1245/1765/134 1247/1764/136 1248/1814/136 1246/1812/134
f 1247/1764/136 1249/1763/205 1250/1815/137 1248/1814/136
f 1249/1763/205 1251/1762/139 1252/1816/139 1250/1815/137
f 1251/1762/139 1253/1761/142 1254/1817/141 1252/1816/139
f 1253/1761/142 1220/1760/115 1219/1800/115 1254/1817/141
f 1131/1787/76 1130/1747/6 1219/1750/6 1222/1788/76
f 1256/1818/6 1289/1819/68 1326/1820/68 1291/1821/6
f 1321/1822/69 1319/1823/70 1410/1824/70 1412/1825/69
f 1277/1826/71 1275/1827/72 1312/1828/72 1314/1829/71
f 1263/1830/73 1261/1831/74 1298/1832/74 1300/1833/73
f 1259/1834/75 1257/1835/76 1294/1836/76 1296/1837/75
f 1279/1838/77 1277/1826/71 1314/1829/71 1316/1839/77
f 1265/1840/78 1263/1830/73 1300/1833/73 1302/1841/78
f 1281/1842/79 1279/1838/77 1316/1839/77 1318/1843/79
f 1267/1844/80 1265/1840/78 1302/1841/78 1304/1845/80
f 1283/1846/81 1281/1842/79 1318/1843/79 1320/1847/81
f 1269/1848/82 1267/1844/80 1304/1845/80 1306/1849/82
f 1285/1850/69 1283/1846/81 1320/1847/81 1322/1851/69
f 1271/1852/83 1269/1848/82 1306/1849/82 1308/1853/83
f 1287/1854/84 1285/1850/69 1322/1851/69 1324/1855/84
f 1273/1856/9 1271/1852/83 1308/1853/83 1310/1857/9
f 1258/1858/85 1260/1859/85 1262/1860/85 1264/1861/85 1266/1862/85 1268/1863/85 1270/1864/85 1272/1865/85 1274/1866/85 1276/1867/85 1278/1868/85 1280/1869/85 1282/1870/85 1284/1871/85 1286/1872/85 1288/1873/85 1290/1874/85 1255/1875/85
f 1289/1819/68 1287/1854/84 1324/1855/84 1326/1820/68
f 1275/1827/72 1273/1856/9 1310/1857/9 1312/1828/72
f 1261/1876/74 1259/1834/75 1296/1837/75 1298/1877/74
f 1258/1858/86 1255/1875/87 1256/1818/87 1257/1835/86
f 1260/1859/89 1258/1858/86 1257/1835/86 1259/1834/89
f 1262/1860/90 1260/1859/89 1259/1834/89 1261/1876/91
f 1264/1861/92 1262/1860/90 1261/1831/91 1263/1830/92
f 1266/1862/93 1264/1861/92 1263/1830/92 1265/1840/93
f 1268/1863/95 1266/1862/93 1265/1840/93 1267/1844/95
f 1270/1864/96 1268/1863/95 1267/1844/95 1269/1848/96
f 1272/1865/98 1270/1864/96 1269/1848/96 1271/1852/98
f 1274/1866/99 1272/1865/98 1271/1852/98 1273/1856/99
f 1276/1867/101 1274/1866/99 1273/1856/99 1275/1827/101
f 1278/1868/102 1276/1867/101 1275/1827/101 1277/1826/102
f 1280/1869/104 1278/1868/102 1277/1826/102 1279/1838/104
f 1282/1870/105 1280/1869/104 1279/1838/104 1281/1842/106
f 1284/1871/107 1282/1870/105 1281/1842/106 1283/1846/108
f 1286/1872/109 1284/1871/107 1283/1846/108 1285/1850/109
f 1288/1873/110 1286/1872/109 1285/1850/109 1287/1854/111
f 1290/1874/112 1288/1873/110 1287/1854/111 1289/1819/112
f 1255/1875/87 1290/1874/112 1289/1819/112 1256/1818/87
f 1294/1836/116 1291/1821/115 1363/1878/115 1364/1879/116
f 1296/1837/117 1294/1836/116 1364/1879/116 1365/1880/117
f 1298/1877/118 1296/1837/117 1365/1880/117 1366/1881/119
f 1300/1833/120 1298/1832/118 1366/1882/119 1367/1883/120
f 1302/1841/121 1300/1833/120 1367/1883/120 1368/1884/121
f 1304/1845/122 1302/1841/121 1368/1884/121 1369/1885/123
f 1306/1849/124 1304/1845/122 1369/1885/123 1370/1886/124
f 1308/1853/125 1306/1849/124 1370/1886/124 1371/1887/125
f 1310/1857/127 1308/1853/125 1371/1887/125 1372/1888/127
f 1312/1828/128 1310/1857/127 1372/1888/127 1373/1889/128
f 1314/1829/130 1312/1828/128 1373/1889/128 1374/1890/130
f 1316/1839/131 1314/1829/130 1374/1890/130 1375/1891/131
f 1318/1843/133 1316/1839/131 1375/1891/131 1376/1892/134
f 1320/1847/135 1318/1843/133 1376/1892/134 1377/1893/136
f 1322/1851/137 1320/1847/135 1377/1893/136 1378/1894/137
f 1324/1855/139 1322/1851/137 1378/1894/137 1379/1895/140
f 1326/1820/142 1324/1855/139 1379/1895/140 1380/1896/142
f 1291/1821/115 1326/1820/142 1380/1896/142 1363/1878/115
f 1257/1835/76 1256/1818/6 1291/1821/6 1294/1836/76
f 1329/1897/143 1343/1898/144 1362/1899/144 1346/1900/143
f 1339/1901/145 1337/1902/146 1356/1903/146 1357/1904/145
f 1332/1905/85 1335/1906/85 1338/1907/85 1341/1908/85 1344/1909/85 1328/1910/85
f 1333/1911/147 1331/1912/147 1350/1913/147 1351/1914/147
f 1342/1915/148 1340/1916/148 1359/1917/148 1360/1918/148
f 1336/1919/149 1334/1920/150 1353/1921/150 1354/1922/149
f 1349/1923/151 1347/1924/151 1361/1925/151 1358/1926/151 1355/1927/151 1352/1928/151
f 1327/1929/152 1328/1910/153 1329/1930/154
f 1330/1931/155 1331/1932/156 1332/1905/157
f 1333/1933/158 1334/1934/159 1335/1906/160
f 1336/1935/161 1337/1936/162 1338/1907/197
f 1339/1937/164 1340/1938/165 1341/1908/166
f 1342/1939/167 1343/1940/168 1344/1909/169
f 1345/1941/206 1346/1942/171 1347/1924/172
f 1348/1943/173 1349/1923/174 1350/1944/175
f 1351/1945/176 1352/1928/177 1353/1946/178
f 1354/1947/179 1355/1927/202 1356/1948/181
f 1357/1949/182 1358/1926/183 1359/1950/184
f 1360/1951/185 1361/1925/186 1362/1952/187
f 1332/1905/157 1328/1910/153 1327/1929/152 1330/1931/155
f 1335/1906/160 1332/1905/157 1331/1932/156 1333/1933/158
f 1338/1907/197 1335/1906/160 1334/1934/159 1336/1935/161
f 1341/1908/166 1338/1907/197 1337/1936/162 1339/1937/164
f 1344/1909/169 1341/1908/166 1340/1938/165 1342/1939/167
f 1328/1910/153 1344/1909/169 1343/1940/168 1329/1930/154
f 1348/1943/173 1345/1941/206 1347/1924/172 1349/1923/174
f 1351/1945/176 1350/1944/175 1349/1923/174 1352/1928/177
f 1354/1947/179 1353/1946/178 1352/1928/177 1355/1927/202
f 1357/1949/182 1356/1948/181 1355/1927/202 1358/1926/183
f 1360/1951/185 1359/1950/184 1358/1926/183 1361/1925/186
f 1346/1942/171 1362/1952/187 1361/1925/186 1347/1924/172
f 1333/1911/80 1351/1914/80 1353/1921/150 1334/1920/150
f 1356/1903/146 1337/1902/146 1336/1919/149 1354/1922/149
f 1329/1897/143 1346/1900/143 1345/1953/188 1327/1954/188
f 1350/1913/74 1331/1912/74 1330/1955/189 1348/1956/189
f 1342/1915/69 1360/1918/69 1362/1899/144 1343/1898/144
f 1359/1917/77 1340/1916/77 1339/1901/145 1357/1904/145
f 1330/1955/189 1327/1957/188 1345/1958/188 1348/1956/189
f 1292/1959/151 1293/1960/151 1364/1879/151 1363/1878/151
f 1293/1960/151 1295/1961/151 1365/1880/151 1364/1879/151
f 1295/1961/151 1297/1962/151 1366/1881/151 1365/1880/151
f 1297/1963/151 1299/1964/151 1367/1883/151 1366/1882/151
f 1299/1964/151 1301/1965/151 1368/1884/151 1367/1883/151
f 1301/1965/151 1303/1966/151 1369/1885/151 1368/1884/151
f 1303/1966/151 1305/1967/151 1370/1886/151 1369/1885/151
f 1305/1967/151 1307/1968/151 1371/1887/151 1370/1886/151
f 1307/1968/151 1309/1969/151 1372/1888/151 1371/1887/151
f 1309/1969/151 1311/1970/151 1373/1889/151 1372/1888/151
f 1311/1970/151 1313/1971/151 1374/1890/151 1373/1889/151
f 1313/1971/151 1315/1972/151 1375/1891/151 1374/1890/151
f 1315/1972/151 1317/1973/151 1376/1892/151 1375/1891/151
f 1317/1973/151 1319/1974/151 1377/1893/151 1376/1892/151
f 1319/1974/151 1321/1975/151 1378/1894/151 1377/1893/151
f 1321/1975/151 1323/1976/151 1379/1895/151 1378/1894/151
f 1323/1976/151 1325/1977/151 1380/1896/151 1379/1895/151
f 1325/1977/151 1292/1959/151 1363/1878/151 1380/1896/151
f 1292/1978/6 1325/1979/68 1416/1980/68 1381/1981/6
f 1307/1982/83 1305/1983/190 1396/1984/190 1398/1985/83
f 1323/1986/84 1321/1822/69 1412/1825/69 1414/1987/84
f 1309/1988/9 1307/1982/83 1398/1985/83 1400/1989/9
f 1383/1990/151 1382/1991/151 1415/1992/151 1413/1993/151 1411/1994/151 1409/1995/151 1407/1996/151 1405/1997/151 1403/1998/151 1401/1999/151 1399/2000/151 1397/2001/151 1395/2002/151 1393/2003/151 1391/2004/151 1389/2005/151 1387/2006/151 1385/2007/151
f 1325/1979/68 1323/1986/84 1414/1987/84 1416/1980/68
f 1311/2008/72 1309/1988/9 1400/1989/9 1402/2009/72
f 1297/2010/74 1295/2011/191 1386/2012/191 1388/2013/74
f 1313/2014/71 1311/2008/72 1402/2009/72 1404/2015/71
f 1299/2016/73 1297/2017/74 1388/2018/74 1390/2019/73
f 1295/2011/191 1293/2020/76 1384/2021/76 1386/2012/191
f 1315/2022/77 1313/2014/71 1404/2015/71 1406/2023/77
f 1301/2024/78 1299/2016/73 1390/2019/73 1392/2025/78
f 1317/2026/192 1315/2022/77 1406/2023/77 1408/2027/192
f 1303/2028/80 1301/2024/78 1392/2025/78 1394/2029/80
f 1319/1823/70 1317/2026/192 1408/2027/192 1410/1824/70
f 1305/1983/190 1303/2028/80 1394/2029/80 1396/1984/190
f 1382/1991/115 1383/1990/116 1384/2030/114 1381/2031/115
f 1383/1990/116 1385/2007/117 1386/2032/117 1384/2030/114
f 1385/2007/117 1387/2006/193 1388/2033/118 1386/2032/117
f 1387/2006/193 1389/2005/120 1390/2034/120 1388/2035/118
f 1389/2005/120 1391/2004/121 1392/2036/121 1390/2034/120
f 1391/2004/121 1393/2003/194 1394/2037/194 1392/2036/121
f 1393/2003/194 1395/2002/124 1396/2038/124 1394/2037/194
f 1395/2002/124 1397/2001/126 1398/2039/125 1396/2038/124
f 1397/2001/126 1399/2000/127 1400/2040/127 1398/2039/125
f 1399/2000/127 1401/1999/128 1402/2041/128 1400/2040/127
f 1401/1999/128 1403/1998/130 1404/2042/130 1402/2041/128
f 1403/1998/130 1405/1997/131 1406/2043/131 1404/2042/130
f 1405/1997/131 1407/1996/134 1408/2044/134 1406/2043/131
f 1407/1996/134 1409/1995/136 1410/2045/136 1408/2044/134
f 1409/1995/136 1411/1994/137 1412/2046/137 1410/2045/136
f 1411/1994/137 1413/1993/139 1414/2047/139 1412/2046/137
f 1413/1993/139 1415/1992/142 1416/2048/141 1414/2047/139
f 1415/1992/142 1382/1991/115 1381/2031/115 1416/2048/141
f 1293/2020/76 1292/1978/6 1381/1981/6 1384/2021/76
f 1417/2049/148 1418/2050/148 1420/2051/207 1419/2052/207
f 1419/2052/207 1420/2051/207 1422/2053/208 1421/2054/208
f 1421/2054/208 1422/2053/208 1424/2055/209 1423/2056/209
f 1423/2056/209 1424/2055/209 1426/2057/69 1425/2058/69
f 1425/2058/69 1426/2057/69 1428/2059/210 1427/2060/210
f 1427/2060/210 1428/2059/210 1430/2061/144 1429/2062/144
f 1429/2062/144 1430/2061/144 1432/2063/211 1431/2064/211
f 1431/2064/211 1432/2063/211 1434/2065/212 1433/2066/212
f 1433/2066/212 1434/2065/212 1436/2067/213 1435/2068/213
f 1435/2068/213 1436/2067/213 1438/2069/143 1437/2070/143
f 1437/2070/143 1438/2069/143 1440/2071/214 1439/2072/214
f 1439/2072/214 1440/2071/214 1442/2073/6 1441/2074/6
f 1441/2074/6 1442/2073/6 1444/2075/215 1443/2076/215
f 1443/2076/215 1444/2075/215 1446/2077/188 1445/2078/188
f 1445/2078/188 1446/2077/188 1448/2079/216 1447/2080/216
f 1447/2080/216 1448/2079/216 1450/2081/217 1449/2082/217
f 1449/2082/217 1450/2081/217 1452/2083/218 1451/2084/218
f 1451/2084/218 1452/2083/218 1454/2085/189 1453/2086/189
f 1453/2086/189 1454/2085/189 1456/2087/219 1455/2088/219
f 1455/2088/219 1456/2087/219 1458/2089/74 1457/2090/74
f 1457/2090/74 1458/2089/74 1460/2091/220 1459/2092/220
f 1459/2092/220 1460/2091/220 1462/2093/221 1461/2094/221
f 1461/2094/221 1462/2093/221 1464/2095/222 1463/2096/222
f 1463/2096/222 1464/2095/222 1466/2097/147 1465/2098/147
f 1465/2099/147 1466/2100/147 1468/2101/223 1467/2102/223
f 1467/2102/223 1468/2101/223 1470/2103/224 1469/2104/224
f 1469/2104/224 1470/2103/224 1472/2105/225 1471/2106/225
f 1471/2106/225 1472/2105/225 1474/2107/80 1473/2108/80
f 1473/2108/80 1474/2107/80 1476/2109/226 1475/2110/226
f 1475/2110/226 1476/2109/226 1478/2111/150 1477/2112/150
f 1477/2112/150 1478/2111/150 1480/2113/227 1479/2114/227
f 1479/2114/227 1480/2113/227 1482/2115/228 1481/2116/228
f 1481/2116/228 1482/2115/228 1484/2117/229 1483/2118/229
f 1483/2118/229 1484/2117/229 1486/2119/149 1485/2120/149
f 1485/2120/149 1486/2119/149 1488/2121/230 1487/2122/230
f 1487/2122/230 1488/2121/230 1490/2123/9 1489/2124/9
f 1489/2124/9 1490/2123/9 1492/2125/231 1491/2126/231
f 1491/2126/231 1492/2125/231 1494/2127/146 1493/2128/146
f 1493/2128/146 1494/2127/146 1496/2129/232 1495/2130/232
f 1495/2130/232 1496/2129/232 1498/2131/233 1497/2132/233
f 1497/2132/233 1498/2131/233 1500/2133/234 1499/2134/234
f 1499/2134/234 1500/2133/234 1502/2135/145 1501/2136/145
f 1501/2136/145 1502/2135/145 1504/2137/235 1503/2138/235
f 1503/2138/235 1504/2137/235 1506/2139/77 1505/2140/77
f 1505/2140/77 1506/2139/77 1508/2141/236 1507/2142/236
f 1507/2142/236 1508/2141/236 1510/2143/237 1509/2144/237
f 1509/2144/237 1510/2143/237 1512/2145/238 1511/2146/238
f 1511/2146/238 1512/2145/238 1418/2050/148 1417/2049/148
f 1518/2147/148 1532/2148/148 1534/2149/148 1519/2150/148
f 1546/2151/189 1551/2152/189 1553/2153/189 1548/2154/189
f 1527/2155/147 1538/2156/147 1530/2157/147 1523/2158/147
f 1517/2159/151 1520/2160/151 1526/2161/151 1524/2162/151
f 1533/2163/85 1529/2164/85 1539/2165/85 1536/2166/85
f 1521/2167/9 1535/2168/9 1537/2169/9 1525/2170/9
f 1516/2171/239 1518/2172/239 1517/2159/239
f 1519/2173/240 1521/2174/240 1520/2160/240
f 1522/2175/241 1524/2162/241 1523/2176/241
f 1525/2177/242 1527/2178/242 1526/2161/242
f 1528/2179/243 1530/2180/243 1529/2164/243
f 1531/2181/244 1533/2163/244 1532/2182/244
f 1534/2183/245 1536/2166/245 1535/2184/245
f 1537/2185/246 1539/2165/246 1538/2186/246
f 1524/2162/247 1522/2175/247 1516/2171/247 1517/2159/247
f 1517/2159/248 1518/2172/248 1519/2173/248 1520/2160/248
f 1520/2160/249 1521/2174/249 1525/2177/249 1526/2161/249
f 1526/2161/250 1527/2178/250 1523/2176/250 1524/2162/250
f 1528/2179/251 1529/2164/251 1533/2163/251 1531/2181/251
f 1532/2182/252 1533/2163/252 1536/2166/252 1534/2183/252
f 1535/2184/253 1536/2166/253 1539/2165/253 1537/2185/253
f 1538/2186/254 1539/2165/254 1529/2164/254 1530/2180/254
f 1527/2187/150 1525/2170/150 1537/2169/150 1538/2188/150
f 1534/2149/145 1535/2168/145 1521/2167/145 1519/2150/145
f 1518/2147/144 1516/2189/144 1531/2190/144 1532/2148/144
f 1530/2157/189 1528/2191/189 1522/2192/189 1523/2158/189
f 1522/2192/6 1528/2191/6 1531/2190/6 1516/2189/6
f 1544/2193/255 1514/2194/256 1545/2195/257 1547/2196/257
f 1548/2154/258 1553/2153/258 1542/2197/258 1543/2198/258
f 1541/2199/259 1554/2200/260 1552/2201/260 1513/2202/261
f 1550/2203/150 1515/2204/150 1514/2194/256 1544/2193/255
f 1555/2205/144 1541/2199/259 1513/2202/261 1540/2206/144
f 1542/2207/262 1541/2199/262 1555/2205/262 1556/2208/262
f 1551/2209/6 1552/2201/6 1554/2200/263 1553/2210/264
f 1545/2195/147 1546/2211/147 1548/2212/265 1547/2196/266
f 1544/2193/267 1543/2213/267 1549/2214/267 1550/2203/267
f 1547/2196/266 1548/2212/265 1543/2213/268 1544/2193/268
f 1553/2210/264 1554/2200/263 1541/2199/269 1542/2207/269
f 1543/2198/151 1542/2197/151 1556/2215/151 1549/2216/151
f 1570/2217/151 1571/2218/151 1557/2219/151 1564/2220/151
f 1560/2221/270 1559/2222/271 1572/2223/272 1571/2224/272
f 1566/2225/273 1565/2226/274 1570/2227/275 1569/2228/275
f 1569/2228/276 1570/2227/276 1564/2229/276 1563/2230/276
f 1568/2231/148 1567/2232/148 1565/2226/274 1566/2225/273
f 1562/2233/9 1561/2234/9 1559/2222/271 1560/2221/270
f 1571/2224/277 1572/2223/277 1558/2235/277 1557/2236/277
f 1558/2235/150 1572/2223/278 1576/2237/279 1573/2238/150
f 1563/2230/144 1574/2239/144 1575/2240/280 1569/2228/281
f 1572/2223/278 1559/2222/282 1561/2234/282 1576/2237/279
f 1565/2241/283 1560/2242/283 1571/2218/283 1570/2217/283
f 1569/2228/281 1575/2240/280 1568/2231/284 1566/2225/284
f 1567/2243/145 1562/2244/145 1560/2242/145 1565/2241/145
f 1586/2245/150 1591/2246/150 1593/2247/150 1588/2248/150
f 1584/2249/285 1578/2250/286 1585/2251/287 1587/2252/287
f 1588/2248/288 1593/2247/288 1582/2253/288 1583/2254/288
f 1581/2255/289 1594/2256/290 1592/2257/290 1577/2258/291
f 1590/2259/145 1579/2260/145 1578/2250/286 1584/2249/285
f 1595/2261/189 1581/2255/289 1577/2258/291 1580/2262/189
f 1582/2263/292 1581/2255/292 1595/2261/292 1596/2264/292
f 1591/2265/147 1592/2257/147 1594/2256/293 1593/2266/294
f 1585/2251/9 1586/2267/9 1588/2268/295 1587/2252/296
f 1584/2249/297 1583/2269/297 1589/2270/297 1590/2259/297
f 1587/2252/296 1588/2268/295 1583/2269/298 1584/2249/298
f 1593/2266/294 1594/2256/293 1581/2255/299 1582/2263/299
f 1583/2254/151 1582/2253/151 1596/2271/151 1589/2272/151
f 1606/2273/144 1611/2274/144 1613/2275/144 1608/2276/144
f 1604/2277/300 1598/2278/301 1605/2279/302 1607/2280/302
f 1608/2276/303 1613/2275/303 1602/2281/303 1603/2282/303
f 1601/2283/304 1614/2284/305 1612/2285/305 1597/2286/306
f 1610/2287/189 1599/2288/189 1598/2278/301 1604/2277/300
f 1615/2289/145 1601/2283/304 1597/2286/306 1600/2290/145
f 1602/2291/307 1601/2283/307 1615/2289/307 1616/2292/307
f 1611/2293/148 1612/2285/148 1614/2284/308 1613/2294/309
f 1605/2279/6 1606/2295/6 1608/2296/310 1607/2280/311
f 1604/2277/312 1603/2297/312 1609/2298/312 1610/2287/312
f 1607/2280/311 1608/2296/310 1603/2297/313 1604/2277/313
f 1613/2294/309 1614/2284/308 1601/2283/314 1602/2291/314
f 1603/2282/151 1602/2281/151 1616/2299/151 1609/2300/151
f 1721/2301/147 1738/2302/147 1730/2303/147 1619/2304/147
f 1624/2305/147 1749/2306/147 1745/2307/147 1620/2308/147
f 1621/2309/315 1735/2310/315 1731/2311/316 1617/2312/317
f 1772/2313/318 1773/2314/319 1634/2315/319 1630/2316/318
f 1776/2317/320 1778/2318/321 1836/2319/321 1832/2320/320
f 1778/2318/321 1780/2321/322 1840/2322/322 1836/2319/321
f 1780/2321/322 1782/2323/323 1844/2324/323 1840/2322/322
f 1782/2323/323 1784/2325/324 1848/2326/324 1844/2324/323
f 1784/2325/324 1786/2327/325 1852/2328/325 1848/2326/324
f 1786/2327/325 1788/2329/326 1856/2330/326 1852/2328/325
f 1788/2329/326 1790/2331/327 1860/2332/327 1856/2330/326
f 1790/2331/327 1792/2333/328 1864/2334/328 1860/2332/327
f 1792/2333/328 1794/2335/329 1868/2336/329 1864/2334/328
f 1794/2337/329 1796/2338/330 1872/2339/330 1868/2340/329
f 1796/2338/330 1798/2341/331 1876/2342/331 1872/2339/330
f 1798/2341/331 1800/2343/332 1880/2344/332 1876/2342/331
f 1800/2343/332 1802/2345/333 1884/2346/333 1880/2344/332
f 1802/2345/333 1804/2347/334 1888/2348/334 1884/2346/333
f 1804/2347/334 1806/2349/335 1892/2350/335 1888/2348/334
f 1806/2349/335 1808/2351/336 1896/2352/336 1892/2350/335
f 1808/2351/336 1810/2353/337 1900/2354/337 1896/2352/336
f 1810/2353/337 1812/2355/338 1904/2356/338 1900/2354/337
f 1812/2355/338 1814/2357/339 1908/2358/339 1904/2356/338
f 1814/2357/339 1816/2359/340 1912/2360/340 1908/2358/339
f 1626/2361/341 1630/2362/342 1629/2363/342 1625/2364/341
f 1627/2365/9 1719/2366/9 1715/2367/9 1711/2368/9 1707/2369/9 1703/2370/9 1699/2371/9 1695/2372/9 1691/2373/9 1687/2374/9 1683/2375/9 1679/2376/9 1675/2377/9 1671/2378/9 1667/2379/9 1663/2380/9 1659/2381/9 1655/2382/9 1651/2383/9 1647/2384/9 1643/2385/9 1639/2386/9 1635/2387/9 1631/2388/9
f 1774/2389/343 1776/2317/320 1832/2320/320 1828/2390/343
f 1632/2391/344 1628/2392/345 1627/2365/345 1631/2388/344
f 1630/2362/342 1634/2393/346 1633/2394/346 1629/2363/342
f 1636/2395/347 1632/2391/344 1631/2388/344 1635/2387/347
f 1634/2393/346 1638/2396/348 1637/2397/348 1633/2394/346
f 1640/2398/349 1636/2395/347 1635/2387/347 1639/2386/349
f 1638/2396/348 1642/2399/350 1641/2400/350 1637/2397/348
f 1644/2401/351 1640/2398/349 1639/2386/349 1643/2385/351
f 1642/2399/350 1646/2402/352 1645/2403/352 1641/2400/350
f 1648/2404/353 1644/2401/351 1643/2385/351 1647/2384/353
f 1646/2402/352 1650/2405/354 1649/2406/354 1645/2403/352
f 1652/2407/355 1648/2404/353 1647/2384/353 1651/2383/355
f 1650/2405/354 1654/2408/356 1653/2409/356 1649/2406/354
f 1656/2410/357 1652/2407/355 1651/2383/355 1655/2382/357
f 1654/2408/356 1658/2411/358 1657/2412/358 1653/2409/356
f 1660/2413/359 1656/2410/357 1655/2382/357 1659/2381/359
f 1658/2411/358 1662/2414/360 1661/2415/360 1657/2412/358
f 1664/2416/361 1660/2413/359 1659/2381/359 1663/2380/361
f 1662/2414/360 1666/2417/362 1665/2418/362 1661/2415/360
f 1668/2419/363 1664/2416/361 1663/2380/361 1667/2379/363
f 1666/2417/362 1670/2420/364 1669/2421/364 1665/2418/362
f 1672/2422/365 1668/2419/363 1667/2379/363 1671/2378/365
f 1670/2420/364 1674/2423/366 1673/2424/366 1669/2421/364
f 1676/2425/367 1672/2422/365 1671/2378/365 1675/2377/367
f 1674/2423/366 1678/2426/368 1677/2427/368 1673/2424/366
f 1680/2428/369 1676/2425/367 1675/2377/367 1679/2376/369
f 1678/2426/368 1682/2429/370 1681/2430/370 1677/2427/368
f 1684/2431/371 1680/2428/369 1679/2376/369 1683/2375/371
f 1682/2429/370 1686/2432/372 1685/2433/372 1681/2430/370
f 1688/2434/373 1684/2431/371 1683/2375/371 1687/2374/373
f 1686/2432/372 1690/2435/374 1689/2436/374 1685/2433/372
f 1692/2437/375 1688/2434/373 1687/2374/373 1691/2373/375
f 1690/2435/374 1694/2438/376 1693/2439/376 1689/2436/374
f 1696/2440/377 1692/2437/375 1691/2373/375 1695/2372/377
f 1694/2438/376 1698/2441/378 1697/2442/378 1693/2439/376
f 1700/2443/379 1696/2440/377 1695/2372/377 1699/2371/379
f 1698/2441/378 1702/2444/380 1701/2445/380 1697/2442/378
f 1704/2446/381 1700/2443/379 1699/2371/379 1703/2370/381
f 1702/2444/380 1706/2447/382 1705/2448/382 1701/2445/380
f 1708/2449/383 1704/2446/381 1703/2370/381 1707/2369/383
f 1706/2447/382 1710/2450/384 1709/2451/384 1705/2448/382
f 1712/2452/385 1708/2449/383 1707/2369/383 1711/2368/385
f 1710/2450/384 1714/2453/386 1713/2454/386 1709/2451/384
f 1716/2455/387 1712/2452/385 1711/2368/385 1715/2367/387
f 1714/2453/386 1718/2456/388 1717/2457/388 1713/2454/386
f 1720/2458/389 1716/2455/387 1715/2367/387 1719/2366/389
f 1718/2456/388 1626/2361/341 1625/2364/341 1717/2457/388
f 1628/2392/345 1720/2458/389 1719/2366/389 1627/2365/345
f 1773/2314/390 1772/2313/391 1824/2459/391 1825/2460/390
f 1625/2364/6 1629/2363/6 1633/2394/6 1637/2397/6 1641/2400/6 1645/2403/6 1649/2406/6 1653/2409/6 1657/2412/6 1661/2415/6 1665/2418/6 1669/2421/6 1673/2424/6 1677/2427/6 1681/2430/6 1685/2433/6 1689/2436/6 1693/2439/6 1697/2442/6 1701/2445/6 1705/2448/6 1709/2451/6 1713/2454/6 1717/2457/6
f 1620/2308/147 1727/2461/147 1721/2301/147 1619/2304/147
f 1728/2462/85 1755/2463/85 1751/2464/85 1726/2465/85
f 1729/2466/6 1739/2467/6 1742/2468/6 1732/2469/6
f 1617/2312/317 1723/2470/148 1725/2471/148 1618/2472/317
f 1619/2304/147 1730/2303/147 1734/2473/147 1623/2474/147
f 1732/2469/6 1736/2475/6 1733/2476/6 1729/2466/6
f 1623/2477/151 1734/2478/151 1735/2479/151 1621/2480/151
f 1617/2312/317 1731/2311/316 1740/2481/148 1723/2470/148
f 1743/2482/9 1753/2483/9 1756/2484/9 1746/2485/9
f 1724/2486/85 1722/2487/85 1728/2462/85 1726/2465/85
f 1618/2472/317 1744/2488/316 1748/2489/315 1622/2490/315
f 1746/2485/9 1750/2491/9 1747/2492/9 1743/2482/9
f 1620/2308/147 1745/2307/147 1754/2493/147 1727/2461/147
f 1622/2494/151 1748/2495/151 1749/2496/151 1624/2497/151
f 1725/2471/148 1752/2498/148 1744/2488/316 1618/2472/317
f 1617/2499/151 1618/2500/151 1620/2501/151 1619/2502/151
f 1623/2477/9 1621/2480/9 1617/2499/9 1619/2502/9
f 1624/2497/6 1620/2501/6 1618/2500/6 1622/2494/6
f 1737/2503/243 1739/2467/243 1738/2504/243
f 1740/2505/392 1742/2468/392 1741/2506/392
f 1751/2507/393 1753/2483/393 1752/2508/393
f 1754/2509/246 1756/2484/246 1755/2510/246
f 1724/2486/252 1723/2511/252 1740/2512/252 1741/2513/252
f 1728/2462/254 1727/2514/254 1754/2515/254 1755/2463/254
f 1723/2511/252 1724/2486/252 1726/2465/252 1725/2516/252
f 1727/2514/254 1728/2462/254 1722/2487/254 1721/2517/254
f 1734/2518/247 1733/2476/247 1736/2475/247 1735/2519/247
f 1735/2519/394 1736/2475/394 1732/2469/395 1731/2520/396
f 1730/2521/189 1729/2466/189 1733/2476/189 1734/2518/189
f 1739/2467/251 1737/2503/251 1741/2506/251 1742/2468/251
f 1729/2466/189 1730/2521/189 1738/2504/189 1739/2467/189
f 1742/2468/397 1740/2505/397 1731/2520/396 1732/2469/395
f 1737/2522/254 1738/2523/254 1721/2517/254 1722/2487/254
f 1748/2524/249 1747/2492/249 1750/2491/249 1749/2525/249
f 1749/2525/150 1750/2491/150 1746/2485/150 1745/2526/150
f 1744/2527/398 1743/2482/399 1747/2492/400 1748/2524/400
f 1753/2483/253 1751/2507/253 1755/2510/253 1756/2484/253
f 1756/2484/150 1754/2509/150 1745/2526/150 1746/2485/150
f 1743/2482/399 1744/2527/398 1752/2508/401 1753/2483/401
f 1751/2464/252 1752/2528/252 1725/2516/252 1726/2465/252
f 1724/2486/85 1741/2513/85 1737/2522/85 1722/2487/85
f 1926/2529/6 1920/2530/6 1915/2531/6 1932/2532/6
f 1934/2533/147 1927/2534/147 1923/2535/147 1918/2536/147
f 1936/2537/150 1921/2538/150 1923/2539/150 1927/2540/150
f 1934/2541/189 1918/2542/189 1920/2530/189 1926/2529/189
f 1769/2543/402 1772/2313/318 1630/2316/318 1626/2544/402
f 1628/2545/402 1632/2546/318 1771/2547/318 1770/2548/402
f 1716/2549/403 1720/2550/404 1816/2359/404 1814/2357/403
f 1712/2551/405 1716/2549/403 1814/2357/403 1812/2355/405
f 1708/2552/406 1712/2551/405 1812/2355/405 1810/2353/406
f 1704/2553/407 1708/2552/406 1810/2353/406 1808/2351/407
f 1700/2554/408 1704/2553/407 1808/2351/407 1806/2349/408
f 1696/2555/409 1700/2554/408 1806/2349/408 1804/2347/409
f 1692/2556/410 1696/2555/409 1804/2347/409 1802/2345/410
f 1688/2557/411 1692/2556/410 1802/2345/410 1800/2343/411
f 1684/2558/412 1688/2557/411 1800/2343/411 1798/2341/412
f 1680/2559/413 1684/2558/412 1798/2341/412 1796/2338/413
f 1676/2560/414 1680/2559/413 1796/2338/413 1794/2337/414
f 1672/2561/415 1676/2562/414 1794/2335/414 1792/2333/415
f 1668/2563/416 1672/2561/415 1792/2333/415 1790/2331/416
f 1664/2564/417 1668/2563/416 1790/2331/416 1788/2329/417
f 1660/2565/418 1664/2564/417 1788/2329/417 1786/2327/418
f 1656/2566/419 1660/2565/418 1786/2327/418 1784/2325/419
f 1652/2567/420 1656/2566/419 1784/2325/419 1782/2323/420
f 1648/2568/421 1652/2567/420 1782/2323/420 1780/2321/421
f 1644/2569/422 1648/2568/421 1780/2321/421 1778/2318/422
f 1640/2570/423 1644/2569/422 1778/2318/422 1776/2317/423
f 1636/2571/319 1640/2570/423 1776/2317/423 1774/2389/319
f 1823/2572/318 1818/2573/402 1819/2574/402 1822/2575/318
f 1718/2576/404 1815/2577/404 1769/2543/402 1626/2544/402
f 1813/2578/403 1815/2577/404 1718/2576/404 1714/2579/403
f 1811/2580/405 1813/2578/403 1714/2579/403 1710/2581/405
f 1809/2582/406 1811/2580/405 1710/2581/405 1706/2583/406
f 1807/2584/407 1809/2582/406 1706/2583/406 1702/2585/407
f 1805/2586/408 1807/2584/407 1702/2585/407 1698/2587/408
f 1803/2588/409 1805/2586/408 1698/2587/408 1694/2589/409
f 1801/2590/410 1803/2588/409 1694/2589/409 1690/2591/410
f 1799/2592/411 1801/2590/410 1690/2591/410 1686/2593/411
f 1797/2594/412 1799/2592/411 1686/2593/411 1682/2595/412
f 1795/2596/413 1797/2594/412 1682/2595/412 1678/2597/413
f 1793/2598/414 1795/2596/413 1678/2597/413 1674/2599/414
f 1791/2600/415 1793/2601/414 1674/2602/414 1670/2603/415
f 1789/2604/416 1791/2600/415 1670/2603/415 1666/2605/416
f 1787/2606/417 1789/2604/416 1666/2605/416 1662/2607/417
f 1785/2608/418 1787/2606/417 1662/2607/417 1658/2609/418
f 1783/2610/419 1785/2608/418 1658/2609/418 1654/2611/419
f 1781/2612/420 1783/2610/419 1654/2611/419 1650/2613/420
f 1779/2614/421 1781/2612/420 1650/2613/420 1646/2615/421
f 1777/2616/422 1779/2614/421 1646/2615/421 1642/2617/422
f 1775/2618/423 1777/2616/422 1642/2617/422 1638/2619/423
f 1773/2314/319 1775/2618/423 1638/2619/423 1634/2315/319
f 1632/2546/318 1636/2571/319 1774/2389/319 1771/2547/318
f 1816/2359/404 1720/2550/404 1628/2545/402 1770/2548/402
f 1911/2620/404 1819/2574/402 1818/2573/402 1910/2621/404
f 1771/2547/424 1774/2389/343 1828/2390/343 1821/2622/424
f 1770/2548/425 1771/2547/424 1821/2622/424 1820/2623/425
f 1772/2313/391 1769/2543/426 1817/2624/426 1824/2459/391
f 1910/2621/404 1906/2625/403 1907/2626/403 1911/2620/404
f 1906/2625/403 1902/2627/405 1903/2628/405 1907/2626/403
f 1815/2577/427 1813/2578/428 1905/2629/428 1909/2630/427
f 1902/2627/405 1898/2631/406 1899/2632/406 1903/2628/405
f 1813/2578/428 1811/2580/429 1901/2633/429 1905/2629/428
f 1898/2631/406 1894/2634/407 1895/2635/407 1899/2632/406
f 1811/2580/429 1809/2582/430 1897/2636/430 1901/2633/429
f 1894/2634/407 1890/2637/408 1891/2638/408 1895/2635/407
f 1809/2582/430 1807/2584/431 1893/2639/431 1897/2636/430
f 1890/2637/408 1886/2640/409 1887/2641/409 1891/2638/408
f 1807/2584/431 1805/2586/432 1889/2642/432 1893/2639/431
f 1886/2640/409 1882/2643/410 1883/2644/410 1887/2641/409
f 1805/2586/432 1803/2588/433 1885/2645/433 1889/2642/432
f 1882/2643/410 1878/2646/411 1879/2647/411 1883/2644/410
f 1803/2588/433 1801/2590/434 1881/2648/434 1885/2645/433
f 1878/2646/411 1874/2649/412 1875/2650/412 1879/2647/411
f 1801/2590/434 1799/2592/435 1877/2651/435 1881/2648/434
f 1874/2649/412 1870/2652/413 1871/2653/413 1875/2650/412
f 1799/2592/435 1797/2594/436 1873/2654/436 1877/2651/435
f 1870/2652/413 1866/2655/414 1867/2656/414 1871/2653/413
f 1797/2594/436 1795/2596/437 1869/2657/437 1873/2654/436
f 1866/2658/414 1862/2659/415 1863/2660/415 1867/2661/414
f 1795/2596/437 1793/2598/438 1865/2662/438 1869/2657/437
f 1862/2659/415 1858/2663/416 1859/2664/416 1863/2660/415
f 1793/2601/438 1791/2600/439 1861/2665/439 1865/2666/438
f 1858/2663/416 1854/2667/417 1855/2668/417 1859/2664/416
f 1791/2600/439 1789/2604/440 1857/2669/440 1861/2665/439
f 1854/2667/417 1850/2670/418 1851/2671/418 1855/2668/417
f 1789/2604/440 1787/2606/441 1853/2672/441 1857/2669/440
f 1850/2670/418 1846/2673/419 1847/2674/419 1851/2671/418
f 1787/2606/441 1785/2608/442 1849/2675/442 1853/2672/441
f 1846/2673/419 1842/2676/420 1843/2677/420 1847/2674/419
f 1785/2608/442 1783/2610/443 1845/2678/443 1849/2675/442
f 1842/2676/420 1838/2679/421 1839/2680/421 1843/2677/420
f 1783/2610/443 1781/2612/444 1841/2681/444 1845/2678/443
f 1838/2679/421 1834/2682/422 1835/2683/422 1839/2680/421
f 1781/2612/444 1779/2614/445 1837/2684/445 1841/2681/444
f 1834/2682/422 1830/2685/423 1831/2686/423 1835/2683/422
f 1779/2614/445 1777/2616/446 1833/2687/446 1837/2684/445
f 1830/2685/423 1826/2688/319 1827/2689/319 1831/2686/423
f 1777/2616/446 1775/2618/447 1829/2690/447 1833/2687/446
f 1775/2618/447 1773/2314/390 1825/2460/390 1829/2690/447
f 1826/2688/319 1823/2572/318 1822/2575/318 1827/2689/319
f 1816/2359/340 1770/2548/425 1820/2623/425 1912/2360/340
f 1818/2691/448 1823/2692/449 1824/2459/449 1817/2624/450
f 1822/2693/451 1819/2694/452 1820/2623/453 1821/2622/451
f 1819/2694/452 1911/2695/454 1912/2360/454 1820/2623/453
f 1910/2696/455 1818/2691/448 1817/2624/450 1909/2630/455
f 1906/2697/456 1910/2696/455 1909/2630/455 1905/2629/456
f 1911/2695/454 1907/2698/457 1908/2358/457 1912/2360/454
f 1902/2699/458 1906/2697/456 1905/2629/456 1901/2633/458
f 1907/2698/457 1903/2700/459 1904/2356/459 1908/2358/457
f 1898/2701/460 1902/2699/458 1901/2633/458 1897/2636/460
f 1903/2700/459 1899/2702/461 1900/2354/461 1904/2356/459
f 1894/2703/462 1898/2701/460 1897/2636/460 1893/2639/462
f 1899/2702/461 1895/2704/463 1896/2352/463 1900/2354/461
f 1890/2705/464 1894/2703/462 1893/2639/462 1889/2642/464
f 1895/2704/463 1891/2706/465 1892/2350/465 1896/2352/463
f 1886/2707/466 1890/2705/464 1889/2642/464 1885/2645/466
f 1891/2706/465 1887/2708/467 1888/2348/467 1892/2350/465
f 1882/2709/468 1886/2707/466 1885/2645/466 1881/2648/468
f 1887/2708/467 1883/2710/469 1884/2346/469 1888/2348/467
f 1878/2711/470 1882/2709/468 1881/2648/468 1877/2651/470
f 1883/2710/469 1879/2712/471 1880/2344/471 1884/2346/469
f 1874/2713/472 1878/2711/470 1877/2651/470 1873/2654/472
f 1879/2712/471 1875/2714/473 1876/2342/473 1880/2344/471
f 1870/2715/474 1874/2713/472 1873/2654/472 1869/2657/474
f 1875/2714/473 1871/2716/475 1872/2339/475 1876/2342/473
f 1866/2717/476 1870/2715/474 1869/2657/474 1865/2662/476
f 1871/2716/475 1867/2718/477 1868/2340/477 1872/2339/475
f 1862/2719/478 1866/2720/476 1865/2666/476 1861/2665/478
f 1867/2721/477 1863/2722/479 1864/2334/479 1868/2336/477
f 1858/2723/480 1862/2719/478 1861/2665/478 1857/2669/480
f 1863/2722/479 1859/2724/481 1860/2332/481 1864/2334/479
f 1854/2725/482 1858/2723/480 1857/2669/480 1853/2672/482
f 1859/2724/481 1855/2726/483 1856/2330/483 1860/2332/481
f 1850/2727/484 1854/2725/482 1853/2672/482 1849/2675/484
f 1855/2726/483 1851/2728/485 1852/2328/485 1856/2330/483
f 1846/2729/486 1850/2727/484 1849/2675/484 1845/2678/486
f 1851/2728/485 1847/2730/487 1848/2326/487 1852/2328/485
f 1842/2731/488 1846/2729/486 1845/2678/486 1841/2681/488
f 1847/2730/487 1843/2732/489 1844/2324/489 1848/2326/487
f 1838/2733/490 1842/2731/488 1841/2681/488 1837/2684/490
f 1843/2732/489 1839/2734/491 1840/2322/491 1844/2324/489
f 1834/2735/492 1838/2733/490 1837/2684/490 1833/2687/492
f 1839/2734/491 1835/2736/493 1836/2319/493 1840/2322/491
f 1830/2737/494 1834/2735/492 1833/2687/492 1829/2690/494
f 1835/2736/493 1831/2738/495 1832/2320/495 1836/2319/493
f 1826/2739/496 1830/2737/494 1829/2690/494 1825/2460/496
f 1831/2738/495 1827/2740/497 1828/2390/497 1832/2320/495
f 1823/2692/449 1826/2739/496 1825/2460/496 1824/2459/449
f 1827/2740/497 1822/2693/451 1821/2622/451 1828/2390/497
f 1769/2543/426 1815/2577/427 1909/2630/427 1817/2624/426
f 1922/2741/150 1766/2742/150 1765/2743/150 1924/2744/150
f 1763/2745/189 1933/2746/189 1925/2747/189 1764/2748/189
f 1917/2749/189 1762/2750/189 1761/2751/189 1919/2752/189
f 1917/2753/147 1924/2754/147 1765/2755/147 1762/2756/147
f 1921/2538/9 1936/2537/9 1929/2757/9 1914/2758/9
f 1763/2759/147 1768/2760/147 1928/2761/147 1933/2762/147
f 1764/2748/6 1925/2747/6 1931/2763/6 1757/2764/6
f 1935/2765/9 1767/2766/9 1760/2767/9 1930/2768/9
f 1767/2766/150 1935/2765/150 1928/2769/150 1768/2770/150
f 1919/2752/6 1761/2751/6 1758/2771/6 1916/2772/6
f 1924/2754/498 1917/2753/498 1918/2536/498 1923/2535/498
f 1922/2741/499 1924/2744/499 1923/2539/499 1921/2538/499
f 1917/2749/500 1919/2752/500 1920/2530/500 1918/2542/500
f 1919/2752/6 1916/2772/6 1915/2531/6 1920/2530/6
f 1921/2538/9 1914/2758/9 1913/2773/9 1922/2741/9
f 1926/2529/6 1932/2532/6 1931/2763/6 1925/2747/6
f 1934/2541/501 1926/2529/501 1925/2747/501 1933/2746/501
f 1936/2537/502 1927/2540/502 1928/2769/502 1935/2765/502
f 1927/2534/503 1934/2533/503 1933/2762/503 1928/2761/503
f 1935/2765/9 1930/2768/9 1929/2757/9 1936/2537/9
f 1766/2742/9 1922/2741/9 1913/2773/9 1759/2774/9
f 1939/2775/504 1946/2776/504 1950/2777/504 1941/2778/504
f 2256/2779/505 1944/2780/505 1937/2781/506 2272/2782/507 2270/2783/508 2268/2784/508 2266/2785/508 2264/2786/508 2262/2787/508 2260/2788/508 2258/2789/508
f 2295/2790/6 2293/2791/6 2291/2792/6 2289/2793/6 2622/2794/6 2342/2795/6 2340/2796/6 2338/2797/6 2336/2798/6 2334/2799/6 2390/2800/6 2388/2801/6 2386/2802/6 2384/2803/6 2382/2804/6 2582/2805/6 2580/2806/6 2578/2807/6 2576/2808/6 2574/2809/6 2534/2810/6 2532/2811/6 2530/2812/6 2528/2813/6 2526/2814/6 2486/2815/6 2484/2816/6 2482/2817/6 2480/2818/6 2478/2819/6 2438/2820/6 2436/2821/6 2434/2822/6 2432/2823/6 2430/2824/6 1940/2825/6 2619/2826/6
f 2355/2827/509 2357/2828/49 2211/2829/49 2213/2830/509
f 2403/2831/509 2405/2832/49 2163/2833/49 2165/2834/509
f 2595/2835/509 2597/2836/49 1971/2837/49 1973/2838/509
f 2614/2839/3 2569/2840/510 1999/2841/510 1952/2842/3
f 2566/2843/3 2521/2844/510 2047/2845/510 2000/2846/3
f 2518/2847/3 2473/2848/510 2095/2849/510 2048/2850/3
f 2620/2851/511 1939/2775/511 1941/2778/512 1938/2852/512
f 1962/2853/513 1960/2854/514 2016/2855/514 2014/2856/513 2012/2857/513 2010/2858/513 2008/2859/514 2064/2860/514 2062/2861/513 2060/2862/513 2058/2863/513 2056/2864/514 2112/2865/514 2110/2866/513 2108/2867/513 2106/2868/513 2104/2869/514 1949/2870/514 1951/2871/513 1945/2872/513 1944/2780/505 2256/2779/505 2254/2873/513 2252/2874/513 2250/2875/513 2248/2876/514 2208/2877/514 2206/2878/513 2204/2879/513 2202/2880/513 2200/2881/514 2160/2882/514 2158/2883/513 2156/2884/513 2154/2885/513 2152/2886/514 1968/2887/514 1966/2888/513 1964/2889/513
f 2604/2890/6 2602/2891/6 2600/2892/6 2598/2893/6 2414/2894/6 2412/2895/6 2410/2896/6 2408/2897/6 2406/2898/6 2366/2899/6 2364/2900/6 2362/2901/6 2360/2902/6 2358/2903/6 2319/2904/6 2317/2905/6 2315/2906/6 2313/2907/6 2311/2908/6 2616/2909/6 2618/2910/6 1948/2911/6 1947/2912/6 2462/2913/6 2460/2914/6 2458/2915/6 2456/2916/6 2454/2917/6 2510/2918/6 2508/2919/6 2506/2920/6 2504/2921/6 2502/2922/6 2558/2923/6 2556/2924/6 2554/2925/6 2552/2926/6 2550/2927/6 2606/2928/6
f 1938/2852/515 1943/2929/515 2617/2930/515 2620/2851/515
f 2334/2799/6 2332/2931/6 2330/2932/6 2328/2933/6 2375/2934/6 2372/2935/6 2371/2936/6 2368/2937/6 2366/2899/6 2406/2898/6 2404/2938/6 2402/2939/6 2400/2940/6 2398/2941/6 2396/2942/6 2394/2943/6 2392/2944/6 2390/2800/6
f 2382/2804/6 2380/2945/6 2378/2946/6 2376/2947/6 2423/2948/6 2420/2949/6 2419/2950/6 2416/2951/6 2414/2894/6 2598/2893/6 2596/2952/6 2594/2953/6 2592/2954/6 2590/2955/6 2588/2956/6 2586/2957/6 2584/2958/6 2582/2805/6
f 2454/2917/6 2452/2959/6 2450/2960/6 2448/2961/6 2446/2962/6 2444/2963/6 2442/2964/6 2440/2965/6 2438/2820/6 2478/2819/6 2476/2966/6 2474/2967/6 2472/2968/6 2519/2969/6 2516/2970/6 2515/2971/6 2512/2972/6 2510/2918/6
f 2550/2927/6 2548/2973/6 2546/2974/6 2544/2975/6 2542/2976/6 2540/2977/6 2538/2978/6 2536/2979/6 2534/2810/6 2574/2809/6 2572/2980/6 2570/2981/6 2568/2982/6 2615/2983/6 2612/2984/6 2611/2985/6 2608/2986/6 2606/2928/6
f 2502/2922/6 2500/2987/6 2498/2988/6 2496/2989/6 2494/2990/6 2492/2991/6 2490/2992/6 2488/2993/6 2486/2815/6 2526/2814/6 2524/2994/6 2522/2995/6 2520/2996/6 2567/2997/6 2564/2998/6 2563/2999/6 2560/3000/6 2558/2923/6
f 2622/2794/6 2624/3001/6 2626/3002/6 2628/3003/6 2326/3004/6 2324/3005/6 2323/3006/6 2320/3007/6 2319/2904/6 2358/2903/6 2356/3008/6 2354/3009/6 2352/3010/6 2350/3011/6 2348/3012/6 2346/3013/6 2344/3014/6 2342/2795/6
f 2136/3015/507 1942/3016/516 1949/2870/514 2104/2869/514 2102/3017/516 2100/3018/516 2098/3019/516 2097/3020/516 2142/3021/516 2140/3022/516 2138/3023/516
f 2613/3024/517 2614/2839/3 1952/2842/3 1955/3025/517
f 2430/2824/6 2428/3026/6 2426/3027/6 2424/3028/6 2471/3029/6 2468/3030/6 2467/3031/6 2464/3032/6 2462/2913/6 1947/2912/6 1940/2825/6
f 2466/3033/518 2469/3034/517 2099/3035/517 2101/3036/518
f 2421/3037/517 2422/3038/3 2144/3039/3 2147/3040/517
f 2425/3041/510 2427/3042/519 2141/3043/519 2143/3044/510
f 2427/3042/519 2429/3045/520 2139/3046/520 2141/3043/519
f 2429/3045/520 2431/3047/521 2137/3048/521 2139/3046/520
f 2431/3047/521 2433/3049/522 2135/3050/522 2137/3048/521
f 2433/3049/522 2435/3051/4 2133/3052/4 2135/3050/522
f 2435/3053/4 2437/3054/523 2131/3055/523 2133/3056/4
f 2437/3054/523 2439/3057/524 2129/3058/524 2131/3055/523
f 2439/3057/524 2441/3059/45 2127/3060/45 2129/3058/524
f 2441/3059/45 2443/3061/525 2125/3062/525 2127/3060/45
f 2443/3061/525 2445/3063/526 2123/3064/526 2125/3062/525
f 2445/3063/526 2447/3065/5 2121/3066/5 2123/3064/526
f 2447/3065/5 2449/3067/527 2119/3068/527 2121/3066/5
f 2449/3067/527 2451/3069/509 2117/3070/509 2119/3068/527
f 2451/3069/509 2453/3071/49 2115/3072/49 2117/3070/509
f 2453/3071/49 2455/3073/528 2113/3074/528 2115/3072/49
f 2455/3073/528 2457/3075/529 2111/3076/529 2113/3074/528
f 2457/3075/529 2459/3077/2 2109/3078/2 2111/3076/529
f 2459/3077/2 2461/3079/530 2107/3080/530 2109/3078/2
f 2461/3079/530 2463/3081/531 2105/3082/531 2107/3080/530
f 2463/3081/531 2465/3083/532 2103/3084/532 2105/3082/531
f 2465/3083/532 2466/3033/518 2101/3036/518 2103/3084/532
f 2470/3085/3 2425/3041/510 2143/3044/510 2096/3086/3
f 2514/3087/518 2517/3088/517 2051/3089/517 2053/3090/518
f 2469/3034/517 2470/3085/3 2096/3086/3 2099/3035/517
f 2473/2848/510 2475/3091/519 2093/3092/519 2095/2849/510
f 2475/3091/519 2477/3093/520 2091/3094/520 2093/3092/519
f 2477/3093/520 2479/3095/521 2089/3096/521 2091/3094/520
f 2479/3095/521 2481/3097/522 2087/3098/522 2089/3096/521
f 2481/3097/522 2483/3099/4 2085/3100/4 2087/3098/522
f 2483/3101/4 2485/3102/523 2083/3103/523 2085/3104/4
f 2485/3102/523 2487/3105/524 2081/3106/524 2083/3103/523
f 2487/3105/524 2489/3107/45 2079/3108/45 2081/3106/524
f 2489/3107/45 2491/3109/525 2077/3110/525 2079/3108/45
f 2491/3109/525 2493/3111/526 2075/3112/526 2077/3110/525
f 2493/3111/526 2495/3113/5 2073/3114/5 2075/3112/526
f 2495/3113/5 2497/3115/527 2071/3116/527 2073/3114/5
f 2497/3115/527 2499/3117/509 2069/3118/509 2071/3116/527
f 2499/3117/509 2501/3119/49 2067/3120/49 2069/3118/509
f 2501/3119/49 2503/3121/528 2065/3122/528 2067/3120/49
f 2503/3121/528 2505/3123/529 2063/3124/529 2065/3122/528
f 2505/3123/529 2507/3125/2 2061/3126/2 2063/3124/529
f 2507/3125/2 2509/3127/530 2059/3128/530 2061/3126/2
f 2509/3127/530 2511/3129/531 2057/3130/531 2059/3128/530
f 2511/3129/531 2513/3131/532 2055/3132/532 2057/3130/531
f 2513/3131/532 2514/3087/518 2053/3090/518 2055/3132/532
f 2112/2865/514 2056/2864/514 2054/3133/9 2052/3134/9 2050/3135/9 2049/3136/9 2094/3137/9 2092/3138/9 2090/3139/9 2088/3140/507 2128/3141/507 2126/3142/9 2124/3143/9 2122/3144/9 2120/3145/9 2118/3146/9 2116/3147/9 2114/3148/9
f 2562/3149/533 2565/3150/517 2003/3151/517 2005/3152/533
f 2517/3088/517 2518/2847/3 2048/2850/3 2051/3089/517
f 2521/2844/510 2523/3153/519 2045/3154/519 2047/2845/510
f 2523/3153/519 2525/3155/520 2043/3156/520 2045/3154/519
f 2525/3155/520 2527/3157/521 2041/3158/521 2043/3156/520
f 2527/3157/521 2529/3159/522 2039/3160/522 2041/3158/521
f 2529/3159/522 2531/3161/4 2037/3162/4 2039/3160/522
f 2531/3163/4 2533/3164/523 2035/3165/523 2037/3166/4
f 2533/3164/523 2535/3167/524 2033/3168/524 2035/3165/523
f 2535/3167/524 2537/3169/45 2031/3170/45 2033/3168/524
f 2537/3169/45 2539/3171/525 2029/3172/525 2031/3170/45
f 2539/3171/525 2541/3173/526 2027/3174/526 2029/3172/525
f 2541/3173/526 2543/3175/5 2025/3176/5 2027/3174/526
f 2543/3175/5 2545/3177/527 2023/3178/527 2025/3176/5
f 2545/3177/527 2547/3179/509 2021/3180/509 2023/3178/527
f 2547/3179/509 2549/3181/49 2019/3182/49 2021/3180/509
f 2549/3181/49 2551/3183/528 2017/3184/528 2019/3182/49
f 2551/3183/528 2553/3185/529 2015/3186/529 2017/3184/528
f 2553/3185/529 2555/3187/2 2013/3188/2 2015/3186/529
f 2555/3187/2 2557/3189/530 2011/3190/530 2013/3188/2
f 2557/3189/530 2559/3191/531 2009/3192/531 2011/3190/530
f 2559/3191/531 2561/3193/532 2007/3194/532 2009/3192/531
f 2561/3193/532 2562/3149/533 2005/3152/533 2007/3194/532
f 2064/2860/514 2008/2859/514 2006/3195/9 2004/3196/9 2002/3197/9 2001/3198/9 2046/3199/9 2044/3200/9 2042/3201/9 2040/3202/507 2080/3203/507 2078/3204/9 2076/3205/9 2074/3206/9 2072/3207/9 2070/3208/9 2068/3209/9 2066/3210/9
f 2610/3211/518 2613/3024/517 1955/3025/517 1957/3212/518
f 2565/3150/517 2566/2843/3 2000/2846/3 2003/3151/517
f 2569/2840/510 2571/3213/519 1997/3214/519 1999/2841/510
f 2571/3213/519 2573/3215/520 1995/3216/520 1997/3214/519
f 2573/3215/520 2575/3217/521 1993/3218/521 1995/3216/520
f 2575/3217/521 2577/3219/522 1991/3220/522 1993/3218/521
f 2577/3219/522 2579/3221/534 1989/3222/534 1991/3220/522
f 2579/3223/534 2581/3224/523 1987/3225/523 1989/3226/534
f 2581/3224/523 2583/3227/524 1985/3228/524 1987/3225/523
f 2583/3227/524 2585/3229/45 1983/3230/45 1985/3228/524
f 2585/3229/45 2587/3231/525 1981/3232/525 1983/3230/45
f 2587/3231/525 2589/3233/526 1979/3234/526 1981/3232/525
f 2589/3233/526 2591/3235/5 1977/3236/5 1979/3234/526
f 2591/3235/5 2593/3237/527 1975/3238/527 1977/3236/5
f 2593/3237/527 2595/2835/509 1973/2838/509 1975/3238/527
f 2184/3239/507 1984/3240/507 1982/3241/9 1980/3242/9 1978/3243/9 1976/3244/9 1974/3245/9 1972/3246/9 1970/3247/9 1968/2887/514 2152/2886/514 2150/3248/9 2148/3249/9 2146/3250/9 2145/3251/9 2190/3252/9 2188/3253/9 2186/3254/9
f 2597/2836/49 2599/3255/528 1969/3256/528 1971/2837/49
f 2599/3255/528 2601/3257/529 1967/3258/529 1969/3256/528
f 2601/3257/529 2603/3259/2 1965/3260/2 1967/3258/529
f 2603/3259/2 2605/3261/530 1963/3262/530 1965/3260/2
f 2605/3261/530 2607/3263/531 1961/3264/531 1963/3262/530
f 2607/3263/531 2609/3265/532 1959/3266/532 1961/3264/531
f 2609/3265/532 2610/3211/518 1957/3212/518 1959/3266/532
f 2016/2855/514 1960/2854/514 1958/3267/9 1956/3268/9 1954/3269/9 1953/3270/9 1998/3271/9 1996/3272/9 1994/3273/9 1992/3274/507 2032/3275/507 2030/3276/9 2028/3277/9 2026/3278/9 2024/3279/9 2022/3280/9 2020/3281/9 2018/3282/9
f 2418/3283/518 2421/3037/517 2147/3040/517 2149/3284/518
f 2373/3285/517 2374/3286/3 2192/3287/3 2195/3288/517
f 2377/3289/510 2379/3290/519 2189/3291/519 2191/3292/510
f 2379/3290/519 2381/3293/520 2187/3294/520 2189/3291/519
f 2381/3293/520 2383/3295/521 2185/3296/521 2187/3294/520
f 2383/3295/521 2385/3297/522 2183/3298/522 2185/3296/521
f 2385/3297/522 2387/3299/534 2181/3300/534 2183/3298/522
f 2387/3301/534 2389/3302/523 2179/3303/523 2181/3304/534
f 2389/3302/523 2391/3305/535 2177/3306/535 2179/3303/523
f 2391/3305/535 2393/3307/45 2175/3308/45 2177/3306/535
f 2393/3307/45 2395/3309/525 2173/3310/525 2175/3308/45
f 2395/3309/525 2397/3311/526 2171/3312/526 2173/3310/525
f 2397/3311/526 2399/3313/5 2169/3314/5 2171/3312/526
f 2399/3313/5 2401/3315/527 2167/3316/527 2169/3314/5
f 2401/3315/527 2403/2831/509 2165/2834/509 2167/3316/527
f 2232/3317/507 2176/3318/507 2174/3319/9 2172/3320/9 2170/3321/9 2168/3322/9 2166/3323/9 2164/3324/9 2162/3325/9 2160/2882/514 2200/2881/514 2198/3326/9 2196/3327/9 2194/3328/9 2193/3329/9 2238/3330/9 2236/3331/9 2234/3332/9
f 2405/2832/49 2407/3333/536 2161/3334/536 2163/2833/49
f 2407/3333/536 2409/3335/529 2159/3336/529 2161/3334/536
f 2409/3335/529 2411/3337/2 2157/3338/2 2159/3336/529
f 2411/3337/2 2413/3339/530 2155/3340/530 2157/3338/2
f 2413/3339/530 2415/3341/531 2153/3342/531 2155/3340/530
f 2415/3341/531 2417/3343/532 2151/3344/532 2153/3342/531
f 2417/3343/532 2418/3283/518 2149/3284/518 2151/3344/532
f 2422/3038/3 2377/3289/510 2191/3292/510 2144/3039/3
f 2370/3345/518 2373/3285/517 2195/3288/517 2197/3346/518
f 2325/3347/517 2327/3348/7 2240/3349/7 2243/3350/517
f 2329/3351/510 2331/3352/519 2237/3353/519 2239/3354/510
f 2331/3352/519 2333/3355/520 2235/3356/520 2237/3353/519
f 2333/3355/520 2335/3357/521 2233/3358/521 2235/3356/520
f 2335/3357/521 2337/3359/522 2231/3360/522 2233/3358/521
f 2337/3359/522 2339/3361/534 2229/3362/534 2231/3360/522
f 2339/3363/534 2341/3364/523 2227/3365/523 2229/3366/534
f 2341/3364/523 2343/3367/535 2225/3368/535 2227/3365/523
f 2343/3367/535 2345/3369/45 2223/3370/45 2225/3368/535
f 2345/3369/45 2347/3371/525 2221/3372/525 2223/3370/45
f 2347/3371/525 2349/3373/526 2219/3374/526 2221/3372/525
f 2349/3373/526 2351/3375/5 2217/3376/5 2219/3374/526
f 2351/3375/5 2353/3377/537 2215/3378/537 2217/3376/5
f 2353/3377/537 2355/2827/509 2213/2830/509 2215/3378/537
f 2280/3379/507 2224/3380/507 2222/3381/9 2220/3382/9 2218/3383/9 2216/3384/9 2214/3385/9 2212/3386/9 2210/3387/9 2208/2877/514 2248/2876/514 2246/3388/9 2244/3389/9 2242/3390/9 2241/3391/9 2286/3392/9 2284/3393/9 2282/3394/9
f 2357/2828/49 2359/3395/528 2209/3396/528 2211/2829/49
f 2359/3395/528 2361/3397/529 2207/3398/529 2209/3396/528
f 2361/3397/529 2363/3399/2 2205/3400/2 2207/3398/529
f 2363/3399/2 2365/3401/530 2203/3402/530 2205/3400/2
f 2365/3401/530 2367/3403/531 2201/3404/531 2203/3402/530
f 2367/3403/531 2369/3405/532 2199/3406/532 2201/3404/531
f 2369/3405/532 2370/3345/518 2197/3346/518 2199/3406/532
f 2374/3286/3 2329/3351/510 2239/3354/510 2192/3287/3
f 2322/3407/518 2325/3347/517 2243/3350/517 2245/3408/518
f 2311/2908/6 2309/3409/6 2307/3410/6 2305/3411/6 2303/3412/6 2301/3413/6 2299/3414/6 2297/3415/6 2295/2790/6 2619/2826/6 2616/2909/6
f 2627/3416/510 2625/3417/519 2285/3418/519 2287/3419/510
f 2625/3417/519 2623/3420/520 2283/3421/520 2285/3418/519
f 2623/3420/520 2621/3422/521 2281/3423/521 2283/3421/520
f 2621/3422/521 2288/3424/522 2279/3425/522 2281/3423/521
f 2288/3424/522 2290/3426/534 2277/3427/534 2279/3425/522
f 2290/3426/534 2292/3428/523 2275/3429/523 2277/3427/534
f 2292/3430/523 2294/3431/535 2273/3432/535 2275/3433/523
f 2294/3431/535 2296/3434/45 2271/3435/45 2273/3432/535
f 2296/3434/45 2298/3436/525 2269/3437/525 2271/3435/45
f 2298/3436/525 2300/3438/526 2267/3439/526 2269/3437/525
f 2300/3438/526 2302/3440/1 2265/3441/1 2267/3439/526
f 2302/3440/1 2304/3442/527 2263/3443/527 2265/3441/1
f 2304/3442/527 2306/3444/509 2261/3445/509 2263/3443/527
f 2306/3444/509 2308/3446/49 2259/3447/49 2261/3445/509
f 2308/3446/49 2310/3448/536 2257/3449/536 2259/3447/49
f 2310/3448/536 2312/3450/529 2255/3451/529 2257/3449/536
f 2312/3450/529 2314/3452/2 2253/3453/2 2255/3451/529
f 2314/3452/2 2316/3454/530 2251/3455/530 2253/3453/2
f 2316/3454/530 2318/3456/531 2249/3457/531 2251/3455/530
f 2318/3456/531 2321/3458/532 2247/3459/532 2249/3457/531
f 2321/3458/532 2322/3407/518 2245/3408/518 2247/3459/532
f 2327/3348/7 2627/3416/510 2287/3419/510 2240/3349/7
f 1943/3460/538 1944/2780/539 1945/2872/540
f 1946/3461/541 1947/2912/542 1948/2911/543
f 1949/2870/544 1950/3462/545 1951/2871/546
f 2616/2909/547 2617/3463/548 2618/2910/549
f 1942/3016/550 1937/2781/550 1938/3464/512 1941/3465/512
f 1940/2825/551 1947/2912/542 1946/3461/541 1939/3466/551
f 1943/3460/538 1938/3464/552 1937/2781/552 1944/2780/539
f 1949/2870/544 1942/3016/553 1941/3465/553 1950/3462/545
f 1955/3467/554 1952/3468/555 1953/3270/555 1954/3269/556
f 1957/3469/557 1955/3467/554 1954/3269/556 1956/3268/557
f 1959/3470/558 1957/3469/557 1956/3268/557 1958/3267/559
f 1961/3471/560 1959/3470/558 1958/3267/559 1960/2854/561
f 1963/3472/562 1961/3471/560 1960/2854/561 1962/2853/563
f 1965/3473/564 1963/3472/562 1962/2853/563 1964/2889/564
f 1967/3474/565 1965/3473/564 1964/2889/564 1966/2888/566
f 1969/3475/567 1967/3474/565 1966/2888/566 1968/2887/568
f 1971/3476/569 1969/3475/567 1968/2887/568 1970/3247/570
f 1973/3477/571 1971/3476/569 1970/3247/570 1972/3246/571
f 1975/3478/572 1973/3477/571 1972/3246/571 1974/3245/572
f 1977/3479/573 1975/3478/572 1974/3245/572 1976/3244/574
f 1979/3480/575 1977/3479/573 1976/3244/574 1978/3243/575
f 1981/3481/576 1979/3480/575 1978/3243/575 1980/3242/577
f 1983/3482/578 1981/3481/576 1980/3242/577 1982/3241/579
f 1985/3483/580 1983/3482/578 1982/3241/579 1984/3240/581
f 1987/3484/582 1985/3483/580 1984/3240/581 1986/3485/583
f 1989/3486/584 1987/3484/582 1986/3485/583 1988/3487/584
f 1991/3488/585 1989/3486/584 1988/3487/584 1990/3489/586
f 1993/3490/587 1991/3488/585 1990/3489/586 1992/3274/588
f 1995/3491/589 1993/3490/587 1992/3274/588 1994/3273/590
f 1997/3492/591 1995/3491/589 1994/3273/590 1996/3272/591
f 1999/3493/592 1997/3492/591 1996/3272/591 1998/3271/592
f 1952/3468/555 1999/3493/592 1998/3271/592 1953/3270/555
f 2003/3494/593 2000/3495/594 2001/3198/594 2002/3197/593
f 2005/3496/595 2003/3494/593 2002/3197/593 2004/3196/595
f 2007/3497/596 2005/3496/595 2004/3196/595 2006/3195/597
f 2009/3498/560 2007/3497/596 2006/3195/597 2008/2859/598
f 2011/3499/599 2009/3498/560 2008/2859/598 2010/2858/600
f 2013/3500/564 2011/3499/599 2010/2858/600 2012/2857/564
f 2015/3501/565 2013/3500/564 2012/2857/564 2014/2856/601
f 2017/3502/567 2015/3501/565 2014/2856/601 2016/2855/568
f 2019/3503/602 2017/3502/567 2016/2855/568 2018/3282/570
f 2021/3504/571 2019/3503/602 2018/3282/570 2020/3281/571
f 2023/3505/572 2021/3504/571 2020/3281/571 2022/3280/572
f 2025/3506/603 2023/3505/572 2022/3280/572 2024/3279/603
f 2027/3507/604 2025/3506/603 2024/3279/603 2026/3278/604
f 2029/3508/577 2027/3507/604 2026/3278/604 2028/3277/577
f 2031/3509/605 2029/3508/577 2028/3277/577 2030/3276/606
f 2033/3510/607 2031/3509/605 2030/3276/606 2032/3275/608
f 2035/3511/609 2033/3510/607 2032/3275/608 2034/3512/610
f 2037/3513/584 2035/3511/609 2034/3512/610 2036/3514/584
f 2039/3515/611 2037/3513/584 2036/3514/584 2038/3516/612
f 2041/3517/613 2039/3515/611 2038/3516/612 2040/3202/588
f 2043/3518/614 2041/3517/613 2040/3202/588 2042/3201/590
f 2045/3519/591 2043/3518/614 2042/3201/590 2044/3200/591
f 2047/3520/615 2045/3519/591 2044/3200/591 2046/3199/615
f 2000/3495/594 2047/3520/615 2046/3199/615 2001/3198/594
f 2051/3521/616 2048/3522/617 2049/3136/617 2050/3135/616
f 2053/3523/595 2051/3521/616 2050/3135/616 2052/3134/595
f 2055/3524/596 2053/3523/595 2052/3134/595 2054/3133/618
f 2057/3525/560 2055/3524/596 2054/3133/618 2056/2864/561
f 2059/3526/599 2057/3525/560 2056/2864/561 2058/2863/619
f 2061/3527/564 2059/3526/599 2058/2863/619 2060/2862/564
f 2063/3528/620 2061/3527/564 2060/2862/564 2062/2861/621
f 2065/3529/567 2063/3528/620 2062/2861/621 2064/2860/622
f 2067/3530/623 2065/3529/567 2064/2860/622 2066/3210/570
f 2069/3531/571 2067/3530/623 2066/3210/570 2068/3209/571
f 2071/3532/572 2069/3531/571 2068/3209/571 2070/3208/572
f 2073/3533/603 2071/3532/572 2070/3208/572 2072/3207/603
f 2075/3534/624 2073/3533/603 2072/3207/603 2074/3206/624
f 2077/3535/577 2075/3534/624 2074/3206/624 2076/3205/577
f 2079/3536/625 2077/3535/577 2076/3205/577 2078/3204/579
f 2081/3537/626 2079/3536/625 2078/3204/579 2080/3203/627
f 2083/3538/582 2081/3537/626 2080/3203/627 2082/3539/583
f 2085/3540/584 2083/3538/582 2082/3539/583 2084/3541/584
f 2087/3542/628 2085/3540/584 2084/3541/584 2086/3543/629
f 2089/3544/587 2087/3542/628 2086/3543/629 2088/3140/630
f 2091/3545/614 2089/3544/587 2088/3140/630 2090/3139/590
f 2093/3546/631 2091/3545/614 2090/3139/590 2092/3138/631
f 2095/3547/615 2093/3546/631 2092/3138/631 2094/3137/615
f 2048/3522/617 2095/3547/615 2094/3137/615 2049/3136/617
f 2099/3548/616 2096/3549/617 2097/3020/617 2098/3019/616
f 2101/3550/632 2099/3548/616 2098/3019/616 2100/3018/632
f 2103/3551/633 2101/3550/632 2100/3018/632 2102/3017/634
f 2105/3552/635 2103/3551/633 2102/3017/634 2104/2869/636
f 2107/3553/637 2105/3552/635 2104/2869/636 2106/2868/638
f 2109/3554/564 2107/3553/637 2106/2868/638 2108/2867/564
f 2111/3555/639 2109/3554/564 2108/2867/564 2110/2866/621
f 2113/3556/567 2111/3555/639 2110/2866/621 2112/2865/622
f 2115/3557/623 2113/3556/567 2112/2865/622 2114/3148/570
f 2117/3558/640 2115/3557/623 2114/3148/570 2116/3147/640
f 2119/3559/572 2117/3558/640 2116/3147/640 2118/3146/572
f 2121/3560/603 2119/3559/572 2118/3146/572 2120/3145/603
f 2123/3561/575 2121/3560/603 2120/3145/603 2122/3144/575
f 2125/3562/641 2123/3561/575 2122/3144/575 2124/3143/641
f 2127/3563/642 2125/3562/641 2124/3143/641 2126/3142/643
f 2129/3564/626 2127/3563/642 2126/3142/643 2128/3141/581
f 2131/3565/644 2129/3564/626 2128/3141/581 2130/3566/645
f 2133/3567/584 2131/3565/644 2130/3566/645 2132/3568/584
f 2135/3569/646 2133/3567/584 2132/3568/584 2134/3570/647
f 2137/3571/648 2135/3569/646 2134/3570/647 2136/3015/649
f 2139/3572/650 2137/3571/648 2136/3015/649 2138/3023/651
f 2141/3573/631 2139/3572/650 2138/3023/651 2140/3022/631
f 2143/3574/615 2141/3573/631 2140/3022/631 2142/3021/615
f 2096/3549/617 2143/3574/615 2142/3021/615 2097/3020/617
f 2147/3575/556 2144/3576/594 2145/3251/594 2146/3250/556
f 2149/3577/595 2147/3575/556 2146/3250/556 2148/3249/595
f 2151/3578/652 2149/3577/595 2148/3249/595 2150/3248/597
f 2153/3579/653 2151/3578/652 2150/3248/597 2152/2886/654
f 2155/3580/655 2153/3579/653 2152/2886/654 2154/2885/619
f 2157/3581/564 2155/3580/655 2154/2885/619 2156/2884/564
f 2159/3582/639 2157/3581/564 2156/2884/564 2158/2883/621
f 2161/3583/656 2159/3582/639 2158/2883/621 2160/2882/657
f 2163/3584/658 2161/3583/656 2160/2882/657 2162/3325/570
f 2165/3585/571 2163/3584/658 2162/3325/570 2164/3324/571
f 2167/3586/572 2165/3585/571 2164/3324/571 2166/3323/572
f 2169/3587/603 2167/3586/572 2166/3323/572 2168/3322/603
f 2171/3588/604 2169/3587/603 2168/3322/603 2170/3321/604
f 2173/3589/641 2171/3588/604 2170/3321/604 2172/3320/641
f 2175/3590/625 2173/3589/641 2172/3320/641 2174/3319/579
f 2177/3591/626 2175/3590/625 2174/3319/579 2176/3318/608
f 2179/3592/659 2177/3591/626 2176/3318/608 2178/3593/583
f 2181/3594/584 2179/3592/659 2178/3593/583 2180/3595/584
f 2183/3596/585 2181/3594/584 2180/3595/584 2182/3597/586
f 2185/3598/660 2183/3596/585 2182/3597/586 2184/3239/630
f 2187/3599/589 2185/3598/660 2184/3239/630 2186/3254/590
f 2189/3600/631 2187/3599/589 2186/3254/590 2188/3253/631
f 2191/3601/615 2189/3600/631 2188/3253/631 2190/3252/615
f 2144/3576/594 2191/3601/615 2190/3252/615 2145/3251/594
f 2195/3602/556 2192/3603/617 2193/3329/617 2194/3328/556
f 2197/3604/557 2195/3602/556 2194/3328/556 2196/3327/557
f 2199/3605/596 2197/3604/557 2196/3327/557 2198/3326/661
f 2201/3606/653 2199/3605/596 2198/3326/661 2200/2881/662
f 2203/3607/655 2201/3606/653 2200/2881/662 2202/2880/600
f 2205/3608/564 2203/3607/655 2202/2880/600 2204/2879/564
f 2207/3609/663 2205/3608/564 2204/2879/564 2206/2878/601
f 2209/3610/664 2207/3609/663 2206/2878/601 2208/2877/657
f 2211/3611/602 2209/3610/664 2208/2877/657 2210/3387/570
f 2213/3612/571 2211/3611/602 2210/3387/570 2212/3386/571
f 2215/3613/665 2213/3612/571 2212/3386/571 2214/3385/665
f 2217/3614/573 2215/3613/665 2214/3385/665 2216/3384/573
f 2219/3615/666 2217/3614/573 2216/3384/573 2218/3383/666
f 2221/3616/641 2219/3615/666 2218/3383/666 2220/3382/641
f 2223/3617/625 2221/3616/641 2220/3382/641 2222/3381/643
f 2225/3618/626 2223/3617/625 2222/3381/643 2224/3380/667
f 2227/3619/668 2225/3618/626 2224/3380/667 2226/3620/669
f 2229/3621/584 2227/3619/668 2226/3620/669 2228/3622/584
f 2231/3623/628 2229/3621/584 2228/3622/584 2230/3624/670
f 2233/3625/587 2231/3623/628 2230/3624/670 2232/3317/588
f 2235/3626/671 2233/3625/587 2232/3317/588 2234/3332/672
f 2237/3627/591 2235/3626/671 2234/3332/672 2236/3331/591
f 2239/3628/673 2237/3627/591 2236/3331/591 2238/3330/674
f 2192/3603/617 2239/3628/673 2238/3330/674 2193/3329/617
f 2243/3629/593 2240/3630/594 2241/3391/675 2242/3390/616
f 2245/3631/595 2243/3629/593 2242/3390/616 2244/3389/595
f 2247/3632/676 2245/3631/595 2244/3389/595 2246/3388/597
f 2249/3633/653 2247/3632/676 2246/3388/597 2248/2876/654
f 2251/3634/655 2249/3633/653 2248/2876/654 2250/2875/563
f 2253/3635/564 2251/3634/655 2250/2875/563 2252/2874/564
f 2255/3636/677 2253/3635/564 2252/2874/564 2254/2873/678
f 2257/3637/679 2255/3636/677 2254/2873/678 2256/2779/680
f 2259/3638/681 2257/3637/679 2256/2779/680 2258/2789/682
f 2261/3639/640 2259/3638/681 2258/2789/682 2260/2788/640
f 2263/3640/683 2261/3639/640 2260/2788/640 2262/2787/665
f 2265/3641/573 2263/3640/683 2262/2787/665 2264/2786/573
f 2267/3642/575 2265/3641/573 2264/2786/573 2266/2785/575
f 2269/3643/684 2267/3642/575 2266/2785/575 2268/2784/684
f 2271/3644/685 2269/3643/684 2268/2784/684 2270/2783/686
f 2273/3645/687 2271/3644/685 2270/2783/686 2272/2782/688
f 2275/3646/689 2273/3645/687 2272/2782/688 2274/3647/690
f 2277/3648/584 2275/3646/689 2274/3647/690 2276/3649/584
f 2279/3650/585 2277/3648/584 2276/3649/584 2278/3651/670
f 2281/3652/587 2279/3650/585 2278/3651/670 2280/3379/588
f 2283/3653/671 2281/3652/587 2280/3379/588 2282/3394/590
f 2285/3654/631 2283/3653/671 2282/3394/590 2284/3393/631
f 2287/3655/674 2285/3654/631 2284/3393/631 2286/3392/673
f 2240/3630/594 2287/3655/674 2286/3392/673 2241/3391/675
f 2319/2904/691 2320/3007/692 2321/3656/693 2318/3657/694
f 2323/3006/695 2324/3005/696 2325/3658/697 2322/3659/695
f 2324/3005/696 2326/3004/698 2327/3660/699 2325/3658/697
f 2329/3661/700 2374/3662/701 2375/2934/701 2328/2933/702
f 2331/3663/703 2329/3661/700 2328/2933/702 2330/2932/703
f 2333/3664/704 2331/3663/703 2330/2932/703 2332/2931/705
f 2335/3665/706 2333/3664/704 2332/2931/705 2334/2799/707
f 2334/2799/707 2336/2798/708 2337/3666/709 2335/3665/706
f 2336/2798/708 2338/2797/710 2339/3667/710 2337/3666/709
f 2338/2797/710 2340/2796/711 2341/3668/712 2339/3667/710
f 2340/2796/711 2342/2795/713 2343/3669/714 2341/3668/712
f 2342/2795/713 2344/3014/715 2345/3670/716 2343/3669/714
f 2344/3014/715 2346/3013/717 2347/3671/717 2345/3670/716
f 2346/3013/717 2348/3012/718 2349/3672/718 2347/3671/717
f 2348/3012/718 2350/3011/719 2351/3673/719 2349/3672/718
f 2350/3011/719 2352/3010/720 2353/3674/720 2351/3673/719
f 2352/3010/720 2354/3009/721 2355/3675/721 2353/3674/720
f 2354/3009/721 2356/3008/722 2357/3676/723 2355/3675/721
f 2356/3008/722 2358/2903/724 2359/3677/725 2357/3676/723
f 2358/2903/724 2360/2902/726 2361/3678/727 2359/3677/725
f 2360/2902/726 2362/2901/728 2363/3679/728 2361/3678/727
f 2362/2901/728 2364/2900/729 2365/3680/730 2363/3679/728
f 2364/2900/729 2366/2899/691 2367/3681/694 2365/3680/730
f 2320/3007/692 2323/3006/695 2322/3659/695 2321/3656/693
f 2369/3682/731 2367/3681/694 2366/2899/691 2368/2937/732
f 2373/3683/733 2370/3684/734 2371/2936/734 2372/2935/733
f 2374/3662/701 2373/3683/733 2372/2935/733 2375/2934/701
f 2423/2948/699 2376/2947/735 2377/3685/735 2422/3686/699
f 2376/2947/735 2378/2946/736 2379/3687/736 2377/3685/735
f 2378/2946/736 2380/2945/737 2381/3688/738 2379/3687/736
f 2380/2945/737 2382/2804/707 2383/3689/706 2381/3688/738
f 2382/2804/707 2384/2803/739 2385/3690/709 2383/3689/706
f 2384/2803/739 2386/2802/710 2387/3691/710 2385/3690/709
f 2386/2802/710 2388/2801/740 2389/3692/741 2387/3691/710
f 2388/2801/740 2390/2800/742 2391/3693/743 2389/3692/741
f 2393/3694/744 2391/3693/743 2390/2800/742 2392/2944/745
f 2395/3695/717 2393/3694/744 2392/2944/745 2394/2943/717
f 2397/3696/746 2395/3695/717 2394/2943/717 2396/2942/746
f 2399/3697/747 2397/3696/746 2396/2942/746 2398/2941/747
f 2401/3698/748 2399/3697/747 2398/2941/747 2400/2940/748
f 2403/3699/721 2401/3698/748 2400/2940/748 2402/2939/721
f 2405/3700/749 2403/3699/721 2402/2939/721 2404/2938/722
f 2407/3701/725 2405/3700/749 2404/2938/722 2406/2898/724
f 2406/2898/724 2408/2897/750 2409/3702/751 2407/3701/725
f 2408/2897/750 2410/2896/728 2411/3703/728 2409/3702/751
f 2410/2896/728 2412/2895/752 2413/3704/753 2411/3703/728
f 2412/2895/752 2414/2894/754 2415/3705/694 2413/3704/753
f 2370/3684/734 2369/3682/731 2368/2937/732 2371/2936/734
f 2414/2894/754 2416/2951/755 2417/3706/731 2415/3705/694
f 2419/2950/756 2420/2949/696 2421/3707/696 2418/3708/756
f 2420/2949/696 2423/2948/699 2422/3686/699 2421/3707/696
f 2471/3029/757 2424/3028/735 2425/3709/735 2470/3710/701
f 2424/3028/735 2426/3027/736 2427/3711/736 2425/3709/735
f 2426/3027/736 2428/3026/758 2429/3712/759 2427/3711/736
f 2428/3026/758 2430/2824/760 2431/3713/761 2429/3712/759
f 2430/2824/760 2432/2823/762 2433/3714/763 2431/3713/761
f 2432/2823/762 2434/2822/710 2435/3715/710 2433/3714/763
f 2434/2822/710 2436/2821/764 2437/3716/765 2435/3715/710
f 2436/2821/764 2438/2820/742 2439/3717/743 2437/3716/765
f 2438/2820/742 2440/2965/745 2441/3718/744 2439/3717/743
f 2440/2965/745 2442/2964/717 2443/3719/717 2441/3718/744
f 2442/2964/717 2444/2963/766 2445/3720/766 2443/3719/717
f 2444/2963/766 2446/2962/747 2447/3721/747 2445/3720/766
f 2446/2962/747 2448/2961/748 2449/3722/748 2447/3721/747
f 2448/2961/748 2450/2960/721 2451/3723/721 2449/3722/748
f 2450/2960/721 2452/2959/722 2453/3724/723 2451/3723/721
f 2452/2959/722 2454/2917/767 2455/3725/725 2453/3724/723
f 2454/2917/767 2456/2916/768 2457/3726/769 2455/3725/725
f 2456/2916/768 2458/2915/770 2459/3727/770 2457/3726/769
f 2458/2915/770 2460/2914/771 2461/3728/772 2459/3727/770
f 2460/2914/771 2462/2913/773 2463/3729/774 2461/3728/772
f 2416/2951/755 2419/2950/756 2418/3708/756 2417/3706/731
f 2462/2913/773 2464/3032/775 2465/3730/776 2463/3729/774
f 2467/3031/734 2468/3030/777 2469/3731/777 2466/3732/734
f 2468/3030/777 2471/3029/757 2470/3710/701 2469/3731/777
f 2519/2969/699 2472/2968/735 2473/3733/735 2518/3734/699
f 2472/2968/735 2474/2967/736 2475/3735/736 2473/3733/735
f 2474/2967/736 2476/2966/737 2477/3736/778 2475/3735/736
f 2476/2966/737 2478/2819/707 2479/3737/706 2477/3736/778
f 2478/2819/707 2480/2818/779 2481/3738/709 2479/3737/706
f 2480/2818/779 2482/2817/710 2483/3739/710 2481/3738/709
f 2482/2817/710 2484/2816/780 2485/3740/781 2483/3739/710
f 2484/2816/780 2486/2815/782 2487/3741/783 2485/3740/781
f 2486/2815/782 2488/2993/745 2489/3742/784 2487/3741/783
f 2488/2993/745 2490/2992/785 2491/3743/785 2489/3742/784
f 2490/2992/785 2492/2991/786 2493/3744/786 2491/3743/785
f 2492/2991/786 2494/2990/787 2495/3745/787 2493/3744/786
f 2494/2990/787 2496/2989/748 2497/3746/788 2495/3745/787
f 2496/2989/748 2498/2988/721 2499/3747/721 2497/3746/788
f 2498/2988/721 2500/2987/722 2501/3748/723 2499/3747/721
f 2500/2987/722 2502/2922/767 2503/3749/789 2501/3748/723
f 2502/2922/767 2504/2921/750 2505/3750/751 2503/3749/789
f 2504/2921/750 2506/2920/790 2507/3751/790 2505/3750/751
f 2506/2920/790 2508/2919/729 2509/3752/730 2507/3751/790
f 2508/2919/729 2510/2918/754 2511/3753/694 2509/3752/730
f 2464/3032/775 2467/3031/734 2466/3732/734 2465/3730/776
f 2510/2918/754 2512/2972/755 2513/3754/731 2511/3753/694
f 2515/2971/695 2516/2970/696 2517/3755/696 2514/3756/695
f 2516/2970/696 2519/2969/699 2518/3734/699 2517/3755/696
f 2567/2997/699 2520/2996/735 2521/3757/735 2566/3758/699
f 2520/2996/735 2522/2995/703 2523/3759/703 2521/3757/735
f 2522/2995/703 2524/2994/737 2525/3760/778 2523/3759/703
f 2524/2994/737 2526/2814/707 2527/3761/791 2525/3760/778
f 2526/2814/707 2528/2813/792 2529/3762/793 2527/3761/791
f 2528/2813/792 2530/2812/710 2531/3763/710 2529/3762/793
f 2530/2812/710 2532/2811/794 2533/3764/781 2531/3763/710
f 2532/2811/794 2534/2810/782 2535/3765/783 2533/3764/781
f 2534/2810/782 2536/2979/795 2537/3766/796 2535/3765/783
f 2536/2979/795 2538/2978/785 2539/3767/785 2537/3766/796
f 2538/2978/785 2540/2977/766 2541/3768/718 2539/3767/785
f 2540/2977/766 2542/2976/747 2543/3769/747 2541/3768/718
f 2542/2976/747 2544/2975/748 2545/3770/748 2543/3769/747
f 2544/2975/748 2546/2974/721 2547/3771/721 2545/3770/748
f 2546/2974/721 2548/2973/722 2549/3772/797 2547/3771/721
f 2548/2973/722 2550/2927/798 2551/3773/789 2549/3772/797
f 2550/2927/798 2552/2926/726 2553/3774/769 2551/3773/789
f 2552/2926/726 2554/2925/799 2555/3775/799 2553/3774/769
f 2554/2925/799 2556/2924/800 2557/3776/801 2555/3775/799
f 2556/2924/800 2558/2923/754 2559/3777/694 2557/3776/801
f 2512/2972/755 2515/2971/695 2514/3756/695 2513/3754/731
f 2558/2923/754 2560/3000/755 2561/3778/731 2559/3777/694
f 2563/2999/695 2564/2998/696 2565/3779/697 2562/3780/695
f 2564/2998/696 2567/2997/699 2566/3758/699 2565/3779/697
f 2615/2983/802 2568/2982/803 2569/3781/803 2614/3782/802
f 2568/2982/803 2570/2981/703 2571/3783/703 2569/3781/803
f 2570/2981/703 2572/2980/737 2573/3784/738 2571/3783/703
f 2572/2980/737 2574/2809/707 2575/3785/706 2573/3784/738
f 2574/2809/707 2576/2808/739 2577/3786/709 2575/3785/706
f 2576/2808/739 2578/2807/710 2579/3787/710 2577/3786/709
f 2578/2807/710 2580/2806/740 2581/3788/712 2579/3787/710
f 2580/2806/740 2582/2805/804 2583/3789/714 2581/3788/712
f 2582/2805/804 2584/2958/745 2585/3790/796 2583/3789/714
f 2584/2958/745 2586/2957/717 2587/3791/717 2585/3790/796
f 2586/2957/717 2588/2956/718 2589/3792/718 2587/3791/717
f 2588/2956/718 2590/2955/719 2591/3793/719 2589/3792/718
f 2590/2955/719 2592/2954/805 2593/3794/720 2591/3793/719
f 2592/2954/805 2594/2953/721 2595/3795/721 2593/3794/720
f 2594/2953/721 2596/2952/722 2597/3796/749 2595/3795/721
f 2596/2952/722 2598/2893/767 2599/3797/789 2597/3796/749
f 2598/2893/767 2600/2892/768 2601/3798/769 2599/3797/789
f 2600/2892/768 2602/2891/728 2603/3799/728 2601/3798/769
f 2602/2891/728 2604/2890/800 2605/3800/806 2603/3799/728
f 2604/2890/800 2606/2928/807 2607/3801/808 2605/3800/806
f 2560/3000/755 2563/2999/695 2562/3780/695 2561/3778/731
f 2606/2928/807 2608/2986/809 2609/3802/810 2607/3801/808
f 2611/2985/734 2612/2984/733 2613/3803/777 2610/3804/734
f 2612/2984/733 2615/2983/802 2614/3782/802 2613/3803/777
f 2616/2909/547 2619/2826/811 2620/3805/811 2617/3463/548
f 2608/2986/809 2611/2985/734 2610/3804/734 2609/3802/810
f 2317/2905/800 2319/2904/691 2318/3657/694 2316/3806/753
f 2315/2906/728 2317/2905/800 2316/3806/753 2314/3807/728
f 2313/2907/812 2315/2906/728 2314/3807/728 2312/3808/813
f 2311/2908/814 2313/2907/812 2312/3808/813 2310/3809/815
f 2309/3409/816 2311/2908/814 2310/3809/815 2308/3810/817
f 2307/3410/818 2309/3409/816 2308/3810/817 2306/3811/818
f 2305/3411/819 2307/3410/818 2306/3811/818 2304/3812/819
f 2303/3412/719 2305/3411/819 2304/3812/819 2302/3813/719
f 2301/3413/746 2303/3412/719 2302/3813/719 2300/3814/746
f 2299/3414/717 2301/3413/746 2300/3814/746 2298/3815/717
f 2297/3415/820 2299/3414/717 2298/3815/717 2296/3816/821
f 2295/2790/822 2297/3415/820 2296/3816/821 2294/3817/823
f 2293/2791/824 2295/2790/822 2294/3817/823 2292/3818/825
f 2291/2792/710 2293/2791/824 2292/3818/825 2290/3819/710
f 2289/2793/708 2291/2792/710 2290/3819/710 2288/3820/826
f 2622/2794/707 2289/2793/708 2288/3820/826 2621/3821/706
f 2624/3001/737 2622/2794/707 2621/3821/706 2623/3822/738
f 2626/3002/703 2624/3001/737 2623/3822/738 2625/3823/703
f 2628/3003/700 2626/3002/703 2625/3823/703 2627/3824/702
f 2326/3004/698 2628/3003/700 2627/3824/702 2327/3660/699
f 2619/2826/827 1940/2825/827 1939/3466/511 2620/3805/511
f 2272/2782/507 1937/2781/506 1942/3016/516 2136/3015/507 2134/3570/828 2132/3568/828 2130/3566/828 2128/3141/507 2088/3140/507 2086/3543/828 2084/3541/828 2082/3539/828 2080/3203/507 2040/3202/507 2038/3516/828 2036/3514/828 2034/3512/828 2032/3275/507 1992/3274/507 1990/3489/828 1988/3487/828 1986/3485/828 1984/3240/507 2184/3239/507 2182/3597/828 2180/3595/828 2178/3593/828 2176/3318/507 2232/3317/507 2230/3624/828 2228/3622/828 2226/3620/828 2224/3380/507 2280/3379/507 2278/3651/828 2276/3649/828 2274/3647/828
f 2763/3825/829 2764/3826/829 2766/3827/830 2765/3828/830
f 2744/3829/6 2742/3830/6 2740/3831/6 2738/3832/6 2736/3833/6 2734/3834/6 2732/3835/6 2730/3836/6 2728/3837/6 2726/3838/6 2793/3839/6 2795/3840/6 2797/3841/6 2799/3842/6 2801/3843/6 2803/3844/6 2805/3845/6 2807/3846/6 2809/3847/6 2811/3848/6 2813/3849/6 2816/3850/6 2817/3851/6 2820/3852/6
f 2808/3853/831 2807/3846/831 2805/3845/832 2806/3854/832
f 2677/3855/6 2679/3856/6 2681/3857/6 2683/3858/6 2685/3859/6 2687/3860/6 2689/3861/6 2691/3862/6 2693/3863/6 2695/3864/6 2697/3865/6 2699/3866/6 2701/3867/6 2703/3868/6 2705/3869/6 2707/3870/6 2709/3871/6 2711/3872/6 2713/3873/6 2715/3874/6 2717/3875/6 2720/3876/6 2721/3877/6 2724/3878/6
f 2725/3879/833 2726/3838/833 2728/3837/834 2727/3880/834
f 2806/3854/832 2805/3845/832 2803/3844/835 2804/3881/835
f 2729/3882/836 2730/3836/836 2732/3835/837 2731/3883/837
f 2733/3884/838 2734/3834/839 2736/3833/840 2735/3885/840
f 2737/3886/841 2738/3832/841 2740/3831/842 2739/3887/842
f 2741/3888/843 2742/3830/843 2744/3829/844 2743/3889/844
f 2792/3890/845 2791/3891/845 2746/3892/846 2745/3893/846
f 2747/3894/847 2748/3895/847 2750/3896/848 2749/3897/848
f 2751/3898/849 2752/3899/849 2754/3900/850 2753/3901/850
f 2755/3902/851 2756/3903/851 2758/3904/852 2757/3905/852
f 2759/3906/853 2760/3907/853 2762/3908/854 2761/3909/854
f 2812/3910/855 2811/3848/855 2809/3847/856 2810/3911/856
f 2767/3912/857 2768/3913/857 2770/3914/858 2769/3915/858
f 2771/3916/859 2772/3917/859 2774/3918/860 2773/3919/860
f 2775/3920/861 2776/3921/861 2778/3922/862 2777/3923/862
f 2779/3924/863 2780/3925/863 2782/3926/864 2781/3927/864
f 2783/3928/865 2784/3929/865 2786/3930/866 2785/3931/866
f 2787/3932/867 2788/3933/867 2790/3934/868 2789/3935/868
f 2804/3881/835 2803/3844/835 2801/3843/869 2802/3936/869
f 2789/3935/868 2790/3934/868 2791/3891/845 2792/3890/845
f 2632/3937/604 2631/3938/604 2630/3939/603 2629/3940/603
f 2634/3941/641 2633/3942/641 2631/3938/604 2632/3937/604
f 2636/3943/870 2635/3944/870 2633/3942/641 2634/3941/641
f 2638/3945/871 2637/3946/871 2635/3944/870 2636/3943/870
f 2640/3947/872 2639/3948/872 2637/3946/871 2638/3945/871
f 2642/3949/873 2641/3950/873 2639/3948/872 2640/3947/872
f 2644/3951/874 2643/3952/875 2641/3950/873 2642/3949/873
f 2646/3953/876 2645/3954/876 2643/3952/875 2644/3951/874
f 2648/3955/877 2647/3956/877 2645/3954/876 2646/3953/876
f 2650/3957/591 2649/3958/591 2647/3956/877 2648/3955/877
f 2652/3959/615 2651/3960/615 2649/3958/591 2650/3957/591
f 2654/3961/594 2653/3962/594 2651/3960/615 2652/3959/615
f 2656/3963/556 2655/3964/556 2653/3962/594 2654/3961/594
f 2658/3965/595 2657/3966/595 2655/3964/556 2656/3963/556
f 2660/3967/878 2659/3968/878 2657/3966/595 2658/3965/595
f 2662/3969/879 2661/3970/879 2659/3968/878 2660/3967/878
f 2664/3971/880 2663/3972/880 2661/3970/879 2662/3969/879
f 2666/3973/564 2665/3974/564 2663/3972/880 2664/3971/880
f 2668/3975/881 2667/3976/881 2665/3974/564 2666/3973/564
f 2670/3977/882 2669/3978/882 2667/3976/881 2668/3975/881
f 2672/3979/883 2671/3980/883 2669/3978/882 2670/3977/882
f 2674/3981/571 2673/3982/571 2671/3980/883 2672/3979/883
f 2676/3983/572 2675/3984/572 2673/3982/571 2674/3981/571
f 2629/3940/603 2630/3939/603 2675/3984/572 2676/3983/572
f 2678/3985/748 2677/3855/748 2724/3878/747 2723/3986/747
f 2680/3987/721 2679/3856/721 2677/3855/748 2678/3985/748
f 2682/3988/884 2681/3857/884 2679/3856/721 2680/3987/721
f 2684/3989/885 2683/3858/885 2681/3857/884 2682/3988/884
f 2686/3990/886 2685/3859/886 2683/3858/885 2684/3989/885
f 2688/3991/887 2687/3860/799 2685/3859/886 2686/3990/886
f 2690/3992/888 2689/3861/888 2687/3860/799 2688/3991/887
f 2692/3993/889 2691/3862/889 2689/3861/888 2690/3992/888
f 2694/3994/890 2693/3863/890 2691/3862/889 2692/3993/889
f 2696/3995/695 2695/3864/695 2693/3863/890 2694/3994/890
f 2698/3996/733 2697/3865/733 2695/3864/695 2696/3995/695
f 2700/3997/699 2699/3866/699 2697/3865/733 2698/3996/733
f 2702/3998/735 2701/3867/735 2699/3866/699 2700/3997/699
f 2704/3999/736 2703/3868/736 2701/3867/735 2702/3998/735
f 2706/4000/891 2705/3869/891 2703/3868/736 2704/3999/736
f 2708/4001/892 2707/3870/892 2705/3869/891 2706/4000/891
f 2710/4002/893 2709/3871/894 2707/3870/892 2708/4001/892
f 2712/4003/895 2711/3872/895 2709/3871/894 2710/4002/893
f 2714/4004/896 2713/3873/896 2711/3872/895 2712/4003/895
f 2716/4005/897 2715/3874/897 2713/3873/896 2714/4004/896
f 2718/4006/898 2717/3875/898 2715/3874/897 2716/4005/897
f 2722/4007/746 2721/3877/746 2720/3876/717 2719/4008/717
f 2723/3986/747 2724/3878/747 2721/3877/746 2722/4007/746
f 2719/4008/717 2720/3876/717 2717/3875/898 2718/4006/898
f 2631/3938/9 2633/3942/9 2635/3944/9 2637/3946/9 2639/3948/9 2641/3950/9 2643/3952/9 2645/3954/9 2647/3956/9 2649/3958/9 2651/3960/9 2653/3962/9 2655/3964/9 2657/3966/9 2659/3968/9 2661/3970/9 2663/3972/9 2665/3974/9 2667/3976/9 2669/3978/9 2671/3980/9 2673/3982/9 2675/3984/9 2630/3939/9
f 2819/4009/899 2820/3852/899 2817/3851/900 2818/4010/900
f 2814/4011/901 2813/3849/901 2811/3848/855 2812/3910/855
f 2810/3911/856 2809/3847/856 2807/3846/831 2808/3853/831
f 2802/3936/869 2801/3843/869 2799/3842/902 2800/4012/902
f 2800/4012/902 2799/3842/902 2797/3841/903 2798/4013/903
f 2798/4013/903 2797/3841/903 2795/3840/904 2796/4014/904
f 2794/4015/905 2793/3839/905 2726/3838/833 2725/3879/833
f 2727/3880/834 2728/3837/834 2730/3836/836 2729/3882/836
f 2731/3883/837 2732/3835/837 2734/3834/839 2733/3884/838
f 2735/3885/840 2736/3833/840 2738/3832/841 2737/3886/841
f 2739/3887/842 2740/3831/842 2742/3830/843 2741/3888/843
f 2743/3889/844 2744/3829/844 2820/3852/899 2819/4009/899
f 2745/3893/846 2746/3892/846 2748/3895/847 2747/3894/847
f 2749/3897/848 2750/3896/848 2752/3899/849 2751/3898/849
f 2753/3901/850 2754/3900/850 2756/3903/851 2755/3902/851
f 2757/3905/852 2758/3904/852 2760/3907/853 2759/3906/853
f 2761/3909/854 2762/3908/854 2764/3826/829 2763/3825/829
f 2765/3828/830 2766/3827/830 2768/3913/857 2767/3912/857
f 2769/3915/858 2770/3914/858 2772/3917/859 2771/3916/859
f 2773/3919/860 2774/3918/860 2776/3921/861 2775/3920/861
f 2777/3923/862 2778/3922/862 2780/3925/863 2779/3924/863
f 2781/3927/864 2782/3926/864 2784/3929/865 2783/3928/865
f 2785/3931/866 2786/3930/866 2788/3933/867 2787/3932/867
f 2818/4010/900 2817/3851/900 2816/3850/906 2815/4016/906
f 2650/4017/519 2704/4018/519 2702/4019/510 2652/4020/510
f 2632/4021/526 2722/4022/526 2719/4023/525 2634/4024/525
f 2719/4023/525 2718/4025/45 2636/4026/45 2634/4024/525
f 2674/4027/509 2680/4028/509 2678/4029/527 2676/4030/527
f 2672/4031/49 2682/4032/49 2680/4028/509 2674/4027/509
f 2670/4033/528 2684/4034/528 2682/4032/49 2672/4031/49
f 2668/4035/529 2686/4036/529 2684/4034/528 2670/4033/528
f 2666/4037/907 2688/4038/907 2686/4036/529 2668/4035/529
f 2664/4039/908 2690/4040/908 2688/4041/907 2666/4042/907
f 2662/4043/909 2692/4044/909 2690/4040/908 2664/4039/908
f 2660/4045/532 2694/4046/532 2692/4044/909 2662/4043/909
f 2658/4047/518 2696/4048/518 2694/4046/532 2660/4045/532
f 2656/4049/517 2698/4050/517 2696/4048/518 2658/4047/518
f 2654/4051/3 2700/4052/3 2698/4050/517 2656/4049/517
f 2702/4019/510 2700/4052/3 2654/4051/3 2652/4020/510
f 2648/4053/520 2706/4054/520 2704/4018/519 2650/4017/519
f 2646/4055/521 2708/4056/521 2706/4054/520 2648/4053/520
f 2644/4057/522 2710/4058/522 2708/4056/521 2646/4055/521
f 2642/4059/4 2712/4060/4 2710/4058/522 2644/4057/522
f 2640/4061/910 2714/4062/910 2712/4060/4 2642/4059/4
f 2638/4063/524 2716/4064/524 2714/4062/910 2640/4061/910
f 2718/4025/45 2716/4064/524 2638/4063/524 2636/4026/45
f 2629/4065/5 2723/4066/5 2722/4022/526 2632/4021/526
f 2678/4029/527 2723/4066/5 2629/4065/5 2676/4030/527
f 2796/4014/904 2795/3840/904 2793/3839/905 2794/4015/905
f 2815/4016/906 2816/3850/906 2813/3849/901 2814/4011/901
f 2790/3934/9 2788/3933/9 2786/3930/9 2784/3929/9 2782/3926/9 2780/3925/9 2778/3922/9 2776/3921/9 2774/3918/9 2772/3917/9 2770/3914/9 2768/3913/9 2766/3827/9 2764/3826/9 2762/3908/9 2760/3907/9 2758/3904/9 2756/3903/9 2754/3900/9 2752/3899/9 2750/3896/9 2748/3895/9 2746/3892/9 2791/3891/9
f 2771/4067/418 2800/4068/418 2798/4069/419 2769/4070/419
f 2789/4071/409 2818/4072/409 2815/4073/410 2787/4074/410
f 2815/4073/410 2814/4075/411 2785/4076/411 2787/4074/410
f 2747/4077/406 2741/4078/406 2743/4079/407 2745/4080/407
f 2749/4081/405 2739/4082/405 2741/4078/406 2747/4077/406
f 2751/4083/403 2737/4084/403 2739/4082/405 2749/4081/405
f 2753/4085/911 2735/4086/911 2737/4084/403 2751/4083/403
f 2755/4087/402 2733/4088/402 2735/4086/911 2753/4085/911
f 2757/4089/912 2731/4090/912 2733/4091/402 2755/4092/402
f 2759/4093/319 2729/4094/319 2731/4090/912 2757/4089/912
f 2761/4095/423 2727/4096/423 2729/4094/319 2759/4093/319
f 2763/4097/422 2725/4098/422 2727/4096/423 2761/4095/423
f 2765/4099/421 2794/4100/421 2725/4098/422 2763/4097/422
f 2767/4101/420 2796/4102/420 2794/4100/421 2765/4099/421
f 2798/4069/419 2796/4102/420 2767/4101/420 2769/4070/419
f 2773/4103/417 2802/4104/417 2800/4068/418 2771/4067/418
f 2775/4105/416 2804/4106/416 2802/4104/417 2773/4103/417
f 2777/4107/415 2806/4108/415 2804/4106/416 2775/4105/416
f 2779/4109/414 2808/4110/414 2806/4108/415 2777/4107/415
f 2781/4111/413 2810/4112/413 2808/4110/414 2779/4109/414
f 2783/4113/412 2812/4114/412 2810/4112/413 2781/4111/413
f 2814/4075/411 2812/4114/412 2783/4113/412 2785/4076/411
f 2792/4115/408 2819/4116/408 2818/4072/409 2789/4071/409
f 2743/4079/407 2819/4116/408 2792/4115/408 2745/4080/407
f 2822/4117/913 2821/4118/913 2838/4119/913 2844/4120/913
f 2846/4121/914 2832/4122/914 2831/4123/914 2848/4124/914
f 2842/4125/915 2824/4126/915 2832/4122/916 2846/4121/916
f 2823/4127/917 2824/4126/915 2842/4125/915 2839/4128/917
f 2852/4129/918 2829/4130/918 2822/4117/918 2844/4120/918
f 2832/4131/6 2824/4132/6 2823/4133/6 2821/4134/6 2822/4135/6 2829/4136/6 2830/4137/6 2831/4138/6
f 2859/4139/919 2860/4140/919 2868/4141/919 2867/4142/919
f 2851/4143/9 2843/4144/9 2837/4145/9 2840/4146/9 2841/4147/9 2845/4148/9 2847/4149/9 2849/4150/9
f 2835/4151/913 2860/4152/913 2854/4153/913 2836/4154/913
f 2831/4123/920 2830/4155/920 2850/4156/920 2848/4124/920
f 2850/4156/921 2830/4155/921 2829/4157/921 2852/4158/921
f 2838/4159/922 2839/4160/922 2840/4146/922 2837/4145/922
f 2839/4160/923 2842/4161/924 2841/4147/925 2840/4146/923
f 2844/4162/926 2838/4159/926 2837/4145/926 2843/4144/926
f 2843/4144/927 2851/4143/927 2852/4163/927 2844/4162/927
f 2845/4148/928 2841/4147/925 2842/4161/924 2846/4164/929
f 2851/4143/930 2849/4150/930 2850/4165/930 2852/4163/930
f 2847/4149/931 2845/4148/928 2846/4164/929 2848/4166/931
f 2849/4150/932 2847/4149/932 2848/4166/932 2850/4165/932
f 2821/4118/933 2823/4167/933 2839/4168/933 2838/4119/933
f 2862/4169/914 2864/4170/914 2826/4171/914 2825/4172/914
f 2825/4172/916 2833/4173/915 2858/4174/915 2862/4169/916
f 2834/4175/917 2855/4176/917 2858/4174/915 2833/4173/915
f 2835/4151/918 2828/4177/918 2868/4178/918 2860/4152/918
f 2828/4179/9 2835/4180/9 2836/4181/9 2834/4182/9 2833/4183/9 2825/4184/9 2826/4185/9 2827/4186/9
f 2857/4187/6 2856/4188/6 2853/4189/6 2859/4139/6 2867/4142/6 2865/4190/6 2863/4191/6 2861/4192/6
f 2826/4171/920 2864/4170/920 2866/4193/920 2827/4194/920
f 2866/4193/921 2868/4195/921 2828/4196/921 2827/4194/921
f 2854/4197/934 2853/4189/934 2856/4188/934 2855/4198/934
f 2855/4198/935 2856/4188/935 2857/4187/936 2858/4199/937
f 2860/4140/938 2859/4139/938 2853/4189/938 2854/4197/938
f 2861/4192/939 2862/4200/940 2858/4199/937 2857/4187/936
f 2867/4142/941 2868/4141/941 2866/4201/941 2865/4190/941
f 2863/4191/942 2864/4202/942 2862/4200/940 2861/4192/939
f 2865/4190/943 2866/4201/943 2864/4202/943 2863/4191/943
f 2836/4154/933 2854/4153/933 2855/4203/933 2834/4204/933
f 3194/4543/5 3216/4544/5 3178/4545/10 3166/4546/10
f 3174/4547/2 3202/4548/2 3207/4549/2 3175/4550/2
f 3164/4551/3 3171/4552/3 3198/4553/3 3184/4554/3
f 3186/4555/3 3206/4556/3 3172/4557/3 3157/4558/3
f 3197/4559/2 3169/4560/2 3180/4561/2 3212/4562/2
f 3161/4563/5 3177/4564/5 3208/4565/5 3192/4566/5
f 3181/4567/4 3193/4568/4 3167/4569/4 3163/4570/4
f 3191/4571/5 3209/4572/5 3215/4573/5 3195/4574/5
f 3168/4575/6 3179/4576/6 3170/4577/6 3165/4578/6
f 3260/4579/7 3204/4580/3 3200/4581/3 3264/4582/7
f 3188/4583/1176 3190/4584/1176 3196/4585/4 3182/4586/4
f 3159/4587/9 3173/4588/9 3176/4589/9 3162/4590/9
f 3183/4591/3 3199/4592/3 3205/4593/3 3187/4594/3
f 3218/4595/2 3220/4596/2 3249/4597/2 3245/4598/2
f 3270/4599/1 3214/4600/1 3210/4601/1 3274/4602/1
f 3273/4603/9 3211/4604/9 3203/4605/9 3261/4606/9
f 3263/4607/6 3201/4608/6 3213/4609/6 3271/4610/6
f 3254/4611/1 3276/4612/1 3238/4613/1 3226/4614/1
f 3234/4615/4 3262/4616/4 3267/4617/4 3235/4618/4
f 3224/4619/7 3231/4620/7 3258/4621/7 3244/4622/7
f 3246/4623/7 3266/4624/7 3232/4625/7 3217/4626/7
f 3257/4627/4 3229/4628/4 3240/4629/4 3272/4630/4
f 3221/4631/1 3237/4632/1 3268/4633/1 3252/4634/1
f 3241/4635/1177 3253/4636/1177 3227/4637/2 3223/4638/2
f 3251/4639/1 3269/4640/1 3275/4641/1 3255/4642/1
f 3228/4643/9 3239/4644/9 3230/4645/9 3225/4646/9
f 3248/4647/2 3250/4648/2 3256/4649/1177 3242/4650/1177
f 3219/4651/6 3233/4652/6 3236/4653/6 3222/4596/6
f 3243/4654/7 3259/4655/7 3265/4656/7 3247/4657/7
f 3157/4558/1178 3159/4658/1178 3158/4659/1178
f 3160/4660/1179 3162/4661/1179 3161/4563/1179
f 3163/4662/1180 3165/4663/1180 3164/4551/1180
f 3166/4546/1181 3168/4664/1181 3167/4665/1181
f 3169/4666/1182 3171/4552/1182 3170/4667/1182
f 3172/4557/1183 3174/4668/1183 3173/4669/1183
f 3175/4670/1184 3177/4564/1184 3176/4671/1184
f 3178/4545/1185 3180/4672/1185 3179/4673/1185
f 3181/4674/20 3184/4554/20 3183/4591/20 3182/4675/20
f 3185/4676/1186 3188/4677/1186 3187/4594/1186 3186/4555/1186
f 3189/4678/1187 3192/4566/1187 3191/4571/1187 3190/4679/1187
f 3193/4680/1187 3196/4681/45 3195/4574/45 3194/4543/1187
f 3197/4682/24 3201/4683/24 3200/4581/24 3199/4592/24 3198/4553/24
f 3202/4684/25 3206/4556/25 3205/4593/25 3204/4580/25 3203/4685/25
f 3207/4686/1188 3211/4687/1188 3210/4601/1188 3209/4572/1188 3208/4565/1188
f 3212/4688/1189 3216/4544/1189 3215/4573/1189 3214/4600/1189 3213/4689/1189
f 3217/4626/1190 3219/4690/1190 3218/4691/1190
f 3220/4692/1185 3222/4693/1185 3221/4631/1185
f 3223/4694/30 3225/4695/30 3224/4619/30
f 3226/4614/1191 3228/4696/1191 3227/4697/1191
f 3229/4698/1192 3231/4620/1192 3230/4699/1192
f 3232/4625/1193 3234/4700/1193 3233/4701/1193
f 3235/4702/1194 3237/4632/1194 3236/4703/1194
f 3238/4613/1195 3240/4704/1195 3239/4705/1195
f 3241/4706/1196 3244/4622/1196 3243/4654/1196 3242/4707/1196
f 3245/4708/1196 3248/4709/1196 3247/4657/1196 3246/4623/1196
f 3249/4710/37 3252/4634/37 3251/4639/37 3250/4711/37
f 3253/4712/1197 3256/4713/38 3255/4642/38 3254/4611/1197
f 3257/4714/1198 3261/4715/1198 3260/4579/1198 3259/4655/1198 3258/4621/1198
f 3262/4716/1199 3266/4624/1199 3265/4656/1199 3264/4582/1199 3263/4717/1199
f 3267/4718/1200 3271/4719/1200 3270/4599/1200 3269/4640/1200 3268/4633/1200
f 3272/4720/43 3276/4612/43 3275/4641/43 3274/4602/43 3273/4721/43
f 3185/4676/1186 3186/4555/1186 3157/4558/1186 3158/4659/1186
f 3158/4722/1201 3159/4587/1201 3162/4590/1201 3160/4590/1201
f 3193/4680/1187 3194/4543/1187 3166/4546/1202 3167/4665/1202
f 3167/4569/1203 3168/4575/1203 3165/4578/1203 3163/4570/1203
f 3206/4556/532 3202/4684/532 3174/4668/532 3172/4557/532
f 3173/4588/1204 3174/4547/1204 3175/4550/1204 3176/4589/1204
f 3216/4544/39 3212/4688/39 3180/4672/39 3178/4545/39
f 3179/4576/1205 3180/4561/1205 3169/4560/1205 3170/4577/1205
f 3164/4551/1206 3165/4663/1206 3170/4667/1206 3171/4552/1206
f 3178/4545/1207 3179/4673/1207 3168/4664/1207 3166/4546/1207
f 3161/4563/1208 3162/4661/1208 3176/4671/1208 3177/4564/1208
f 3172/4557/60 3173/4669/60 3159/4658/60 3157/4558/60
f 3163/4662/20 3164/4551/20 3184/4554/20 3181/4674/20
f 3182/4675/20 3183/4591/20 3187/4594/1186 3188/4677/1186
f 3160/4660/23 3161/4563/23 3192/4566/1187 3189/4678/1187
f 3190/4679/1187 3191/4571/1187 3195/4574/45 3196/4681/45
f 3171/4552/532 3169/4666/532 3197/4682/532 3198/4553/532
f 3199/4592/3 3200/4581/3 3204/4580/3 3205/4593/3
f 3177/4564/39 3175/4670/39 3207/4686/39 3208/4565/39
f 3209/4572/5 3210/4601/1 3214/4600/1 3215/4573/5
f 3183/4591/3 3184/4554/3 3198/4553/3 3199/4592/3
f 3186/4555/3 3187/4594/3 3205/4593/3 3206/4556/3
f 3191/4571/5 3192/4566/5 3208/4565/5 3209/4572/5
f 3194/4543/5 3195/4574/5 3215/4573/5 3216/4544/5
f 3211/4723/1209 3207/4549/1209 3202/4548/1209 3203/4724/1209
f 3212/4562/55 3213/4725/55 3201/4726/55 3197/4559/55
f 3188/4583/1176 3185/4727/1176 3189/4728/1176 3190/4584/1176
f 3181/4567/4 3182/4586/4 3196/4585/4 3193/4568/4
f 3245/4708/1196 3246/4623/1196 3217/4626/1196 3218/4691/1196
f 3218/4595/1210 3219/4651/1210 3222/4596/1210 3220/4596/1210
f 3253/4712/1197 3254/4611/1197 3226/4614/1211 3227/4697/1211
f 3227/4637/57 3228/4643/57 3225/4646/57 3223/4638/57
f 3266/4624/20 3262/4716/20 3234/4700/20 3232/4625/20
f 3233/4652/1212 3234/4615/1212 3235/4618/1212 3236/4653/1212
f 3276/4612/1213 3272/4720/1213 3240/4704/1213 3238/4613/1213
f 3239/4644/1214 3240/4629/1214 3229/4628/1214 3230/4645/1214
f 3224/4619/1215 3225/4695/1215 3230/4699/1215 3231/4620/1215
f 3238/4613/61 3239/4705/61 3228/4696/61 3226/4614/61
f 3221/4631/67 3222/4693/67 3236/4703/67 3237/4632/67
f 3232/4625/1216 3233/4701/1216 3219/4690/1216 3217/4626/1216
f 3223/4694/1196 3224/4619/1196 3244/4622/1196 3241/4706/1196
f 3242/4707/1196 3243/4654/1196 3247/4657/1196 3248/4709/1196
f 3220/4692/39 3221/4631/39 3252/4634/37 3249/4710/37
f 3250/4711/37 3251/4639/37 3255/4642/38 3256/4713/38
f 3231/4620/20 3229/4698/20 3257/4714/20 3258/4621/20
f 3259/4655/7 3260/4579/7 3264/4582/7 3265/4656/7
f 3237/4632/23 3235/4702/23 3267/4718/23 3268/4633/23
f 3269/4640/1 3270/4599/1 3274/4602/1 3275/4641/1
f 3243/4654/7 3244/4622/7 3258/4621/7 3259/4655/7
f 3246/4623/7 3247/4657/7 3265/4656/7 3266/4624/7
f 3251/4639/1 3252/4634/1 3268/4633/1 3269/4640/1
f 3254/4611/1 3255/4642/1 3275/4641/1 3276/4612/1
f 3271/4729/1217 3267/4617/1217 3262/4616/1217 3263/4730/1217
f 3272/4630/59 3273/4731/59 3261/4732/59 3257/4627/59
f 3248/4647/2 3245/4598/2 3249/4597/2 3250/4648/2
f 3241/4635/1177 3242/4650/1177 3256/4649/1177 3253/4636/1177
f 3200/4581/64 3201/4733/64 3263/4734/64 3264/4582/64
f 3260/4579/1218 3261/4735/1218 3203/4736/1218 3204/4580/1218
f 3210/4601/1219 3211/4737/1219 3273/4738/1219 3274/4602/1219
f 3213/4739/1220 3214/4600/1220 3270/4599/1220 3271/4740/1220
f 3158/4722/4 3160/4590/4 3189/4728/1176 3185/4727/1176
f 3314/4741/5 3336/4742/5 3298/4743/10 3286/4744/10
f 3294/4745/2 3322/4746/2 3327/4747/2 3295/4748/2
f 3284/4749/3 3291/4750/3 3318/4751/3 3304/4752/3
f 3306/4753/3 3326/4754/3 3292/4755/3 3277/4756/3
f 3317/4757/2 3289/4758/2 3300/4759/2 3332/4760/2
f 3281/4761/5 3297/4762/5 3328/4763/5 3312/4764/5
f 3301/4765/4 3313/4766/4 3287/4767/4 3283/4768/4
f 3311/4769/5 3329/4770/5 3335/4771/5 3315/4772/5
f 3288/4773/6 3299/4774/6 3290/4775/6 3285/4776/6
f 3380/4777/7 3324/4778/3 3320/4779/3 3384/4780/7
f 3308/4781/1176 3310/4782/1176 3316/4783/4 3302/4784/4
f 3279/4785/9 3293/4786/9 3296/4787/9 3282/4788/9
f 3303/4789/3 3319/4790/3 3325/4791/3 3307/4792/3
f 3338/4793/2 3340/4794/2 3369/4795/2 3365/4796/2
f 3390/4797/1 3334/4798/1 3330/4799/1 3394/4800/1
f 3393/4801/9 3331/4802/9 3323/4803/9 3381/4804/9
f 3383/4805/6 3321/4806/6 3333/4807/6 3391/4808/6
f 3374/4809/5 3396/4810/5 3358/4811/1 3346/4812/1
f 3354/4813/4 3382/4814/4 3387/4815/4 3355/4816/4
f 3344/4817/7 3351/4818/7 3378/4819/7 3364/4820/7
f 3366/4821/7 3386/4822/7 3352/4823/7 3337/4824/7
f 3377/4825/4 3349/4826/4 3360/4827/4 3392/4828/4
f 3341/4829/1 3357/4830/1 3388/4831/1 3372/4832/1
f 3361/4833/1177 3373/4834/1177 3347/4835/2 3343/4836/2
f 3371/4837/1 3389/4838/1 3395/4839/1 3375/4840/1
f 3348/4841/9 3359/4842/9 3350/4843/9 3345/4844/9
f 3368/4845/2 3370/4846/2 3376/4847/1177 3362/4848/1177
f 3339/4849/6 3353/4850/6 3356/4851/6 3342/4794/6
f 3363/4852/7 3379/4853/7 3385/4854/7 3367/4855/7
f 3277/4756/1178 3279/4856/1178 3278/4857/1178
f 3280/4858/1221 3282/4859/1221 3281/4761/1221
f 3283/4860/33 3285/4861/33 3284/4749/33
f 3286/4744/1222 3288/4862/1222 3287/4863/1222
f 3289/4864/1223 3291/4750/1223 3290/4865/1223
f 3292/4755/1224 3294/4866/1224 3293/4867/1224
f 3295/4868/1184 3297/4762/1184 3296/4869/1184
f 3298/4743/1225 3300/4870/1225 3299/4871/1225
f 3301/4872/1186 3304/4752/1186 3303/4789/1186 3302/4873/1186
f 3305/4874/1186 3308/4875/1186 3307/4792/1186 3306/4753/1186
f 3309/4876/1187 3312/4764/1187 3311/4769/1226 3310/4877/1226
f 3313/4878/1187 3316/4879/45 3315/4772/45 3314/4741/1187
f 3317/4880/24 3321/4881/24 3320/4779/24 3319/4790/24 3318/4751/24
f 3322/4882/1227 3326/4754/1227 3325/4791/1227 3324/4778/1227 3323/4883/1227
f 3327/4884/1188 3331/4885/1188 3330/4799/1188 3329/4770/1188 3328/4763/1188
f 3332/4886/1189 3336/4742/1189 3335/4771/1189 3334/4798/1189 3333/4887/1189
f 3337/4824/1190 3339/4888/1190 3338/4889/1190
f 3340/4890/1228 3342/4891/1228 3341/4829/1228
f 3343/4892/30 3345/4893/30 3344/4817/30
f 3346/4812/1229 3348/4894/1229 3347/4895/1229
f 3349/4896/1192 3351/4818/1192 3350/4897/1192
f 3352/4823/1193 3354/4898/1193 3353/4899/1193
f 3355/4900/1194 3357/4830/1194 3356/4901/1194
f 3358/4811/1230 3360/4902/1230 3359/4903/1230
f 3361/4904/1196 3364/4820/1196 3363/4852/1196 3362/4905/1196
f 3365/4906/1196 3368/4907/1196 3367/4855/1196 3366/4821/1196
f 3369/4908/56 3372/4832/56 3371/4837/56 3370/4909/56
f 3373/4910/1197 3376/4911/38 3375/4840/38 3374/4809/1197
f 3377/4912/1231 3381/4913/1231 3380/4777/1231 3379/4853/1231 3378/4819/1231
f 3382/4914/1199 3386/4822/1199 3385/4854/1199 3384/4780/1199 3383/4915/1199
f 3387/4916/1232 3391/4917/1232 3390/4797/1232 3389/4838/1232 3388/4831/1232
f 3392/4918/43 3396/4810/43 3395/4839/43 3394/4800/43 3393/4919/43
f 3305/4874/1186 3306/4753/1186 3277/4756/20 3278/4857/20
f 3278/4920/59 3279/4785/59 3282/4788/59 3280/4788/59
f 3313/4878/1187 3314/4741/1187 3286/4744/1202 3287/4863/1202
f 3287/4767/63 3288/4773/63 3285/4776/63 3283/4768/63
f 3326/4754/532 3322/4882/532 3294/4866/532 3292/4755/532
f 3293/4786/1233 3294/4745/1233 3295/4748/1233 3296/4787/1233
f 3336/4742/39 3332/4886/39 3300/4870/39 3298/4743/39
f 3299/4774/1205 3300/4759/1205 3289/4758/1205 3290/4775/1205
f 3284/4749/1206 3285/4861/1206 3290/4865/1206 3291/4750/1206
f 3298/4743/62 3299/4871/62 3288/4862/62 3286/4744/62
f 3281/4761/61 3282/4859/61 3296/4869/61 3297/4762/61
f 3292/4755/1234 3293/4867/1234 3279/4856/1234 3277/4756/1234
f 3283/4860/1186 3284/4749/1186 3304/4752/1186 3301/4872/1186
f 3302/4873/1186 3303/4789/1186 3307/4792/1186 3308/4875/1186
f 3280/4858/23 3281/4761/23 3312/4764/1187 3309/4876/1187
f 3310/4877/1226 3311/4769/1226 3315/4772/45 3316/4879/45
f 3291/4750/532 3289/4864/532 3317/4880/532 3318/4751/532
f 3319/4790/3 3320/4779/3 3324/4778/3 3325/4791/3
f 3297/4762/39 3295/4868/39 3327/4884/39 3328/4763/39
f 3329/4770/5 3330/4799/1 3334/4798/1 3335/4771/5
f 3303/4789/3 3304/4752/3 3318/4751/3 3319/4790/3
f 3306/4753/3 3307/4792/3 3325/4791/3 3326/4754/3
f 3311/4769/5 3312/4764/5 3328/4763/5 3329/4770/5
f 3314/4741/5 3315/4772/5 3335/4771/5 3336/4742/5
f 3331/4921/1209 3327/4747/1209 3322/4746/1209 3323/4922/1209
f 3332/4760/1235 3333/4923/1235 3321/4924/1235 3317/4757/1235
f 3308/4781/1176 3305/4925/1176 3309/4926/1176 3310/4782/1176
f 3301/4765/4 3302/4784/4 3316/4783/4 3313/4766/4
f 3365/4906/1196 3366/4821/1196 3337/4824/1196 3338/4889/1196
f 3338/4793/1236 3339/4849/1236 3342/4794/1236 3340/4794/1236
f 3373/4910/1197 3374/4809/1197 3346/4812/1211 3347/4895/1211
f 3347/4835/1237 3348/4841/1237 3345/4844/1237 3343/4836/1237
f 3386/4822/20 3382/4914/20 3354/4898/20 3352/4823/20
f 3353/4850/1238 3354/4813/1238 3355/4816/1238 3356/4851/1238
f 3396/4810/1213 3392/4918/1213 3360/4902/1213 3358/4811/1213
f 3359/4842/1239 3360/4827/1239 3349/4826/1239 3350/4843/1239
f 3344/4817/1215 3345/4893/1215 3350/4897/1215 3351/4818/1215
f 3358/4811/1240 3359/4903/1240 3348/4894/1240 3346/4812/1240
f 3341/4829/67 3342/4891/67 3356/4901/67 3357/4830/67
f 3352/4823/64 3353/4899/64 3339/4888/64 3337/4824/64
f 3343/4892/1196 3344/4817/1196 3364/4820/1196 3361/4904/1196
f 3362/4905/1196 3363/4852/1196 3367/4855/1196 3368/4907/1196
f 3340/4890/39 3341/4829/39 3372/4832/56 3369/4908/56
f 3370/4909/56 3371/4837/56 3375/4840/38 3376/4911/38
f 3351/4818/20 3349/4896/20 3377/4912/20 3378/4819/20
f 3379/4853/7 3380/4777/7 3384/4780/7 3385/4854/7
f 3357/4830/23 3355/4900/23 3387/4916/23 3388/4831/23
f 3389/4838/1 3390/4797/1 3394/4800/1 3395/4839/1
f 3363/4852/7 3364/4820/7 3378/4819/7 3379/4853/7
f 3366/4821/7 3367/4855/7 3385/4854/7 3386/4822/7
f 3371/4837/1 3372/4832/1 3388/4831/1 3389/4838/1
f 3374/4809/5 3375/4840/1 3395/4839/1 3396/4810/5
f 3391/4927/1203 3387/4815/1203 3382/4814/1203 3383/4928/1203
f 3392/4828/1201 3393/4929/1201 3381/4930/1201 3377/4825/1201
f 3368/4845/2 3365/4796/2 3369/4795/2 3370/4846/2
f 3361/4833/1177 3362/4848/1177 3376/4847/1177 3373/4834/1177
f 3320/4779/1216 3321/4931/1216 3383/4932/1216 3384/4780/1216
f 3380/4777/65 3381/4933/65 3323/4934/65 3324/4778/65
f 3330/4799/1219 3331/4935/1219 3393/4936/1219 3394/4800/1219
f 3333/4937/62 3334/4798/62 3390/4797/62 3391/4938/62
f 3278/4920/4 3280/4788/4 3309/4926/1176 3305/4925/1176
f 5018/7445/9 5040/7446/9 5002/7447/9 4990/7448/9
f 4998/7449/907 5026/7450/907 5031/7451/907 4999/7452/907
f 4988/7453/6 4995/7454/6 5022/7455/6 5008/7456/6
f 5010/7457/6 5030/7458/6 4996/7459/6 4981/7460/6
f 5021/7461/2 4993/7462/2 5004/7463/2 5036/7464/2
f 4985/7465/9 5001/7466/9 5032/7467/9 5016/7468/9
f 5005/7469/1700 5017/7470/1700 4991/7471/534 4987/7472/534
f 5015/7473/9 5033/7474/9 5039/7475/9 5019/7476/9
f 4992/7477/1 5003/7478/1 4994/7462/1 4989/7472/1
f 5084/7479/6 5028/7480/6 5024/7481/6 5088/7482/6
f 5012/7483/4 5014/7484/4 5020/7485/1700 5006/7486/1700
f 4983/7487/7 4997/7488/7 5000/7452/7 4986/7489/7
f 5007/7490/6 5023/7491/6 5029/7492/6 5011/7493/6
f 5042/7494/2 5044/7495/2 5073/7496/907 5069/7497/907
f 5094/7498/9 5038/7499/9 5034/7500/9 5098/7501/9
f 5097/7502/3 5035/7503/3 5027/7504/3 5085/7505/3
f 5087/7506/5 5025/7507/5 5037/7508/5 5095/7509/5
f 5078/7510/9 5100/7511/9 5062/7512/9 5050/7513/9
f 5058/7514/4 5086/7515/4 5091/7516/4 5059/7517/4
f 5048/7518/6 5055/7519/6 5082/7520/6 5068/7521/6
f 5070/7522/6 5090/7523/6 5056/7524/6 5041/7525/6
f 5081/7526/4 5053/7527/4 5064/7528/4 5096/7529/4
f 5045/7530/9 5061/7531/9 5092/7532/9 5076/7533/9
f 5065/7534/1334 5077/7535/1334 5051/7536/907 5047/7537/907
f 5075/7538/9 5093/7539/9 5099/7540/9 5079/7541/9
f 5052/7542/7 5063/7543/7 5054/7527/7 5049/7537/7
f 5072/7544/907 5074/7545/907 5080/7546/1334 5066/7547/1334
f 5043/7548/1 5057/7549/1 5060/7517/1 5046/7495/1
f 5067/7550/6 5083/7551/6 5089/7552/6 5071/7553/6
f 4981/7460/1899 4983/7554/1899 4982/7555/1899
f 4984/7556/1900 4986/7557/1900 4985/7465/1900
f 4987/7558/1901 4989/7559/1901 4988/7453/1901
f 4990/7448/1902 4992/7560/1902 4991/7561/1902
f 4993/7562/1903 4995/7454/1903 4994/7563/1903
f 4996/7459/1904 4998/7564/1904 4997/7565/1904
f 4999/7566/1905 5001/7466/1905 5000/7567/1905
f 5002/7447/1906 5004/7568/1906 5003/7569/1906
f 5005/7570/1907 5008/7456/1907 5007/7490/1908 5006/7571/1908
f 5009/7572/1238 5012/7573/1907 5011/7493/1907 5010/7457/1238
f 5013/7574/59 5016/7468/59 5015/7473/1392 5014/7575/1392
f 5017/7576/1528 5020/7577/1909 5019/7476/1909 5018/7445/1528
f 5021/7578/1910 5025/7579/1910 5024/7481/1910 5023/7491/1910 5022/7455/1910
f 5026/7580/1911 5030/7458/1911 5029/7492/1911 5028/7480/1911 5027/7581/1911
f 5031/7582/1912 5035/7583/1912 5034/7500/1912 5033/7474/1912 5032/7467/1912
f 5036/7584/1913 5040/7446/1913 5039/7475/1913 5038/7499/1913 5037/7585/1913
f 5041/7525/1914 5043/7586/1914 5042/7587/1914
f 5044/7588/1915 5046/7589/1915 5045/7530/1915
f 5047/7590/1916 5049/7591/1916 5048/7518/1916
f 5050/7513/1917 5052/7592/1917 5051/7593/1917
f 5053/7594/1918 5055/7519/1918 5054/7595/1918
f 5056/7524/1919 5058/7596/1919 5057/7597/1919
f 5059/7598/1920 5061/7531/1920 5060/7599/1920
f 5062/7512/1921 5064/7600/1921 5063/7601/1921
f 5065/7602/55 5068/7521/55 5067/7550/55 5066/7603/55
f 5069/7604/1235 5072/7605/1922 5071/7553/1922 5070/7522/1235
f 5073/7606/48 5076/7533/48 5075/7538/48 5074/7607/48
f 5077/7608/48 5080/7609/48 5079/7541/48 5078/7510/48
f 5081/7610/1923 5085/7611/1923 5084/7479/1923 5083/7551/1923 5082/7520/1923
f 5086/7612/1924 5090/7523/1924 5089/7552/1924 5088/7482/1924 5087/7613/1924
f 5091/7614/1925 5095/7615/1925 5094/7498/1925 5093/7539/1925 5092/7532/1925
f 5096/7616/1926 5100/7511/1926 5099/7540/1926 5098/7501/1926 5097/7617/1926
f 5009/7572/1238 5010/7457/1238 4981/7460/1238 4982/7555/1238
f 4982/7618/1532 4983/7487/1532 4986/7489/1532 4984/7489/1532
f 5017/7576/1528 5018/7445/1528 4990/7448/59 4991/7561/59
f 4991/7471/1927 4992/7477/1927 4989/7472/1927 4987/7472/1927
f 5030/7458/1928 5026/7580/1928 4998/7564/1928 4996/7459/1928
f 4997/7488/1196 4998/7449/1196 4999/7452/1196 5000/7452/1196
f 5040/7446/48 5036/7584/48 5004/7568/48 5002/7447/48
f 5003/7478/37 5004/7463/37 4993/7462/37 4994/7462/37
f 4988/7453/1867 4989/7559/1867 4994/7563/1867 4995/7454/1867
f 5002/7447/53 5003/7569/53 4992/7560/53 4990/7448/53
f 4985/7465/1215 4986/7557/1215 5000/7567/1215 5001/7466/1215
f 4996/7459/1355 4997/7565/1355 4983/7554/1355 4981/7460/1355
f 4987/7558/1238 4988/7453/1238 5008/7456/1907 5005/7570/1907
f 5006/7571/1908 5007/7490/1908 5011/7493/1907 5012/7573/1907
f 4984/7556/59 4985/7465/59 5016/7468/59 5013/7574/59
f 5014/7575/1392 5015/7473/1392 5019/7476/1909 5020/7577/1909
f 4995/7454/55 4993/7562/55 5021/7578/55 5022/7455/55
f 5023/7491/6 5024/7481/6 5028/7480/6 5029/7492/6
f 5001/7466/1233 4999/7566/1233 5031/7582/1233 5032/7467/1233
f 5033/7474/9 5034/7500/9 5038/7499/9 5039/7475/9
f 5007/7490/6 5008/7456/6 5022/7455/6 5023/7491/6
f 5010/7457/6 5011/7493/6 5029/7492/6 5030/7458/6
f 5015/7473/9 5016/7468/9 5032/7467/9 5033/7474/9
f 5018/7445/9 5019/7476/9 5039/7475/9 5040/7446/9
f 5035/7619/47 5031/7451/47 5026/7450/47 5027/7450/47
f 5036/7464/1389 5037/7620/1389 5025/7461/1389 5021/7461/1389
f 5012/7483/4 5009/7621/4 5013/7622/4 5014/7484/4
f 5005/7469/1700 5006/7486/1700 5020/7485/1700 5017/7470/1700
f 5069/7604/1235 5070/7522/1235 5041/7525/1235 5042/7587/1235
f 5042/7494/39 5043/7548/39 5046/7495/39 5044/7495/39
f 5077/7608/48 5078/7510/48 5050/7513/48 5051/7593/48
f 5051/7536/1929 5052/7542/1929 5049/7537/1929 5047/7537/1929
f 5090/7523/1930 5086/7612/1930 5058/7596/1930 5056/7524/1930
f 5057/7549/1202 5058/7514/1202 5059/7517/1202 5060/7517/1202
f 5100/7511/59 5096/7616/59 5064/7600/59 5062/7512/59
f 5063/7543/1532 5064/7528/1532 5053/7527/1532 5054/7527/1532
f 5048/7518/1931 5049/7591/1931 5054/7595/1931 5055/7519/1931
f 5062/7512/1215 5063/7601/1215 5052/7592/1215 5050/7513/1215
f 5045/7530/1315 5046/7589/1315 5060/7599/1315 5061/7531/1315
f 5056/7524/1494 5057/7597/1494 5043/7586/1494 5041/7525/1494
f 5047/7590/55 5048/7518/55 5068/7521/55 5065/7602/55
f 5066/7603/55 5067/7550/55 5071/7553/1922 5072/7605/1922
f 5044/7588/1817 5045/7530/1817 5076/7533/48 5073/7606/48
f 5074/7607/48 5075/7538/48 5079/7541/48 5080/7609/48
f 5055/7519/46 5053/7594/46 5081/7610/46 5082/7520/46
f 5083/7551/6 5084/7479/6 5088/7482/6 5089/7552/6
f 5061/7531/1932 5059/7598/1932 5091/7614/1932 5092/7532/1932
f 5093/7539/9 5094/7498/9 5098/7501/9 5099/7540/9
f 5067/7550/6 5068/7521/6 5082/7520/6 5083/7551/6
f 5070/7522/6 5071/7553/6 5089/7552/6 5090/7523/6
f 5075/7538/9 5076/7533/9 5092/7532/9 5093/7539/9
f 5078/7510/9 5079/7541/9 5099/7540/9 5100/7511/9
f 5095/7623/1187 5091/7516/1187 5086/7515/1187 5087/7515/1187
f 5096/7529/520 5097/7624/520 5085/7526/520 5081/7526/520
f 5072/7544/907 5069/7497/907 5073/7496/907 5074/7545/907
f 5065/7534/1334 5066/7547/1334 5080/7546/1334 5077/7535/1334
f 5024/7481/1867 5025/7625/1867 5087/7626/1867 5088/7482/1867
f 5084/7479/64 5085/7627/64 5027/7628/64 5028/7480/64
f 5034/7500/54 5035/7629/54 5097/7630/54 5098/7501/54
f 5037/7631/1708 5038/7499/1708 5094/7498/1708 5095/7632/1708
f 4982/7618/4 4984/7489/4 5013/7622/4 5009/7621/4
f 5138/7633/9 5160/7634/9 5122/7635/9 5110/7636/9
f 5118/7637/2 5146/7638/2 5151/7639/2 5119/7640/2
f 5108/7641/6 5115/7642/6 5142/7643/6 5128/7644/6
f 5130/7645/6 5150/7646/6 5116/7647/6 5101/7648/6
f 5141/7649/2 5113/7650/2 5124/7651/2 5156/7652/2
f 5105/7653/9 5121/7654/9 5152/7655/9 5136/7656/9
f 5125/7657/534 5137/7658/534 5111/7659/4 5107/7660/4
f 5135/7661/9 5153/7662/9 5159/7663/9 5139/7664/9
f 5112/7665/1 5123/7666/1 5114/7650/1 5109/7660/1
f 5204/7667/6 5148/7668/6 5144/7669/6 5208/7670/6
f 5132/7671/534 5134/7672/534 5140/7673/534 5126/7674/534
f 5103/7675/7 5117/7676/7 5120/7640/7 5106/7677/7
f 5127/7678/6 5143/7679/6 5149/7680/6 5131/7681/6
f 5162/7682/2 5164/7683/2 5193/7684/907 5189/7685/907
f 5214/7686/9 5158/7687/9 5154/7688/9 5218/7689/9
f 5217/7690/3 5155/7691/3 5147/7692/3 5205/7693/3
f 5207/7694/5 5145/7695/5 5157/7696/5 5215/7697/5
f 5198/7698/9 5220/7699/9 5182/7700/9 5170/7701/9
f 5178/7702/4 5206/7703/4 5211/7704/4 5179/7705/4
f 5168/7706/6 5175/7707/6 5202/7708/6 5188/7709/6
f 5190/7710/6 5210/7711/6 5176/7712/6 5161/7713/6
f 5201/7714/4 5173/7715/4 5184/7716/4 5216/7717/4
f 5165/7718/9 5181/7719/9 5212/7720/9 5196/7721/9
f 5185/7722/907 5197/7723/907 5171/7724/2 5167/7725/2
f 5195/7726/9 5213/7727/9 5219/7728/9 5199/7729/9
f 5172/7730/7 5183/7731/7 5174/7715/7 5169/7725/7
f 5192/7732/907 5194/7733/907 5200/7734/907 5186/7735/907
f 5163/7736/5 5177/7737/5 5180/7705/5 5166/7683/5
f 5187/7738/6 5203/7739/6 5209/7740/6 5191/7741/6
f 5101/7648/1933 5103/7742/1933 5102/7743/1933
f 5104/7744/1934 5106/7745/1934 5105/7653/1934
f 5107/7746/1935 5109/7747/1935 5108/7641/1935
f 5110/7636/1936 5112/7748/1936 5111/7749/1936
f 5113/7750/29 5115/7642/29 5114/7751/29
f 5116/7647/1937 5118/7752/1937 5117/7753/1937
f 5119/7754/1917 5121/7654/1917 5120/7755/1917
f 5122/7635/31 5124/7756/31 5123/7757/31
f 5125/7758/1530 5128/7644/1530 5127/7678/1530 5126/7759/1530
f 5129/7760/1938 5132/7761/1939 5131/7681/1939 5130/7645/1938
f 5133/7762/1392 5136/7656/1392 5135/7661/1392 5134/7763/1392
f 5137/7764/1528 5140/7765/44 5139/7664/44 5138/7633/1528
f 5141/7766/1940 5145/7767/1940 5144/7669/1940 5143/7679/1940 5142/7643/1940
f 5146/7768/1941 5150/7646/1941 5149/7680/1941 5148/7668/1941 5147/7769/1941
f 5151/7770/1942 5155/7771/1942 5154/7688/1942 5153/7662/1942 5152/7655/1942
f 5156/7772/1943 5160/7634/1943 5159/7663/1943 5158/7687/1943 5157/7773/1943
f 5161/7713/1944 5163/7774/1944 5162/7775/1944
f 5164/7776/1945 5166/7777/1945 5165/7718/1945
f 5167/7778/1946 5169/7779/1946 5168/7706/1946
f 5170/7701/1947 5172/7780/1947 5171/7781/1947
f 5173/7782/1948 5175/7707/1948 5174/7783/1948
f 5176/7712/1935 5178/7784/1935 5177/7785/1935
f 5179/7786/1949 5181/7719/1949 5180/7787/1949
f 5182/7700/1950 5184/7788/1950 5183/7789/1950
f 5185/7790/1235 5188/7709/1235 5187/7738/1928 5186/7791/1928
f 5189/7792/1951 5192/7793/1952 5191/7741/1952 5190/7710/1951
f 5193/7794/1233 5196/7721/1233 5195/7726/1953 5194/7795/1953
f 5197/7796/1817 5200/7797/1953 5199/7729/1953 5198/7698/1817
f 5201/7798/1954 5205/7799/1954 5204/7667/1954 5203/7739/1954 5202/7708/1954
f 5206/7800/1924 5210/7711/1924 5209/7740/1924 5208/7670/1924 5207/7801/1924
f 5211/7802/1955 5215/7803/1955 5214/7686/1955 5213/7727/1955 5212/7720/1955
f 5216/7804/1956 5220/7699/1956 5219/7728/1956 5218/7689/1956 5217/7805/1956
f 5129/7760/1938 5130/7645/1938 5101/7648/1394 5102/7743/1394
f 5102/7806/1186 5103/7675/1186 5106/7677/1186 5104/7807/1186
f 5137/7764/1528 5138/7633/1528 5110/7636/1528 5111/7749/1528
f 5111/7659/1187 5112/7665/1187 5109/7660/1187 5107/7660/1187
f 5150/7646/55 5146/7768/55 5118/7752/55 5116/7647/55
f 5117/7676/532 5118/7637/532 5119/7640/532 5120/7640/532
f 5160/7634/1817 5156/7772/1817 5124/7756/1817 5122/7635/1817
f 5123/7666/1527 5124/7651/1527 5113/7650/1527 5114/7650/1527
f 5108/7641/1359 5109/7747/1359 5114/7751/1359 5115/7642/1359
f 5122/7635/1504 5123/7757/1504 5112/7748/1504 5110/7636/1504
f 5105/7653/60 5106/7745/60 5120/7755/60 5121/7654/60
f 5116/7647/64 5117/7753/64 5103/7742/64 5101/7648/64
f 5107/7746/1238 5108/7641/1238 5128/7644/1530 5125/7758/1530
f 5126/7759/1530 5127/7678/1530 5131/7681/1939 5132/7761/1939
f 5104/7744/44 5105/7653/44 5136/7656/1392 5133/7762/1392
f 5134/7763/1392 5135/7661/1392 5139/7664/44 5140/7765/44
f 5115/7642/50 5113/7750/50 5141/7766/50 5142/7643/50
f 5143/7679/6 5144/7669/6 5148/7668/6 5149/7680/6
f 5121/7654/1957 5119/7754/1957 5151/7770/1957 5152/7655/1957
f 5153/7662/9 5154/7688/9 5158/7687/9 5159/7663/9
f 5127/7678/6 5128/7644/6 5142/7643/6 5143/7679/6
f 5130/7645/6 5131/7681/6 5149/7680/6 5150/7646/6
f 5135/7661/9 5136/7656/9 5152/7655/9 5153/7662/9
f 5138/7633/9 5139/7664/9 5159/7663/9 5160/7634/9
f 5155/7808/532 5151/7639/532 5146/7638/532 5147/7809/532
f 5156/7652/49 5157/7810/49 5145/7649/49 5141/7649/49
f 5132/7671/534 5129/7811/534 5133/7812/534 5134/7672/534
f 5125/7657/534 5126/7674/534 5140/7673/534 5137/7658/534
f 5189/7792/1951 5190/7710/1951 5161/7713/50 5162/7775/50
f 5162/7682/1608 5163/7736/1608 5166/7683/1608 5164/7683/1608
f 5197/7796/1817 5198/7698/1817 5170/7701/1817 5171/7781/1817
f 5171/7724/1958 5172/7730/1958 5169/7725/1958 5167/7725/1958
f 5210/7711/1238 5206/7800/1238 5178/7784/1238 5176/7712/1238
f 5177/7737/1187 5178/7702/1187 5179/7705/1187 5180/7705/1187
f 5220/7699/1959 5216/7804/1959 5184/7788/1959 5182/7700/1959
f 5183/7731/19 5184/7716/19 5173/7715/19 5174/7715/19
f 5168/7706/64 5169/7779/64 5174/7783/64 5175/7707/64
f 5182/7700/60 5183/7789/60 5172/7780/60 5170/7701/60
f 5165/7718/1504 5166/7777/1504 5180/7787/1504 5181/7719/1504
f 5176/7712/1494 5177/7785/1494 5163/7774/1494 5161/7713/1494
f 5167/7778/55 5168/7706/55 5188/7709/1235 5185/7790/1235
f 5186/7791/1928 5187/7738/1928 5191/7741/1952 5192/7793/1952
f 5164/7776/1204 5165/7718/1204 5196/7721/1233 5193/7794/1233
f 5194/7795/1953 5195/7726/1953 5199/7729/1953 5200/7797/1953
f 5175/7707/58 5173/7782/58 5201/7798/58 5202/7708/58
f 5203/7739/6 5204/7667/6 5208/7670/6 5209/7740/6
f 5181/7719/1959 5179/7786/1959 5211/7802/1959 5212/7720/1959
f 5213/7727/9 5214/7686/9 5218/7689/9 5219/7728/9
f 5187/7738/6 5188/7709/6 5202/7708/6 5203/7739/6
f 5190/7710/6 5191/7741/6 5209/7740/6 5210/7711/6
f 5195/7726/9 5196/7721/9 5212/7720/9 5213/7727/9
f 5198/7698/9 5199/7729/9 5219/7728/9 5220/7699/9
f 5215/7813/1202 5211/7704/1202 5206/7703/1202 5207/7703/1202
f 5216/7717/19 5217/7814/19 5205/7714/19 5201/7714/19
f 5192/7732/907 5189/7685/907 5193/7684/907 5194/7733/907
f 5185/7722/907 5186/7735/907 5200/7734/907 5197/7723/907
f 5144/7669/52 5145/7815/52 5207/7816/52 5208/7670/52
f 5204/7667/1960 5205/7817/1960 5147/7818/1960 5148/7668/1960
f 5154/7688/1961 5155/7819/1961 5217/7820/1961 5218/7689/1961
f 5157/7821/1240 5158/7687/1240 5214/7686/1240 5215/7822/1240
f 5102/7806/4 5104/7807/4 5133/7812/534 5129/7811/534
f 5258/7823/6 5280/7824/6 5242/7825/6 5230/7826/6
f 5238/7827/2 5266/7828/2 5271/7829/2 5239/7830/2
f 5228/7831/9 5235/7832/9 5262/7833/9 5248/7834/9
f 5250/7835/9 5270/7836/9 5236/7837/9 5221/7838/9
f 5261/7839/2 5233/7840/2 5244/7841/2 5276/7842/2
f 5225/7843/6 5241/7844/6 5272/7845/6 5256/7846/6
f 5245/7847/534 5257/7848/534 5231/7849/4 5227/7850/4
f 5255/7851/6 5273/7852/6 5279/7853/6 5259/7854/6
f 5232/7855/3 5243/7856/3 5234/7840/3 5229/7850/3
f 5324/7857/9 5268/7858/9 5264/7859/9 5328/7860/9
f 5252/7861/534 5254/7862/534 5260/7863/534 5246/7864/534
f 5223/7865/5 5237/7866/5 5240/7830/5 5226/7867/5
f 5247/7868/9 5263/7869/9 5269/7870/9 5251/7871/9
f 5282/7872/2 5284/7873/2 5313/7874/907 5309/7875/907
f 5334/7876/6 5278/7877/6 5274/7878/6 5338/7879/6
f 5337/7880/5 5275/7881/5 5267/7882/5 5325/7883/5
f 5327/7884/3 5265/7885/3 5277/7886/3 5335/7887/3
f 5318/7888/6 5340/7889/6 5302/7890/6 5290/7891/6
f 5298/7892/4 5326/7893/4 5331/7894/4 5299/7895/4
f 5288/7896/9 5295/7897/9 5322/7898/9 5308/7899/9
f 5310/7900/9 5330/7901/9 5296/7902/9 5281/7903/9
f 5321/7904/4 5293/7905/4 5304/7906/4 5336/7907/4
f 5285/7908/6 5301/7909/6 5332/7910/6 5316/7911/6
f 5305/7912/907 5317/7913/907 5291/7914/2 5287/7915/2
f 5315/7916/6 5333/7917/6 5339/7918/6 5319/7919/6
f 5292/7920/1 5303/7921/1 5294/7905/1 5289/7915/1
f 5312/7922/907 5314/7923/907 5320/7924/907 5306/7925/907
f 5283/7926/7 5297/7927/7 5300/7895/7 5286/7873/7
f 5307/7928/9 5323/7929/9 5329/7930/9 5311/7931/9
f 5221/7838/1949 5223/7932/1949 5222/7933/1949
f 5224/7934/1962 5226/7935/1962 5225/7843/1962
f 5227/7936/1963 5229/7937/1963 5228/7831/1963
f 5230/7826/1964 5232/7938/1964 5231/7939/1964
f 5233/7940/1947 5235/7832/1947 5234/7941/1947
f 5236/7837/1915 5238/7942/1915 5237/7943/1915
f 5239/7944/1965 5241/7844/1965 5240/7945/1965
f 5242/7825/1966 5244/7946/1966 5243/7947/1966
f 5245/7948/44 5248/7834/44 5247/7868/1392 5246/7949/1392
f 5249/7950/59 5252/7951/59 5251/7871/59 5250/7835/59
f 5253/7952/1238 5256/7846/1238 5255/7851/1212 5254/7953/1212
f 5257/7954/1238 5260/7955/1238 5259/7854/1238 5258/7823/1238
f 5261/7956/1967 5265/7957/1967 5264/7859/1967 5263/7869/1967 5262/7833/1967
f 5266/7958/1943 5270/7836/1943 5269/7870/1943 5268/7858/1943 5267/7959/1943
f 5271/7960/1910 5275/7961/1910 5274/7878/1910 5273/7852/1910 5272/7845/1910
f 5276/7962/1968 5280/7824/1968 5279/7853/1968 5278/7877/1968 5277/7963/1968
f 5281/7903/1969 5283/7964/1969 5282/7965/1969
f 5284/7966/1970 5286/7967/1970 5285/7908/1970
f 5287/7968/1915 5289/7969/1915 5288/7896/1915
f 5290/7891/1971 5292/7970/1971 5291/7971/1971
f 5293/7972/1972 5295/7897/1972 5294/7973/1972
f 5296/7902/1973 5298/7974/1973 5297/7975/1973
f 5299/7976/1974 5301/7909/1974 5300/7977/1974
f 5302/7890/1975 5304/7978/1975 5303/7979/1975
f 5305/7980/48 5308/7899/48 5307/7928/1976 5306/7981/1976
f 5309/7982/1237 5312/7983/1237 5311/7931/1237 5310/7900/1237
f 5313/7984/1210 5316/7911/1210 5315/7916/1977 5314/7985/1977
f 5317/7986/50 5320/7987/1235 5319/7919/1235 5318/7888/50
f 5321/7988/1978 5325/7989/1978 5324/7857/1978 5323/7929/1978 5322/7898/1978
f 5326/7990/1926 5330/7901/1926 5329/7930/1926 5328/7860/1926 5327/7991/1926
f 5331/7992/1979 5335/7993/1979 5334/7876/1979 5333/7917/1979 5332/7910/1979
f 5336/7994/1980 5340/7889/1980 5339/7918/1980 5338/7879/1980 5337/7995/1980
f 5249/7950/59 5250/7835/59 5221/7838/59 5222/7933/59
f 5222/7996/1187 5223/7865/1187 5226/7867/1187 5224/7867/1187
f 5257/7954/1238 5258/7823/1238 5230/7826/46 5231/7939/46
f 5231/7849/520 5232/7855/520 5229/7850/520 5227/7850/520
f 5270/7836/1237 5266/7958/1237 5238/7942/1237 5236/7837/1237
f 5237/7866/49 5238/7827/49 5239/7830/49 5240/7830/49
f 5280/7824/55 5276/7962/55 5244/7946/55 5242/7825/55
f 5243/7856/1958 5244/7841/1958 5233/7840/1958 5234/7840/1958
f 5228/7831/1316 5229/7937/1316 5234/7941/1316 5235/7832/1316
f 5242/7825/64 5243/7947/64 5232/7938/64 5230/7826/64
f 5225/7843/1494 5226/7935/1494 5240/7945/1494 5241/7844/1494
f 5236/7837/61 5237/7943/61 5223/7932/61 5221/7838/61
f 5227/7936/1528 5228/7831/1528 5248/7834/44 5245/7948/44
f 5246/7949/1392 5247/7868/1392 5251/7871/59 5252/7951/59
f 5224/7934/1238 5225/7843/1238 5256/7846/1238 5253/7952/1238
f 5254/7953/1212 5255/7851/1212 5259/7854/1238 5260/7955/1238
f 5235/7832/1237 5233/7940/1237 5261/7956/1237 5262/7833/1237
f 5263/7869/9 5264/7859/9 5268/7858/9 5269/7870/9
f 5241/7844/55 5239/7944/55 5271/7960/55 5272/7845/55
f 5273/7852/6 5274/7878/6 5278/7877/6 5279/7853/6
f 5247/7868/9 5248/7834/9 5262/7833/9 5263/7869/9
f 5250/7835/9 5251/7871/9 5269/7870/9 5270/7836/9
f 5255/7851/6 5256/7846/6 5272/7845/6 5273/7852/6
f 5258/7823/6 5259/7854/6 5279/7853/6 5280/7824/6
f 5275/7997/1389 5271/7829/1389 5266/7828/1389 5267/7828/1389
f 5276/7842/1396 5277/7998/1396 5265/7839/1396 5261/7839/1396
f 5252/7861/534 5249/7999/534 5253/8000/534 5254/7862/534
f 5245/7847/534 5246/7864/534 5260/7863/534 5257/7848/534
f 5309/7982/1237 5310/7900/1237 5281/7903/1817 5282/7965/1817
f 5282/7872/47 5283/7926/47 5286/7873/47 5284/7873/47
f 5317/7986/50 5318/7888/50 5290/7891/50 5291/7971/50
f 5291/7914/49 5292/7920/49 5289/7915/49 5287/7915/49
f 5330/7901/1981 5326/7990/1981 5298/7974/1981 5296/7902/1981
f 5297/7927/520 5298/7892/520 5299/7895/520 5300/7895/520
f 5340/7889/58 5336/7994/58 5304/7978/58 5302/7890/58
f 5303/7921/23 5304/7906/23 5293/7905/23 5294/7905/23
f 5288/7896/53 5289/7969/53 5294/7973/53 5295/7897/53
f 5302/7890/1867 5303/7979/1867 5292/7970/1867 5290/7891/1867
f 5285/7908/1982 5286/7967/1982 5300/7977/1982 5301/7909/1982
f 5296/7902/1340 5297/7975/1340 5283/7964/1340 5281/7903/1340
f 5287/7968/1983 5288/7896/1983 5308/7899/48 5305/7980/48
f 5306/7981/1976 5307/7928/1976 5311/7931/1237 5312/7983/1237
f 5284/7966/1821 5285/7908/1821 5316/7911/1210 5313/7984/1210
f 5314/7985/1977 5315/7916/1977 5319/7919/1235 5320/7987/1235
f 5295/7897/1528 5293/7972/1528 5321/7988/1528 5322/7898/1528
f 5323/7929/9 5324/7857/9 5328/7860/9 5329/7930/9
f 5301/7909/46 5299/7976/46 5331/7992/46 5332/7910/46
f 5333/7917/6 5334/7876/6 5338/7879/6 5339/7918/6
f 5307/7928/9 5308/7899/9 5322/7898/9 5323/7929/9
f 5310/7900/9 5311/7931/9 5329/7930/9 5330/7901/9
f 5315/7916/6 5316/7911/6 5332/7910/6 5333/7917/6
f 5318/7888/6 5319/7919/6 5339/7918/6 5340/7889/6
f 5335/8001/520 5331/7894/520 5326/7893/520 5327/7893/520
f 5336/7907/45 5337/8002/45 5325/7904/45 5321/7904/45
f 5312/7922/907 5309/7875/907 5313/7874/907 5314/7923/907
f 5305/7912/907 5306/7925/907 5320/7924/907 5317/7913/907
f 5264/7859/1215 5265/8003/1215 5327/8004/1215 5328/7860/1215
f 5324/7857/66 5325/8005/66 5267/8006/66 5268/7858/66
f 5274/7878/1358 5275/8007/1358 5337/8008/1358 5338/7879/1358
f 5277/8009/1982 5278/7877/1982 5334/7876/1982 5335/8010/1982
f 5222/7996/4 5224/7867/4 5253/8000/534 5249/7999/534
f 5378/8011/6 5400/8012/6 5362/8013/6 5350/8014/6
f 5358/8015/2 5386/8016/2 5391/8017/2 5359/8018/2
f 5348/8019/9 5355/8020/9 5382/8021/9 5368/8022/9
f 5370/8023/9 5390/8024/9 5356/8025/9 5341/8026/9
f 5381/8027/2 5353/8028/2 5364/8029/2 5396/8030/2
f 5345/8031/6 5361/8032/6 5392/8033/6 5376/8034/6
f 5365/8035/534 5377/8036/534 5351/8037/4 5347/8038/4
f 5375/8039/6 5393/8040/6 5399/8041/6 5379/8042/6
f 5352/8043/7 5363/8044/7 5354/8028/7 5349/8038/7
f 5444/8045/9 5388/8046/9 5384/8047/9 5448/8048/9
f 5372/8049/4 5374/8050/4 5380/8051/534 5366/8052/534
f 5343/8053/5 5357/8054/5 5360/8018/5 5346/8055/5
f 5367/8056/9 5383/8057/9 5389/8058/9 5371/8059/9
f 5402/8060/2 5404/8061/2 5433/8062/2 5429/8063/2
f 5454/8064/6 5398/8065/6 5394/8066/6 5458/8067/6
f 5457/8068/5 5395/8069/5 5387/8070/5 5445/8071/5
f 5447/8072/3 5385/8073/3 5397/8074/3 5455/8075/3
f 5438/8076/6 5460/8077/6 5422/8078/6 5410/8079/6
f 5418/8080/4 5446/8081/4 5451/8082/4 5419/8083/4
f 5408/8084/9 5415/8085/9 5442/8086/9 5428/8087/9
f 5430/8088/9 5450/8089/9 5416/8090/9 5401/8091/9
f 5441/8092/4 5413/8093/4 5424/8094/4 5456/8095/4
f 5405/8096/6 5421/8097/6 5452/8098/6 5436/8099/6
f 5425/8100/907 5437/8101/907 5411/8102/2 5407/8103/2
f 5435/8104/6 5453/8105/6 5459/8106/6 5439/8107/6
f 5412/8108/1 5423/8109/1 5414/8093/1 5409/8103/1
f 5432/8110/2 5434/8111/2 5440/8112/907 5426/8113/907
f 5403/8114/3 5417/8115/3 5420/8083/3 5406/8061/3
f 5427/8116/9 5443/8117/9 5449/8118/9 5431/8119/9
f 5341/8026/1984 5343/8120/1984 5342/8121/1984
f 5344/8122/1985 5346/8123/1985 5345/8031/1985
f 5347/8124/1986 5349/8125/1986 5348/8019/1986
f 5350/8014/1948 5352/8126/1948 5351/8127/1948
f 5353/8128/1969 5355/8020/1969 5354/8129/1969
f 5356/8025/1987 5358/8130/1987 5357/8131/1987
f 5359/8132/1944 5361/8032/1944 5360/8133/1944
f 5362/8013/1182 5364/8134/1182 5363/8135/1182
f 5365/8136/1392 5368/8022/1392 5367/8056/59 5366/8137/59
f 5369/8138/1214 5372/8139/59 5371/8059/59 5370/8023/1214
f 5373/8140/1217 5376/8034/1217 5375/8039/1238 5374/8141/1238
f 5377/8142/58 5380/8143/1238 5379/8042/1238 5378/8011/58
f 5381/8144/1988 5385/8145/1988 5384/8047/1988 5383/8057/1988 5382/8021/1988
f 5386/8146/1989 5390/8024/1989 5389/8058/1989 5388/8046/1989 5387/8147/1989
f 5391/8148/1990 5395/8149/1990 5394/8066/1990 5393/8040/1990 5392/8033/1990
f 5396/8150/1991 5400/8012/1991 5399/8041/1991 5398/8065/1991 5397/8151/1991
f 5401/8091/1992 5403/8152/1992 5402/8153/1992
f 5404/8154/28 5406/8155/28 5405/8096/28
f 5407/8156/1993 5409/8157/1993 5408/8084/1993
f 5410/8079/1994 5412/8158/1994 5411/8159/1994
f 5413/8160/1995 5415/8085/1995 5414/8161/1995
f 5416/8090/1996 5418/8162/1996 5417/8163/1996
f 5419/8164/1997 5421/8097/1997 5420/8165/1997
f 5422/8078/1998 5424/8166/1998 5423/8167/1998
f 5425/8168/1817 5428/8087/1817 5427/8116/1999 5426/8169/1999
f 5429/8170/1817 5432/8171/1237 5431/8119/1237 5430/8088/1817
f 5433/8172/50 5436/8099/50 5435/8104/50 5434/8173/50
f 5437/8174/1611 5440/8175/1205 5439/8107/1205 5438/8076/1611
f 5441/8176/2000 5445/8177/2000 5444/8045/2000 5443/8117/2000 5442/8086/2000
f 5446/8178/2001 5450/8089/2001 5449/8118/2001 5448/8048/2001 5447/8179/2001
f 5451/8180/2002 5455/8181/2002 5454/8064/2002 5453/8105/2002 5452/8098/2002
f 5456/8182/2003 5460/8077/2003 5459/8106/2003 5458/8067/2003 5457/8183/2003
f 5369/8138/1214 5370/8023/1214 5341/8026/1239 5342/8121/1239
f 5342/8184/45 5343/8053/45 5346/8055/45 5344/8185/45
f 5377/8142/58 5378/8011/58 5350/8014/1238 5351/8127/1238
f 5351/8037/19 5352/8043/19 5349/8038/19 5347/8038/19
f 5390/8024/1609 5386/8146/1609 5358/8130/1609 5356/8025/1609
f 5357/8054/1389 5358/8015/1389 5359/8018/1389 5360/8018/1389
f 5400/8012/50 5396/8150/50 5364/8134/50 5362/8013/50
f 5363/8044/47 5364/8029/47 5353/8028/47 5354/8028/47
f 5348/8019/2004 5349/8125/2004 5354/8129/2004 5355/8020/2004
f 5362/8013/1506 5363/8135/1506 5352/8126/1506 5350/8014/1506
f 5345/8031/1207 5346/8123/1207 5360/8133/1207 5361/8032/1207
f 5356/8025/53 5357/8131/53 5343/8120/53 5341/8026/53
f 5347/8124/1214 5348/8019/1214 5368/8022/1392 5365/8136/1392
f 5366/8137/59 5367/8056/59 5371/8059/59 5372/8139/59
f 5344/8122/63 5345/8031/63 5376/8034/1217 5373/8140/1217
f 5374/8141/1238 5375/8039/1238 5379/8042/1238 5380/8143/1238
f 5355/8020/1233 5353/8128/1233 5381/8144/1233 5382/8021/1233
f 5383/8057/9 5384/8047/9 5388/8046/9 5389/8058/9
f 5361/8032/50 5359/8132/50 5391/8148/50 5392/8033/50
f 5393/8040/6 5394/8066/6 5398/8065/6 5399/8041/6
f 5367/8056/9 5368/8022/9 5382/8021/9 5383/8057/9
f 5370/8023/9 5371/8059/9 5389/8058/9 5390/8024/9
f 5375/8039/6 5376/8034/6 5392/8033/6 5393/8040/6
f 5378/8011/6 5379/8042/6 5399/8041/6 5400/8012/6
f 5395/8186/49 5391/8017/49 5386/8016/49 5387/8016/49
f 5396/8030/2005 5397/8187/2005 5385/8027/2005 5381/8027/2005
f 5372/8049/4 5369/8188/4 5373/8189/4 5374/8050/4
f 5365/8035/534 5366/8052/534 5380/8051/534 5377/8036/534
f 5429/8170/1817 5430/8088/1817 5401/8091/48 5402/8153/48
f 5402/8060/47 5403/8114/47 5406/8061/47 5404/8061/47
f 5437/8174/1611 5438/8076/1611 5410/8079/2006 5411/8159/2006
f 5411/8102/39 5412/8108/39 5409/8103/39 5407/8103/39
f 5450/8089/59 5446/8178/59 5418/8162/59 5416/8090/59
f 5417/8115/19 5418/8080/19 5419/8083/19 5420/8083/19
f 5460/8077/58 5456/8182/58 5424/8166/58 5422/8078/58
f 5423/8109/1927 5424/8094/1927 5413/8093/1927 5414/8093/1927
f 5408/8084/1240 5409/8157/1240 5414/8161/1240 5415/8085/1240
f 5422/8078/1494 5423/8167/1494 5412/8158/1494 5410/8079/1494
f 5405/8096/2007 5406/8155/2007 5420/8165/2007 5421/8097/2007
f 5416/8090/1215 5417/8163/1215 5403/8152/1215 5401/8091/1215
f 5407/8156/48 5408/8084/48 5428/8087/1817 5425/8168/1817
f 5426/8169/1999 5427/8116/1999 5431/8119/1237 5432/8171/1237
f 5404/8154/50 5405/8096/50 5436/8099/50 5433/8172/50
f 5434/8173/50 5435/8104/50 5439/8107/1205 5440/8175/1205
f 5415/8085/59 5413/8160/59 5441/8176/59 5442/8086/59
f 5443/8117/9 5444/8045/9 5448/8048/9 5449/8118/9
f 5421/8097/58 5419/8164/58 5451/8180/58 5452/8098/58
f 5453/8105/6 5454/8064/6 5458/8067/6 5459/8106/6
f 5427/8116/9 5428/8087/9 5442/8086/9 5443/8117/9
f 5430/8088/9 5431/8119/9 5449/8118/9 5450/8089/9
f 5435/8104/6 5436/8099/6 5452/8098/6 5453/8105/6
f 5438/8076/6 5439/8107/6 5459/8106/6 5460/8077/6
f 5455/8190/520 5451/8082/520 5446/8081/520 5447/8081/520
f 5456/8095/23 5457/8191/23 5445/8092/23 5441/8092/23
f 5432/8110/2 5429/8063/2 5433/8062/2 5434/8111/2
f 5425/8100/907 5426/8113/907 5440/8112/907 5437/8101/907
f 5384/8047/2008 5385/8192/2008 5447/8193/2008 5448/8048/2008
f 5444/8045/1208 5445/8194/1208 5387/8195/1208 5388/8046/1208
f 5394/8066/1207 5395/8196/1207 5457/8197/1207 5458/8067/1207
f 5397/8198/1355 5398/8065/1355 5454/8064/1355 5455/8199/1355
f 5342/8184/4 5344/8185/4 5373/8189/4 5369/8188/4
f 6818/10235/9 6840/10236/9 6802/10237/9 6790/10238/9
f 6798/10239/2 6826/10240/2 6831/10241/2 6799/10242/2
f 6788/10243/6 6795/10244/6 6822/10245/6 6808/10246/6
f 6810/10247/6 6830/10248/6 6796/10249/6 6781/10250/6
f 6821/10251/2 6793/10252/2 6804/10253/2 6836/10254/2
f 6785/10255/9 6801/10256/9 6832/10257/9 6816/10258/9
f 6805/10259/1700 6817/10260/1700 6791/10261/4 6787/10262/4
f 6815/10263/9 6833/10264/9 6839/10265/9 6819/10266/9
f 6792/10267/10 6803/10268/10 6794/10252/10 6789/10262/10
f 6884/10269/6 6828/10270/6 6824/10271/6 6888/10272/6
f 6812/10273/1700 6814/10274/1700 6820/10275/1700 6806/10276/1700
f 6783/10277/3 6797/10278/3 6800/10242/3 6786/10279/3
f 6807/10280/6 6823/10281/6 6829/10282/6 6811/10283/6
f 6842/10284/2 6844/10285/2 6873/10286/1330 6869/10287/1330
f 6894/10288/9 6838/10289/9 6834/10290/9 6898/10291/9
f 6897/10292/3 6835/10293/3 6827/10294/3 6885/10295/3
f 6887/10296/5 6825/10297/5 6837/10298/5 6895/10299/5
f 6878/10300/9 6900/10301/9 6862/10302/9 6850/10303/9
f 6858/10304/4 6886/10305/4 6891/10306/4 6859/10307/4
f 6848/10308/6 6855/10309/6 6882/10310/6 6868/10311/6
f 6870/10312/6 6890/10313/6 6856/10314/6 6841/10315/6
f 6881/10316/4 6853/10317/4 6864/10318/4 6896/10319/4
f 6845/10320/9 6861/10321/9 6892/10322/9 6876/10323/9
f 6865/10324/1334 6877/10325/1334 6851/10326/907 6847/10327/907
f 6875/10328/9 6893/10329/9 6899/10330/9 6879/10331/9
f 6852/10332/8 6863/10333/8 6854/10317/8 6849/10327/8
f 6872/10334/1330 6874/10335/1330 6880/10336/1334 6866/10337/1334
f 6843/10338/10 6857/10339/10 6860/10307/10 6846/10285/10
f 6867/10340/6 6883/10341/6 6889/10342/6 6871/10343/6
f 6781/10250/2487 6783/10344/2487 6782/10345/2487
f 6784/10346/2488 6786/10347/2488 6785/10255/2488
f 6787/10348/2489 6789/10349/2489 6788/10243/2489
f 6790/10238/2490 6792/10350/2490 6791/10351/2490
f 6793/10352/2491 6795/10244/2491 6794/10353/2491
f 6796/10249/2492 6798/10354/2492 6797/10355/2492
f 6799/10356/2493 6801/10256/2493 6800/10357/2493
f 6802/10237/2494 6804/10358/2494 6803/10359/2494
f 6805/10360/1238 6808/10246/1238 6807/10280/1530 6806/10361/1530
f 6809/10362/2495 6812/10363/1907 6811/10283/1907 6810/10247/2495
f 6813/10364/2205 6816/10258/2205 6815/10263/1959 6814/10365/1959
f 6817/10366/1932 6820/10367/44 6819/10266/44 6818/10235/1932
f 6821/10368/2496 6825/10369/2496 6824/10271/2496 6823/10281/2496 6822/10245/2496
f 6826/10370/2497 6830/10248/2497 6829/10282/2497 6828/10270/2497 6827/10371/2497
f 6831/10372/2498 6835/10373/2498 6834/10290/2498 6833/10264/2498 6832/10257/2498
f 6836/10374/2499 6840/10236/2499 6839/10265/2499 6838/10289/2499 6837/10375/2499
f 6841/10315/2500 6843/10376/2500 6842/10377/2500
f 6844/10378/2501 6846/10379/2501 6845/10320/2501
f 6847/10380/2502 6849/10381/2502 6848/10308/2502
f 6850/10303/2503 6852/10382/2503 6851/10383/2503
f 6853/10384/2504 6855/10309/2504 6854/10385/2504
f 6856/10314/2505 6858/10386/2505 6857/10387/2505
f 6859/10388/2506 6861/10321/2506 6860/10389/2506
f 6862/10302/1900 6864/10390/1900 6863/10391/1900
f 6865/10392/2507 6868/10311/2507 6867/10340/2507 6866/10393/2507
f 6869/10394/2508 6872/10395/2509 6871/10343/2509 6870/10312/2508
f 6873/10396/1976 6876/10323/1976 6875/10328/1237 6874/10397/1237
f 6877/10398/57 6880/10399/1983 6879/10331/1983 6878/10300/57
f 6881/10400/2510 6885/10401/2510 6884/10269/2510 6883/10341/2510 6882/10310/2510
f 6886/10402/1924 6890/10313/1924 6889/10342/1924 6888/10272/1924 6887/10403/1924
f 6891/10404/1925 6895/10405/1925 6894/10288/1925 6893/10329/1925 6892/10322/1925
f 6896/10406/1926 6900/10301/1926 6899/10330/1926 6898/10291/1926 6897/10407/1926
f 6809/10362/2495 6810/10247/2495 6781/10250/63 6782/10345/63
f 6782/10408/1397 6783/10277/1397 6786/10279/1397 6784/10279/1397
f 6817/10366/1932 6818/10235/1932 6790/10238/1879 6791/10351/1879
f 6791/10261/1187 6792/10267/1187 6789/10262/1187 6787/10262/1187
f 6830/10248/1928 6826/10370/1928 6798/10354/1928 6796/10249/1928
f 6797/10278/47 6798/10239/47 6799/10242/47 6800/10242/47
f 6840/10236/1233 6836/10374/1233 6804/10358/1233 6802/10237/1233
f 6803/10268/39 6804/10253/39 6793/10252/39 6794/10252/39
f 6788/10243/52 6789/10349/52 6794/10353/52 6795/10244/52
f 6802/10237/1504 6803/10359/1504 6792/10350/1504 6790/10238/1504
f 6785/10255/1215 6786/10347/1215 6800/10357/1215 6801/10256/1215
f 6796/10249/64 6797/10355/64 6783/10344/64 6781/10250/64
f 6787/10348/1238 6788/10243/1238 6808/10246/1238 6805/10360/1238
f 6806/10361/1530 6807/10280/1530 6811/10283/1907 6812/10363/1907
f 6784/10346/1816 6785/10255/1816 6816/10258/2205 6813/10364/2205
f 6814/10365/1959 6815/10263/1959 6819/10266/44 6820/10367/44
f 6795/10244/1928 6793/10352/1928 6821/10368/1928 6822/10245/1928
f 6823/10281/6 6824/10271/6 6828/10270/6 6829/10282/6
f 6801/10256/1957 6799/10356/1957 6831/10372/1957 6832/10257/1957
f 6833/10264/9 6834/10290/9 6838/10289/9 6839/10265/9
f 6807/10280/6 6808/10246/6 6822/10245/6 6823/10281/6
f 6810/10247/6 6811/10283/6 6829/10282/6 6830/10248/6
f 6815/10263/9 6816/10258/9 6832/10257/9 6833/10264/9
f 6818/10235/9 6819/10266/9 6839/10265/9 6840/10236/9
f 6835/10409/1731 6831/10241/1731 6826/10240/1731 6827/10240/1731
f 6836/10254/49 6837/10410/49 6825/10251/49 6821/10251/49
f 6812/10273/1700 6809/10411/1700 6813/10412/1700 6814/10274/1700
f 6805/10259/1700 6806/10276/1700 6820/10275/1700 6817/10260/1700
f 6869/10394/2508 6870/10312/2508 6841/10315/2096 6842/10377/2096
f 6842/10284/49 6843/10338/49 6846/10285/49 6844/10285/49
f 6877/10398/57 6878/10300/57 6850/10303/2511 6851/10383/2511
f 6851/10326/47 6852/10332/47 6849/10327/47 6847/10327/47
f 6890/10313/1212 6886/10402/1212 6858/10386/1212 6856/10314/1212
f 6857/10339/2512 6858/10304/2512 6859/10307/2512 6860/10307/2512
f 6900/10301/1201 6896/10406/1201 6864/10390/1201 6862/10302/1201
f 6863/10333/1532 6864/10318/1532 6853/10317/1532 6854/10317/1532
f 6848/10308/64 6849/10381/64 6854/10385/64 6855/10309/64
f 6862/10302/2008 6863/10391/2008 6852/10382/2008 6850/10303/2008
f 6845/10320/53 6846/10379/53 6860/10389/53 6861/10321/53
f 6856/10314/1592 6857/10387/1592 6843/10376/1592 6841/10315/1592
f 6847/10380/1821 6848/10308/1821 6868/10311/2507 6865/10392/2507
f 6866/10393/2507 6867/10340/2507 6871/10343/2509 6872/10395/2509
f 6844/10378/48 6845/10320/48 6876/10323/1976 6873/10396/1976
f 6874/10397/1237 6875/10328/1237 6879/10331/1983 6880/10399/1983
f 6855/10309/58 6853/10384/58 6881/10400/58 6882/10310/58
f 6883/10341/6 6884/10269/6 6888/10272/6 6889/10342/6
f 6861/10321/1392 6859/10388/1392 6891/10404/1392 6892/10322/1392
f 6893/10329/9 6894/10288/9 6898/10291/9 6899/10330/9
f 6867/10340/6 6868/10311/6 6882/10310/6 6883/10341/6
f 6870/10312/6 6871/10343/6 6889/10342/6 6890/10313/6
f 6875/10328/9 6876/10323/9 6892/10322/9 6893/10329/9
f 6878/10300/9 6879/10331/9 6899/10330/9 6900/10301/9
f 6895/10413/1202 6891/10306/1202 6886/10305/1202 6887/10305/1202
f 6896/10319/1186 6897/10414/1186 6885/10316/1186 6881/10316/1186
f 6872/10334/1330 6869/10287/1330 6873/10286/1330 6874/10335/1330
f 6865/10324/1334 6866/10337/1334 6880/10336/1334 6877/10325/1334
f 6824/10271/1867 6825/10415/1867 6887/10416/1867 6888/10272/1867
f 6884/10269/2513 6885/10417/2513 6827/10418/2513 6828/10270/2513
f 6834/10290/1215 6835/10419/1215 6897/10420/1215 6898/10291/1215
f 6837/10421/2514 6838/10289/2514 6894/10288/2514 6895/10422/2514
f 6782/10408/534 6784/10279/534 6813/10412/1700 6809/10411/1700
f 6938/10423/9 6960/10424/9 6922/10425/9 6910/10426/9
f 6918/10427/2 6946/10428/2 6951/10429/2 6919/10430/2
f 6908/10431/6 6915/10432/6 6942/10433/6 6928/10434/6
f 6930/10435/6 6950/10436/6 6916/10437/6 6901/10438/6
f 6941/10439/2 6913/10440/2 6924/10441/2 6956/10442/2
f 6905/10443/9 6921/10444/9 6952/10445/9 6936/10446/9
f 6925/10447/534 6937/10448/534 6911/10449/4 6907/10450/4
f 6935/10451/9 6953/10452/9 6959/10453/9 6939/10454/9
f 6912/10455/5 6923/10456/5 6914/10440/5 6909/10450/5
f 7004/10457/6 6948/10458/6 6944/10459/6 7008/10460/6
f 6932/10461/534 6934/10462/534 6940/10463/534 6926/10464/534
f 6903/10465/7 6917/10466/7 6920/10430/7 6906/10467/7
f 6927/10468/6 6943/10469/6 6949/10470/6 6931/10471/6
f 6962/10472/2 6964/10473/2 6993/10474/907 6989/10475/907
f 7014/10476/9 6958/10477/9 6954/10478/9 7018/10479/9
f 7017/10480/3 6955/10481/3 6947/10482/3 7005/10483/3
f 7007/10484/5 6945/10485/5 6957/10486/5 7015/10487/5
f 6998/10488/9 7020/10489/9 6982/10490/9 6970/10491/9
f 6978/10492/4 7006/10493/4 7011/10494/4 6979/10495/4
f 6968/10496/6 6975/10497/6 7002/10498/6 6988/10499/6
f 6990/10500/6 7010/10501/6 6976/10502/6 6961/10503/6
f 7001/10504/4 6973/10505/4 6984/10506/4 7016/10507/4
f 6965/10508/9 6981/10509/9 7012/10510/9 6996/10511/9
f 6985/10512/1334 6997/10513/1334 6971/10514/2 6967/10515/2
f 6995/10516/9 7013/10517/9 7019/10518/9 6999/10519/9
f 6972/10520/3 6983/10521/3 6974/10505/3 6969/10515/3
f 6992/10522/907 6994/10523/907 7000/10524/1334 6986/10525/1334
f 6963/10526/1 6977/10527/1 6980/10495/1 6966/10473/1
f 6987/10528/6 7003/10529/6 7009/10530/6 6991/10531/6
f 6901/10438/2515 6903/10532/2515 6902/10533/2515
f 6904/10534/2516 6906/10535/2516 6905/10443/2516
f 6907/10536/2517 6909/10537/2517 6908/10431/2517
f 6910/10426/2518 6912/10538/2518 6911/10539/2518
f 6913/10540/29 6915/10432/29 6914/10541/29
f 6916/10437/2519 6918/10542/2519 6917/10543/2519
f 6919/10544/2520 6921/10444/2520 6920/10545/2520
f 6922/10425/2521 6924/10546/2521 6923/10547/2521
f 6925/10548/1530 6928/10434/1530 6927/10468/1881 6926/10549/1881
f 6929/10550/1530 6932/10551/1530 6931/10471/1530 6930/10435/1530
f 6933/10552/1392 6936/10446/1392 6935/10451/1392 6934/10553/1392
f 6937/10554/44 6940/10555/1214 6939/10454/1214 6938/10423/44
f 6941/10556/1940 6945/10557/1940 6944/10459/1940 6943/10469/1940 6942/10433/1940
f 6946/10558/1968 6950/10436/1968 6949/10470/1968 6948/10458/1968 6947/10559/1968
f 6951/10560/2522 6955/10561/2522 6954/10478/2522 6953/10452/2522 6952/10445/2522
f 6956/10562/2499 6960/10424/2499 6959/10453/2499 6958/10477/2499 6957/10563/2499
f 6961/10503/2523 6963/10564/2523 6962/10565/2523
f 6964/10566/2524 6966/10567/2524 6965/10508/2524
f 6967/10568/2525 6969/10569/2525 6968/10496/2525
f 6970/10491/2526 6972/10570/2526 6971/10571/2526
f 6973/10572/2527 6975/10497/2527 6974/10573/2527
f 6976/10502/2528 6978/10574/2528 6977/10575/2528
f 6979/10576/2529 6981/10509/2529 6980/10577/2529
f 6982/10490/1973 6984/10578/1973 6983/10579/1973
f 6985/10580/50 6988/10499/50 6987/10528/55 6986/10581/55
f 6989/10582/55 6992/10583/1235 6991/10531/1235 6990/10500/55
f 6993/10584/57 6996/10511/57 6995/10516/57 6994/10585/57
f 6997/10586/1609 7000/10587/48 6999/10519/48 6998/10488/1609
f 7001/10588/2530 7005/10589/2530 7004/10457/2530 7003/10529/2530 7002/10498/2530
f 7006/10590/1924 7010/10501/1924 7009/10530/1924 7008/10460/1924 7007/10591/1924
f 7011/10592/2531 7015/10593/2531 7014/10476/2531 7013/10517/2531 7012/10510/2531
f 7016/10594/2532 7020/10489/2532 7019/10518/2532 7018/10479/2532 7017/10595/2532
f 6929/10550/1530 6930/10435/1530 6901/10438/1820 6902/10533/1820
f 6902/10596/1186 6903/10465/1186 6906/10467/1186 6904/10467/1186
f 6937/10554/44 6938/10423/44 6910/10426/1981 6911/10539/1981
f 6911/10449/1202 6912/10455/1202 6909/10450/1202 6907/10450/1202
f 6950/10436/50 6946/10558/50 6918/10542/50 6916/10437/50
f 6917/10466/1731 6918/10427/1731 6919/10430/1731 6920/10430/1731
f 6960/10424/48 6956/10562/48 6924/10546/48 6922/10425/48
f 6923/10456/1527 6924/10441/1527 6913/10440/1527 6914/10440/1527
f 6908/10431/1592 6909/10537/1592 6914/10541/1592 6915/10432/1592
f 6922/10425/66 6923/10547/66 6912/10538/66 6910/10426/66
f 6905/10443/2533 6906/10535/2533 6920/10545/2533 6921/10444/2533
f 6916/10437/2513 6917/10543/2513 6903/10532/2513 6901/10438/2513
f 6907/10536/1530 6908/10431/1530 6928/10434/1530 6925/10548/1530
f 6926/10549/1881 6927/10468/1881 6931/10471/1530 6932/10551/1530
f 6904/10534/1392 6905/10443/1392 6936/10446/1392 6933/10552/1392
f 6934/10553/1392 6935/10451/1392 6939/10454/1214 6940/10555/1214
f 6915/10432/1928 6913/10540/1928 6941/10556/1928 6942/10433/1928
f 6943/10469/6 6944/10459/6 6948/10458/6 6949/10470/6
f 6921/10444/2534 6919/10544/2534 6951/10560/2534 6952/10445/2534
f 6953/10452/9 6954/10478/9 6958/10477/9 6959/10453/9
f 6927/10468/6 6928/10434/6 6942/10433/6 6943/10469/6
f 6930/10435/6 6931/10471/6 6949/10470/6 6950/10436/6
f 6935/10451/9 6936/10446/9 6952/10445/9 6953/10452/9
f 6938/10423/9 6939/10454/9 6959/10453/9 6960/10424/9
f 6955/10597/1929 6951/10429/1929 6946/10428/1929 6947/10428/1929
f 6956/10442/39 6957/10598/39 6945/10439/39 6941/10439/39
f 6932/10461/534 6929/10599/534 6933/10600/534 6934/10462/534
f 6925/10447/534 6926/10464/534 6940/10463/534 6937/10448/534
f 6989/10582/55 6990/10500/55 6961/10503/1821 6962/10565/1821
f 6962/10472/1608 6963/10526/1608 6966/10473/1608 6964/10473/1608
f 6997/10586/1609 6998/10488/1609 6970/10491/48 6971/10571/48
f 6971/10514/1731 6972/10520/1731 6969/10515/1731 6967/10515/1731
f 7010/10501/2535 7006/10590/2535 6978/10574/2535 6976/10502/2535
f 6977/10527/23 6978/10492/23 6979/10495/23 6980/10495/23
f 7020/10489/59 7016/10594/59 6984/10578/59 6982/10490/59
f 6983/10521/520 6984/10506/520 6973/10505/520 6974/10505/520
f 6968/10496/1982 6969/10569/1982 6974/10573/1982 6975/10497/1982
f 6982/10490/1316 6983/10579/1316 6972/10570/1316 6970/10491/1316
f 6965/10508/1219 6966/10567/1219 6980/10577/1219 6981/10509/1219
f 6976/10502/1494 6977/10575/1494 6963/10564/1494 6961/10503/1494
f 6967/10568/50 6968/10496/50 6988/10499/50 6985/10580/50
f 6986/10581/55 6987/10528/55 6991/10531/1235 6992/10583/1235
f 6964/10566/2536 6965/10508/2536 6996/10511/57 6993/10584/57
f 6994/10585/57 6995/10516/57 6999/10519/48 7000/10587/48
f 6975/10497/58 6973/10572/58 7001/10588/58 7002/10498/58
f 7003/10529/6 7004/10457/6 7008/10460/6 7009/10530/6
f 6981/10509/1981 6979/10576/1981 7011/10592/1981 7012/10510/1981
f 7013/10517/9 7014/10476/9 7018/10479/9 7019/10518/9
f 6987/10528/6 6988/10499/6 7002/10498/6 7003/10529/6
f 6990/10500/6 6991/10531/6 7009/10530/6 7010/10501/6
f 6995/10516/9 6996/10511/9 7012/10510/9 7013/10517/9
f 6998/10488/9 6999/10519/9 7019/10518/9 7020/10489/9
f 7015/10601/1202 7011/10494/1202 7006/10493/1202 7007/10493/1202
f 7016/10507/1186 7017/10602/1186 7005/10504/1186 7001/10504/1186
f 6992/10522/907 6989/10475/907 6993/10474/907 6994/10523/907
f 6985/10512/1334 6986/10525/1334 7000/10524/1334 6997/10513/1334
f 6944/10459/1867 6945/10603/1867 7007/10604/1867 7008/10460/1867
f 7004/10457/1982 7005/10605/1982 6947/10606/1982 6948/10458/1982
f 6954/10478/1340 6955/10607/1340 7017/10608/1340 7018/10479/1340
f 6957/10609/1240 6958/10477/1240 7014/10476/1240 7015/10610/1240
f 6902/10596/4 6904/10467/4 6933/10600/534 6929/10599/534
usemtl frame.02
f 3397/4939/1 3415/4940/1241 3418/4941/1241 3400/4942/1
f 3430/4943/1242 3431/4944/1243 3436/4945/1244 3433/4945/1245
f 3417/4946/6 3444/4947/6 3447/4948/6 3420/4948/6
f 3442/4949/45 3443/4950/45 3440/4951/45 3437/4952/45
f 3632/4953/1246 3644/4954/1247 3643/4955/1248 3629/4956/1249
f 3419/4957/8 3448/4958/1250 3449/4959/1250 3414/4960/8
f 3644/4961/1251 3659/4962/1251 3646/4963/1251 3643/4964/1251
f 3634/4965/1252 3640/4966/1253 3641/4967/1254 3635/4968/1255
f 3634/4965/1256 3635/4968/1256 3405/4977/1256 3406/4978/1256
f 3594/4979/1257 3474/4980/1257 3478/4981/1258 3527/4982/1258
f 3518/4983/1259 3495/4984/1259 3484/4985/1260 3543/4985/1260
f 3575/4986/1261 3475/4987/1261 3474/4980/1257 3594/4979/1257
f 3413/4988/9 3450/4989/1262 3439/4990/1262 3416/4991/9
f 3434/4992/1263 3435/4993/1264 3422/4994/1265 3423/4995/1266
f 3546/4996/1267 3479/4997/1267 3500/4998/1268 3515/4998/1268
f 3403/4999/3 3419/4957/8 3414/4960/8 3402/5000/3
f 3399/5001/6 3417/4946/6 3420/4948/6 3404/5002/6
f 3599/5011/5 3610/5012/5 3501/5013/5 3572/5014/5
f 3536/5015/1269 3537/5016/1269 3606/5017/1269 3607/5018/1269
f 3603/5019/9 3598/5020/9 3549/5021/9 3584/5022/9
f 3445/5023/534 3434/4992/534 3423/4995/1268 3452/5024/534
f 3415/4940/1241 3440/4951/1270 3443/4950/1270 3418/4941/1241
f 3426/5025/1271 3427/5026/1272 3432/5027/1273 3429/5028/1274
f 3451/5029/534 3424/5030/1268 3425/5031/534 3438/5032/534
f 3437/4952/534 3426/5025/1275 3429/5028/1276 3442/4949/534
f 3441/5033/534 3430/4943/1276 3433/4945/534 3446/5034/534
f 3424/5030/58 3421/5035/58 3428/5036/1277 3425/5031/1278
f 3452/5024/1279 3449/4959/1280 3448/4958/1281 3445/5023/1282
f 3438/5032/1283 3439/4990/1284 3450/4989/1285 3451/5029/1286
f 3446/5034/1287 3447/4948/1288 3444/4947/1289 3441/5033/1290
f 3611/5037/6 3606/5038/6 3537/5039/6 3524/5040/6
f 3630/5041/1291 3637/5042/1292 3638/5043/1293 3631/5044/1294
f 3639/5045/1295 3651/5046/1295 3654/5047/1295 3640/5048/1295
f 3613/5049/1296 3648/5050/1297 3645/5051/1298 3616/5052/1299
f 3612/5053/1177 3623/5054/1177 3618/5055/1177 3605/5056/1300
f 3610/5012/52 3611/5057/52 3524/5058/52 3501/5013/52
f 3604/5059/1301 3615/5060/1301 3626/5061/1301 3597/5062/1301
f 3607/5018/3 3602/5063/3 3585/5064/3 3536/5015/3
f 3414/4960/1302 3413/5065/1302 3401/5066/1303 3402/5000/1303
f 3397/4939/1304 3398/5067/1304 3416/5068/1305 3415/4940/1305
f 3399/5069/1306 3400/4942/1306 3418/4941/1307 3417/5070/1307
f 3403/4999/1308 3404/5071/1308 3420/5072/1309 3419/4957/1309
f 3422/4994/1265 3421/5073/1310 3424/5074/1310 3423/4995/1266
f 3426/5025/1271 3425/5075/1278 3428/5076/1277 3427/5026/1272
f 3430/5077/1242 3429/5028/1274 3432/5027/1273 3431/5078/1243
f 3434/4992/1263 3433/5079/1245 3436/5080/1244 3435/4993/1264
f 3450/5081/1285 3449/4959/1280 3452/5024/1279 3451/5082/1286
f 3446/5083/1287 3445/5023/1282 3448/4958/1281 3447/5084/1288
f 3442/4949/1311 3441/5085/1290 3444/5086/1289 3443/4950/1311
f 3438/5087/1283 3437/4952/1312 3440/4951/1312 3439/5088/1284
f 3512/5089/52 3513/5090/52 3421/5073/52 3422/4994/52
f 3551/5091/1313 3463/5092/1313 3462/5093/1314 3570/5094/1314
f 3433/5079/534 3434/4992/534 3445/5023/534 3446/5083/534
f 3451/5082/534 3452/5024/534 3423/4995/1268 3424/5074/1268
f 3437/4952/534 3438/5087/534 3425/5075/534 3426/5025/1275
f 3560/5095/1315 3561/5096/1315 3435/4993/1315 3436/5080/1315
f 3441/5085/534 3442/4949/534 3429/5028/1276 3430/5077/1276
f 3475/4987/1316 3476/5097/1316 3473/5098/1316 3474/4980/1316
f 3439/5088/1317 3440/4951/1317 3415/4940/1305 3416/5068/1305
f 3417/5070/1307 3418/4941/1307 3443/4950/1318 3444/5086/1318
f 3449/4959/1319 3450/5081/1319 3413/5065/1302 3414/4960/1302
f 3419/4957/1309 3420/5072/1309 3447/5084/1320 3448/4958/1320
f 3401/5099/9 3413/4988/9 3416/4991/9 3398/5100/9
f 3591/5101/1321 3469/5102/1321 3472/5103/1322 3578/5104/1322
f 3587/5105/1323 3465/5106/1323 3468/5107/1324 3582/5108/1324
f 3552/5109/66 3569/5110/66 3568/5111/66 3553/5112/66
f 3550/5113/1325 3464/5114/1325 3467/5115/1326 3583/5115/1326
f 3574/5116/1327 3476/5117/1327 3455/5118/1328 3559/5119/1328
f 3528/5120/1216 3545/5121/1216 3544/5122/1216 3529/5123/1216
f 3532/5124/1216 3541/5125/1216 3540/5126/1216 3533/5127/1216
f 3608/5128/907 3605/5129/1300 3618/5130/1177 3619/5131/907
f 3504/5132/1329 3521/5133/1329 3520/5134/1329 3505/5135/1329
f 3570/5094/1314 3462/5093/1314 3490/5136/1259 3503/5137/1259
f 3562/5138/1330 3454/5139/1330 3498/5140/1330 3511/5141/1330
f 3519/5142/1176 3496/5143/1176 3493/5144/1331 3506/5145/1331
f 3508/5146/1329 3517/5147/1329 3516/5148/1329 3509/5149/1329
f 3515/5150/1268 3500/5151/1268 3497/5152/1332 3510/5153/1332
f 3582/5154/1324 3468/5155/1324 3463/5156/1313 3551/5157/1313
f 3556/5158/1333 3565/5159/1333 3564/5160/1333 3557/5161/1333
f 3578/5162/1322 3472/5163/1322 3459/5164/1334 3555/5164/1334
f 3526/5165/1335 3477/5166/1335 3473/5098/1300 3595/5167/1300
f 3547/5168/1336 3480/5169/1336 3477/5166/1335 3526/5165/1335
f 3522/5170/1313 3491/5171/1313 3488/5172/1336 3539/5173/1336
f 3586/5174/1337 3466/5175/1337 3486/5176/1338 3535/5177/1338
f 3590/5178/1326 3470/5179/1326 3482/5180/1339 3531/5181/1339
f 3527/4982/1258 3478/4981/1258 3479/5182/1267 3546/5183/1267
f 3576/5184/1340 3593/5185/1340 3592/5186/1340 3577/5187/1340
f 3531/5181/1339 3482/5180/1339 3483/5188/1341 3542/5189/1341
f 3565/5159/5 3508/5146/5 3509/5149/5 3564/5160/5
f 3567/5190/1342 3457/5191/1342 3460/5192/1343 3554/5193/1343
f 3427/5026/1344 3428/5076/1344 3548/5194/1344 3525/5195/1344
f 3571/5196/1345 3461/5197/1345 3464/5198/1325 3550/5199/1325
f 3581/5200/9 3552/5157/9 3553/5201/9 3580/5202/9
f 3511/5141/1330 3498/5140/1330 3499/5203/1346 3514/5204/1346
f 3535/5177/1338 3486/5176/1338 3487/5205/1347 3538/5206/1347
f 3629/5207/1348 3630/5041/1348 3409/5208/1348 3410/5209/1348
f 3514/5210/1346 3499/5211/1346 3480/5212/1336 3547/5213/1336
f 3529/5123/3 3592/5186/3 3593/5185/3 3528/5120/3
f 3517/5214/6 3544/5215/6 3545/5216/6 3516/5217/6
f 3583/5218/1326 3467/5219/1326 3466/5175/1337 3586/5174/1337
f 3566/5220/1349 3458/5221/1349 3494/5222/1350 3507/5223/1350
f 3513/5224/6 3548/5225/6 3428/5036/6 3421/5035/6
f 3569/5110/5 3504/5132/5 3505/5135/5 3568/5111/5
f 3507/5223/1350 3494/5222/1350 3495/5226/1259 3518/5227/1259
f 3558/5228/1343 3456/5229/1343 3475/5230/1261 3575/5230/1261
f 3521/5231/6 3540/5173/6 3541/5232/6 3520/5233/6
f 3608/5128/907 3619/5131/907 3614/5234/1351 3601/5235/907
f 3614/5234/1351 3615/5236/1301 3604/5237/1301 3601/5235/907
f 3542/5238/1341 3483/5239/1341 3496/5240/1176 3519/5241/1176
f 3534/5242/1352 3485/5243/1352 3465/5106/1323 3587/5105/1323
f 3523/5244/1353 3492/5245/1353 3489/5246/1337 3502/5247/1337
f 3471/5248/60 3472/5103/60 3469/5102/60 3470/5179/60
f 3467/5219/1354 3468/5107/1354 3465/5106/1354 3466/5175/1354
f 3463/5092/53 3464/5198/53 3461/5197/53 3462/5093/53
f 3459/5249/66 3460/5192/66 3457/5191/66 3458/5221/66
f 3455/5250/1333 3456/5251/1333 3453/5252/1333 3454/5139/1333
f 3478/4981/1355 3477/5166/1355 3480/5169/1355 3479/5182/1355
f 3482/5180/1356 3481/5253/1356 3484/5254/1356 3483/5188/1356
f 3486/5176/1357 3485/5243/1357 3488/5255/1357 3487/5205/1357
f 3490/5136/1358 3489/5246/1358 3492/5245/1358 3491/5256/1358
f 3494/5222/1359 3493/5144/1359 3496/5143/1359 3495/5226/1359
f 3498/5140/1359 3497/5152/1359 3500/5151/1359 3499/5203/1359
f 3462/5093/1 3461/5197/1 3489/5246/1 3490/5136/1
f 3458/5221/1 3457/5191/1 3493/5144/1 3494/5222/1
f 3454/5139/1 3453/5252/1 3497/5152/1 3498/5140/1
f 3468/5155/1360 3467/5115/1360 3464/5114/1360 3463/5156/1360
f 3472/5163/1360 3471/5257/1360 3460/5258/1360 3459/5164/1360
f 3476/5117/1360 3475/5230/1360 3456/5229/1360 3455/5118/1360
f 3491/5171/1361 3492/5259/1361 3487/5260/1361 3488/5172/1361
f 3495/4984/1361 3496/5240/1361 3483/5239/1361 3484/4985/1361
f 3499/5211/1361 3500/4998/1361 3479/4997/1361 3480/5212/1361
f 3485/5243/1362 3486/5176/1362 3466/5175/1362 3465/5106/1362
f 3481/5253/7 3482/5180/7 3470/5179/7 3469/5102/7
f 3477/5166/3 3478/4981/3 3474/4980/3 3473/5098/3
f 3600/5261/907 3627/5262/907 3622/5263/907 3609/5264/907
f 3600/5261/907 3597/5265/1301 3626/5266/1301 3627/5262/907
f 3539/5267/1336 3488/5255/1336 3485/5243/1352 3534/5242/1352
f 3533/5127/3 3588/5268/3 3589/5269/3 3532/5124/3
f 3563/5270/1363 3453/5252/1363 3456/5251/1343 3558/5271/1343
f 3506/5145/1331 3493/5144/1331 3457/5191/1342 3567/5190/1342
f 3525/5195/3 3596/5272/3 3432/5027/3 3427/5026/3
f 3431/5078/1340 3432/5027/1340 3596/5272/1340 3573/5273/1340
f 3555/5274/1334 3459/5249/1334 3458/5221/1349 3566/5220/1349
f 3577/5275/9 3556/5276/9 3557/5277/9 3576/5230/9
f 3543/5278/1260 3484/5254/1260 3481/5253/1364 3530/5279/1364
f 3530/5279/1364 3481/5253/1364 3469/5102/1321 3591/5101/1321
f 3595/5167/1300 3473/5098/1300 3476/5097/1327 3574/5280/1327
f 3561/5096/5 3512/5089/5 3422/4994/5 3435/4993/5
f 3580/5281/1340 3589/5269/1340 3588/5268/1340 3581/5282/1340
f 3559/5283/1328 3455/5250/1328 3454/5139/1330 3562/5138/1330
f 3554/5284/1343 3460/5258/1343 3471/5257/1176 3579/5202/1176
f 3584/5285/1365 3585/5064/1365 3602/5063/1365 3603/5286/1365
f 3538/5287/1347 3487/5260/1347 3492/5259/1353 3523/5259/1353
f 3510/5153/1332 3497/5152/1332 3453/5252/1363 3563/5270/1363
f 3579/5288/1176 3471/5248/1176 3470/5179/1326 3590/5178/1326
f 3622/5263/907 3623/5289/1177 3612/5290/1177 3609/5264/907
f 3573/5291/9 3560/5292/9 3436/4945/9 3431/4944/9
f 3503/5137/1259 3490/5136/1259 3491/5256/1313 3522/5293/1313
f 3576/5184/1366 3575/4986/1366 3594/4979/1366 3593/5185/1366
f 3596/5272/1367 3595/5167/1367 3574/5280/1367 3573/5273/1367
f 3580/5281/1368 3579/5288/1368 3590/5178/1368 3589/5269/1368
f 3592/5186/1369 3591/5101/1369 3578/5104/1369 3577/5187/1369
f 3584/5285/1368 3583/5218/1368 3586/5174/1368 3585/5064/1368
f 3588/5268/1370 3587/5105/1370 3582/5108/1370 3581/5282/1370
f 3552/5109/1371 3551/5091/1371 3570/5094/1371 3569/5110/1371
f 3572/5014/1372 3571/5196/1372 3550/5199/1372 3549/5294/1372
f 3556/5158/1373 3555/5274/1373 3566/5220/1373 3565/5159/1373
f 3568/5111/1374 3567/5190/1374 3554/5193/1374 3553/5112/1374
f 3560/5095/1375 3559/5283/1375 3562/5138/1375 3561/5096/1375
f 3564/5160/1376 3563/5270/1376 3558/5271/1376 3557/5161/1376
f 3528/5120/1377 3527/4982/1377 3546/5183/1377 3545/5121/1377
f 3548/5194/1378 3547/5168/1378 3526/5165/1378 3525/5195/1378
f 3532/5124/1379 3531/5181/1379 3542/5189/1379 3541/5125/1379
f 3544/5122/1380 3543/5278/1380 3530/5279/1380 3529/5123/1380
f 3536/5015/1381 3535/5177/1381 3538/5206/1381 3537/5016/1381
f 3540/5126/1382 3539/5267/1382 3534/5242/1382 3533/5127/1382
f 3504/5132/1383 3503/5137/1383 3522/5293/1383 3521/5133/1383
f 3524/5058/1384 3523/5244/1384 3502/5247/1384 3501/5013/1384
f 3508/5146/1385 3507/5223/1385 3518/5227/1385 3517/5147/1385
f 3520/5134/1386 3519/5142/1386 3506/5145/1386 3505/5135/1386
f 3512/5089/1387 3511/5141/1387 3514/5204/1387 3513/5090/1387
f 3516/5148/1388 3515/5150/1388 3510/5153/1388 3509/5149/1388
f 3569/5110/39 3570/5094/39 3503/5137/39 3504/5132/39
f 3501/5013/1202 3502/5247/1202 3571/5196/1202 3572/5014/1202
f 3565/5159/1389 3566/5220/1389 3507/5223/1389 3508/5146/1389
f 3505/5135/1390 3506/5145/1390 3567/5190/1390 3568/5111/1390
f 3561/5096/1391 3562/5138/1391 3511/5141/1391 3512/5089/1391
f 3509/5149/1226 3510/5153/1226 3563/5270/1226 3564/5160/1226
f 3581/5200/48 3582/5154/48 3551/5157/48 3552/5157/48
f 3549/5021/59 3550/5113/59 3583/5115/59 3584/5022/59
f 3577/5275/48 3578/5162/48 3555/5164/48 3556/5276/48
f 3553/5201/1201 3554/5284/1201 3579/5202/1201 3580/5202/1201
f 3573/5291/48 3574/5116/48 3559/5119/48 3560/5292/48
f 3557/5277/1392 3558/5228/1392 3575/5230/1392 3576/5230/1392
f 3521/5231/50 3522/5170/50 3539/5173/50 3540/5173/50
f 3537/5039/46 3538/5287/46 3523/5259/46 3524/5040/46
f 3517/5214/50 3518/4983/50 3543/4985/50 3544/5215/50
f 3541/5232/58 3542/5238/58 3519/5241/58 3520/5233/58
f 3513/5224/1393 3514/5210/1393 3547/5213/1393 3548/5225/1393
f 3545/5216/1394 3546/4996/1394 3515/4998/1394 3516/5217/1394
f 3533/5127/47 3534/5242/47 3587/5105/47 3588/5268/47
f 3585/5064/1186 3586/5174/1186 3535/5177/1186 3536/5015/1186
f 3529/5123/1395 3530/5279/1395 3591/5101/1395 3592/5186/1395
f 3589/5269/20 3590/5178/20 3531/5181/20 3532/5124/20
f 3525/5195/1396 3526/5165/1396 3595/5167/1396 3596/5272/1396
f 3593/5185/1397 3594/4979/1397 3527/4982/1397 3528/5120/1397
f 3502/5247/1337 3489/5246/1337 3461/5197/1345 3571/5196/1345
f 3614/5234/1398 3613/5049/1398 3616/5052/1398 3615/5236/1398
f 3618/5130/1399 3617/5295/1399 3620/5296/1399 3619/5131/1399
f 3622/5263/1400 3621/5297/1400 3624/5298/1400 3623/5289/1400
f 3626/5266/1401 3625/5299/1401 3628/5300/1401 3627/5262/1401
f 3606/5301/1402 3605/5129/1402 3608/5128/1402 3607/5302/1402
f 3610/5303/1403 3609/5264/1403 3612/5290/1403 3611/5304/1403
f 3598/5305/1404 3597/5265/1404 3600/5261/1404 3599/5306/1404
f 3602/5307/1405 3601/5235/1405 3604/5237/1405 3603/5308/1405
f 3609/5264/1406 3610/5303/1406 3599/5306/1406 3600/5261/1406
f 3621/5297/1407 3622/5263/1407 3627/5262/1407 3628/5300/1407
f 3597/5062/1408 3598/5309/1408 3603/5059/1408 3604/5059/1408
f 3625/5310/1409 3626/5061/1409 3615/5060/1409 3616/5311/1409
f 3601/5235/1410 3602/5307/1410 3607/5302/1410 3608/5128/1410
f 3613/5049/1411 3614/5234/1411 3619/5131/1411 3620/5296/1411
f 3605/5056/1412 3606/5312/1412 3611/5313/1412 3612/5053/1412
f 3617/5314/1413 3618/5055/1413 3623/5054/1413 3624/5054/1413
f 3598/5315/1315 3599/5011/1315 3572/5014/1315 3549/5294/1315
f 3633/5316/1414 3639/5317/1415 3640/5318/1253 3634/5319/1252
f 3405/4977/1416 3635/4968/1416 3636/5320/1416 3412/5321/1416
f 3407/5322/1417 3633/5316/1417 3634/5319/1417 3406/5323/1417
f 3409/5208/1418 3630/5041/1418 3631/5044/1418 3408/5324/1418
f 3644/5325/1419 3642/5326/1419 3658/5327/1419 3659/5328/1419
f 3411/5329/1420 3632/4953/1420 3629/4956/1420 3410/5330/1420
f 3407/5331/1421 3408/5324/1421 3631/5044/1421 3633/5332/1421
f 3411/5333/1422 3412/5321/1422 3636/5320/1422 3632/5334/1422
f 3624/5054/1423 3653/5335/1424 3652/5336/1425 3617/5314/1426
f 3646/5337/1427 3647/5338/1427 3637/5339/1427 3643/5340/1427
f 3617/5295/1426 3652/5341/1425 3649/5342/1428 3620/5296/1429
f 3621/5297/1430 3656/5343/1431 3653/5344/1424 3624/5298/1423
f 3625/5299/1432 3660/5345/1433 3657/5346/1434 3628/5300/1435
f 3620/5296/1429 3649/5342/1428 3648/5050/1297 3613/5049/1296
f 3628/5300/1435 3657/5346/1434 3656/5343/1431 3621/5297/1430
f 3654/5347/1436 3655/5348/1436 3641/5349/1436 3640/5350/1436
f 3641/5349/1437 3655/5348/1437 3658/5327/1437 3642/5326/1437
f 3631/5044/1294 3638/5043/1293 3639/5351/1415 3633/5332/1414
f 3637/5339/1438 3647/5338/1438 3650/5352/1438 3638/5353/1438
f 3636/5320/1439 3642/5354/1440 3644/5355/1247 3632/5334/1246
f 3629/5207/1249 3643/5356/1248 3637/5042/1292 3630/5041/1291
f 3635/4968/1255 3641/4967/1254 3642/5354/1440 3636/5320/1439
f 3639/5357/1441 3638/5353/1441 3650/5352/1441 3651/5358/1441
f 3646/5337/1442 3645/5051/1442 3648/5050/1442 3647/5338/1442
f 3650/5352/1443 3649/5342/1443 3652/5341/1443 3651/5358/1443
f 3654/5347/1444 3653/5344/1444 3656/5343/1444 3655/5348/1444
f 3658/5327/1445 3657/5346/1445 3660/5345/1445 3659/5328/1445
f 3655/5348/1446 3656/5343/1446 3657/5346/1446 3658/5327/1446
f 3659/4962/1447 3660/5359/1447 3645/5360/1447 3646/4963/1447
f 3647/5338/1448 3648/5050/1448 3649/5342/1448 3650/5352/1448
f 3651/5046/1449 3652/5336/1449 3653/5335/1449 3654/5047/1449
f 3616/5311/1299 3645/5360/1298 3660/5359/1433 3625/5310/1432
f 3661/5361/1 3679/5362/1450 3682/5363/1450 3664/5364/1
f 3694/5365/1451 3695/5366/1452 3700/5367/1453 3697/5368/1454
f 3681/5369/6 3708/5370/6 3711/5371/6 3684/5371/6
f 3706/5372/45 3707/5373/45 3704/5374/45 3701/5375/45
f 3896/5376/1246 3908/5377/1247 3907/5378/1248 3893/5379/1455
f 3683/5380/8 3712/5381/1250 3713/5382/1250 3678/5383/8
f 3908/5384/1251 3923/5385/1251 3910/5386/1251 3907/5387/1251
f 3898/5388/1252 3904/5389/1253 3905/5390/1456 3899/5391/1255
f 3898/5388/1256 3899/5391/1256 3669/5392/1256 3670/5393/1256
f 3858/5394/1267 3738/5395/1267 3742/5396/1457 3791/5397/1457
f 3782/5398/1259 3759/5399/1259 3748/5400/1346 3807/5401/1346
f 3839/5402/1458 3739/5403/1458 3738/5395/1267 3858/5394/1267
f 3677/5404/516 3714/5405/516 3703/5406/516 3680/5407/516
f 3698/5408/1459 3699/5409/1460 3686/5410/1461 3687/5411/1266
f 3810/5412/1267 3743/5413/1267 3764/5414/1462 3779/5414/1462
f 3667/5415/3 3683/5380/8 3678/5383/8 3666/5416/3
f 3663/5417/6 3681/5369/6 3684/5371/6 3668/5418/6
f 3863/5427/5 3874/5428/5 3765/5429/5 3836/5430/5
f 3800/5431/1216 3801/5432/1216 3870/5433/1216 3871/5434/1216
f 3867/5435/9 3862/5436/9 3813/5437/9 3848/5438/9
f 3709/5439/534 3698/5408/534 3687/5411/1268 3716/5440/534
f 3679/5362/1450 3704/5374/1463 3707/5373/1463 3682/5363/1450
f 3690/5441/1271 3691/5442/1272 3696/5443/1464 3693/5444/1465
f 3715/5405/534 3688/5445/1268 3689/5446/534 3702/5447/534
f 3701/5375/534 3690/5441/1275 3693/5444/1268 3706/5372/534
f 3705/5448/534 3694/5365/1268 3697/5368/534 3710/5449/534
f 3688/5445/1466 3685/5450/1467 3692/5451/1468 3689/5446/1469
f 3716/5440/1470 3713/5382/1471 3712/5381/1472 3709/5439/1472
f 3702/5447/1473 3703/5406/1474 3714/5405/1475 3715/5405/1476
f 3710/5449/1477 3711/5371/1478 3708/5370/1479 3705/5448/1480
f 3875/5452/6 3870/5453/6 3801/5454/6 3788/5455/6
f 3894/5456/1291 3901/5457/1292 3902/5458/1293 3895/5459/1294
f 3903/5460/1295 3915/5461/1295 3918/5462/1295 3904/5463/1295
f 3877/5464/1481 3912/5465/1297 3909/5466/1298 3880/5467/1299
f 3876/5468/1300 3887/5469/1300 3882/5470/1300 3869/5471/1300
f 3874/5428/1482 3875/5472/1482 3788/5473/1482 3765/5429/1482
f 3868/5474/1301 3879/5475/1301 3890/5476/1335 3861/5477/1301
f 3871/5434/7 3866/5478/7 3849/5479/7 3800/5431/7
f 3678/5383/1302 3677/5480/1302 3665/5481/1303 3666/5416/1303
f 3661/5361/1483 3662/5482/1483 3680/5483/1484 3679/5362/1484
f 3663/5484/1306 3664/5364/1306 3682/5363/1307 3681/5485/1307
f 3667/5415/1308 3668/5486/1308 3684/5487/1485 3683/5380/1485
f 3686/5410/1461 3685/5488/1467 3688/5489/1466 3687/5411/1266
f 3690/5441/1271 3689/5490/1469 3692/5491/1468 3691/5442/1272
f 3694/5492/1451 3693/5444/1465 3696/5443/1464 3695/5493/1452
f 3698/5408/1459 3697/5494/1454 3700/5495/1453 3699/5409/1460
f 3714/5496/1475 3713/5382/1471 3716/5440/1470 3715/5497/1476
f 3710/5498/1477 3709/5439/1486 3712/5381/1486 3711/5499/1478
f 3706/5372/1487 3705/5500/1480 3708/5501/1479 3707/5373/1487
f 3702/5502/1473 3701/5375/1488 3704/5374/1488 3703/5503/1474
f 3776/5504/1329 3777/5505/1329 3685/5488/1329 3686/5410/1329
f 3815/5506/1335 3727/5507/1335 3726/5508/1314 3834/5509/1314
f 3697/5494/534 3698/5408/534 3709/5439/534 3710/5498/534
f 3715/5497/534 3716/5440/534 3687/5411/1268 3688/5489/1268
f 3701/5375/534 3702/5502/534 3689/5490/534 3690/5441/1275
f 3824/5510/1315 3825/5511/1315 3699/5409/1315 3700/5495/1315
f 3705/5500/534 3706/5372/534 3693/5444/1268 3694/5492/1268
f 3739/5403/1489 3740/5512/1489 3737/5513/1489 3738/5395/1489
f 3703/5503/1490 3704/5374/1490 3679/5362/1484 3680/5483/1484
f 3681/5485/1307 3682/5363/1307 3707/5373/1318 3708/5501/1318
f 3713/5382/1491 3714/5496/1491 3677/5480/1302 3678/5383/1302
f 3683/5380/1485 3684/5487/1485 3711/5499/1492 3712/5381/1492
f 3665/5514/9 3677/5404/516 3680/5407/516 3662/5515/9
f 3855/5516/1323 3733/5517/1323 3736/5518/1327 3842/5519/1327
f 3851/5520/1350 3729/5521/1350 3732/5522/1350 3846/5523/1350
f 3816/5524/66 3833/5525/66 3832/5526/66 3817/5527/66
f 3814/5528/1325 3728/5529/1325 3731/5530/1326 3847/5530/1326
f 3838/5531/1327 3740/5532/1327 3719/5533/1350 3823/5534/1350
f 3792/5535/1355 3809/5536/1355 3808/5537/1355 3793/5538/1355
f 3796/5539/1493 3805/5540/1493 3804/5541/1493 3797/5542/1493
f 3872/5543/907 3869/5544/1300 3882/5545/1300 3883/5546/907
f 3768/5547/1494 3785/5548/1494 3784/5549/1494 3769/5550/1494
f 3834/5509/1314 3726/5508/1314 3754/5551/1259 3767/5552/1259
f 3826/5553/1330 3718/5554/1330 3762/5555/1330 3775/5556/1330
f 3783/5557/1462 3760/5558/1462 3757/5559/1331 3770/5560/1331
f 3772/5561/1482 3781/5562/1482 3780/5563/1482 3773/5564/1482
f 3779/5565/1462 3764/5566/1462 3761/5567/1332 3774/5568/1332
f 3846/5569/1350 3732/5570/1350 3727/5571/1335 3815/5572/1335
f 3820/5573/53 3829/5574/53 3828/5575/53 3821/5576/53
f 3842/5577/1327 3736/5578/1327 3723/5579/1334 3819/5579/1334
f 3790/5580/1495 3741/5581/1495 3737/5513/1259 3859/5582/1259
f 3811/5583/1336 3744/5584/1336 3741/5581/1495 3790/5580/1495
f 3786/5585/1335 3755/5586/1335 3752/5587/1496 3803/5588/1496
f 3850/5589/1326 3730/5590/1326 3750/5591/1497 3799/5592/1497
f 3854/5593/1498 3734/5594/1498 3746/5595/1347 3795/5596/1347
f 3791/5397/1457 3742/5396/1457 3743/5597/1267 3810/5598/1267
f 3840/5599/1215 3857/5600/1215 3856/5601/1215 3841/5602/1215
f 3795/5596/1347 3746/5595/1347 3747/5603/1347 3806/5604/1347
f 3829/5574/1 3772/5561/1 3773/5564/1 3828/5575/1
f 3831/5605/1499 3721/5606/1499 3724/5607/1343 3818/5608/1343
f 3691/5442/1355 3692/5491/1355 3812/5609/1355 3789/5610/1355
f 3835/5611/1500 3725/5612/1500 3728/5613/1325 3814/5614/1325
f 3845/5615/9 3816/5572/9 3817/5616/9 3844/5617/9
f 3775/5556/1330 3762/5555/1330 3763/5618/1260 3778/5619/1260
f 3799/5592/1497 3750/5591/1497 3751/5620/1497 3802/5621/1497
f 3893/5622/1501 3894/5456/1501 3673/5623/1501 3674/5624/1501
f 3778/5625/1260 3763/5626/1260 3744/5627/1336 3811/5628/1336
f 3793/5538/7 3856/5601/7 3857/5600/7 3792/5535/7
f 3781/5629/6 3808/5630/6 3809/5631/6 3780/5414/6
f 3847/5632/1326 3731/5633/1326 3730/5590/1326 3850/5589/1326
f 3830/5634/1349 3722/5635/1349 3758/5636/1350 3771/5637/1350
f 3777/5638/6 3812/5639/6 3692/5451/6 3685/5450/6
f 3833/5525/5 3768/5547/5 3769/5550/5 3832/5526/5
f 3771/5637/1350 3758/5636/1350 3759/5640/1259 3782/5641/1259
f 3822/5642/1343 3720/5643/1343 3739/5644/1458 3839/5645/1458
f 3785/5646/6 3804/5647/6 3805/5648/6 3784/5649/6
f 3872/5543/907 3883/5546/907 3878/5650/907 3865/5651/907
f 3878/5650/907 3879/5652/1301 3868/5653/1301 3865/5651/907
f 3806/5654/1347 3747/5655/1347 3760/5656/1462 3783/5657/1462
f 3798/5658/1364 3749/5659/1364 3729/5521/1350 3851/5520/1350
f 3787/5660/1498 3756/5661/1498 3753/5662/1502 3766/5663/1502
f 3735/5664/1503 3736/5518/1503 3733/5517/1503 3734/5594/1503
f 3731/5633/1354 3732/5522/1354 3729/5521/1354 3730/5590/1354
f 3727/5507/1504 3728/5613/1504 3725/5612/1504 3726/5508/1504
f 3723/5665/66 3724/5607/66 3721/5606/66 3722/5635/66
f 3719/5666/66 3720/5667/66 3717/5668/66 3718/5554/66
f 3742/5396/1505 3741/5581/1505 3744/5584/1505 3743/5597/1505
f 3746/5595/1506 3745/5669/1506 3748/5670/1506 3747/5603/1506
f 3750/5591/1357 3749/5659/1357 3752/5671/1357 3751/5620/1357
f 3754/5551/52 3753/5662/52 3756/5661/52 3755/5672/52
f 3758/5636/1494 3757/5559/1494 3760/5558/1494 3759/5640/1494
f 3762/5555/1494 3761/5567/1494 3764/5566/1494 3763/5618/1494
f 3726/5508/1 3725/5612/1 3753/5662/1 3754/5551/1
f 3722/5635/1 3721/5606/1 3757/5559/1 3758/5636/1
f 3718/5554/1 3717/5668/1 3761/5567/1 3762/5555/1
f 3732/5570/9 3731/5530/9 3728/5529/9 3727/5571/9
f 3736/5578/9 3735/5673/9 3724/5674/9 3723/5579/9
f 3740/5532/9 3739/5644/9 3720/5643/9 3719/5533/9
f 3755/5586/1361 3756/5455/1361 3751/5675/1361 3752/5587/1361
f 3759/5399/1361 3760/5656/1361 3747/5655/1361 3748/5400/1361
f 3763/5626/1361 3764/5414/1361 3743/5413/1361 3744/5627/1361
f 3749/5659/1362 3750/5591/1362 3730/5590/1362 3729/5521/1362
f 3745/5669/7 3746/5595/7 3734/5594/7 3733/5517/7
f 3741/5581/3 3742/5396/3 3738/5395/3 3737/5513/3
f 3864/5676/907 3891/5677/907 3886/5678/907 3873/5679/907
f 3864/5676/907 3861/5680/1301 3890/5681/1335 3891/5677/907
f 3803/5682/1496 3752/5671/1496 3749/5659/1364 3798/5658/1364
f 3797/5542/3 3852/5683/3 3853/5684/3 3796/5539/3
f 3827/5685/1507 3717/5668/1507 3720/5667/1343 3822/5686/1343
f 3770/5560/1331 3757/5559/1331 3721/5606/1499 3831/5605/1499
f 3789/5610/3 3860/5687/3 3696/5443/3 3691/5442/3
f 3695/5493/1340 3696/5443/1340 3860/5687/1340 3837/5688/1340
f 3819/5689/1334 3723/5665/1334 3722/5635/1349 3830/5634/1349
f 3841/5690/9 3820/5691/9 3821/5692/9 3840/5693/9
f 3807/5694/1346 3748/5670/1346 3745/5669/1352 3794/5695/1352
f 3794/5695/1352 3745/5669/1352 3733/5517/1323 3855/5516/1323
f 3859/5582/1259 3737/5513/1259 3740/5512/1327 3838/5696/1327
f 3825/5511/5 3776/5504/5 3686/5410/5 3699/5409/5
f 3844/5697/1508 3853/5684/1508 3852/5683/1508 3845/5698/1508
f 3823/5699/1350 3719/5666/1350 3718/5554/1330 3826/5553/1330
f 3818/5700/1343 3724/5674/1343 3735/5673/1462 3843/5617/1462
f 3848/5701/1365 3849/5479/1365 3866/5478/1365 3867/5702/1365
f 3802/5703/1497 3751/5675/1497 3756/5455/1498 3787/5455/1498
f 3774/5568/1332 3761/5567/1332 3717/5668/1507 3827/5685/1507
f 3843/5704/1462 3735/5664/1462 3734/5594/1498 3854/5593/1498
f 3886/5678/907 3887/5705/1300 3876/5706/1300 3873/5679/907
f 3837/5707/9 3824/5708/9 3700/5367/9 3695/5366/9
f 3767/5552/1259 3754/5551/1259 3755/5672/1335 3786/5709/1335
f 3840/5599/1366 3839/5402/1366 3858/5394/1366 3857/5600/1366
f 3860/5687/1509 3859/5582/1509 3838/5696/1509 3837/5688/1509
f 3844/5697/1368 3843/5704/1368 3854/5593/1368 3853/5684/1368
f 3856/5601/1510 3855/5516/1510 3842/5519/1510 3841/5602/1510
f 3848/5701/1511 3847/5632/1511 3850/5589/1511 3849/5479/1511
f 3852/5683/1512 3851/5520/1512 3846/5523/1512 3845/5698/1512
f 3816/5524/1513 3815/5506/1513 3834/5509/1513 3833/5525/1513
f 3836/5430/1514 3835/5611/1514 3814/5614/1514 3813/5710/1514
f 3820/5573/1373 3819/5689/1373 3830/5634/1373 3829/5574/1373
f 3832/5526/1515 3831/5605/1515 3818/5608/1515 3817/5527/1515
f 3824/5510/1516 3823/5699/1516 3826/5553/1516 3825/5511/1516
f 3828/5575/1376 3827/5685/1376 3822/5686/1376 3821/5576/1376
f 3792/5535/1517 3791/5397/1517 3810/5598/1517 3809/5536/1517
f 3812/5609/1378 3811/5583/1378 3790/5580/1378 3789/5610/1378
f 3796/5539/1379 3795/5596/1379 3806/5604/1379 3805/5540/1379
f 3808/5537/1518 3807/5694/1518 3794/5695/1518 3793/5538/1518
f 3800/5431/1519 3799/5592/1519 3802/5621/1519 3801/5432/1519
f 3804/5541/1380 3803/5682/1380 3798/5658/1380 3797/5542/1380
f 3768/5547/1520 3767/5552/1520 3786/5709/1520 3785/5548/1520
f 3788/5473/1521 3787/5660/1521 3766/5663/1521 3765/5429/1521
f 3772/5561/1522 3771/5637/1522 3782/5641/1522 3781/5562/1522
f 3784/5549/1523 3783/5557/1523 3770/5560/1523 3769/5550/1523
f 3776/5504/1524 3775/5556/1524 3778/5619/1524 3777/5505/1524
f 3780/5563/1525 3779/5565/1525 3774/5568/1525 3773/5564/1525
f 3833/5525/37 3834/5509/37 3767/5552/37 3768/5547/37
f 3765/5429/1202 3766/5663/1202 3835/5611/1202 3836/5430/1202
f 3829/5574/1389 3830/5634/1389 3771/5637/1389 3772/5561/1389
f 3769/5550/1526 3770/5560/1526 3831/5605/1526 3832/5526/1526
f 3825/5511/1527 3826/5553/1527 3775/5556/1527 3776/5504/1527
f 3773/5564/1226 3774/5568/1226 3827/5685/1226 3828/5575/1226
f 3845/5615/1204 3846/5569/1204 3815/5572/1204 3816/5572/1204
f 3813/5437/1528 3814/5528/1528 3847/5530/1528 3848/5438/1528
f 3841/5690/1529 3842/5577/1529 3819/5579/1529 3820/5691/1529
f 3817/5616/1201 3818/5700/1201 3843/5617/1201 3844/5617/1201
f 3837/5707/1204 3838/5531/1204 3823/5534/1204 3824/5708/1204
f 3821/5692/1392 3822/5642/1392 3839/5645/1392 3840/5693/1392
f 3785/5646/55 3786/5585/55 3803/5588/55 3804/5647/55
f 3801/5454/1238 3802/5703/1238 3787/5455/1238 3788/5455/1238
f 3781/5629/55 3782/5398/55 3807/5401/55 3808/5630/55
f 3805/5648/58 3806/5654/58 3783/5657/58 3784/5649/58
f 3777/5638/1210 3778/5625/1210 3811/5628/1210 3812/5639/1210
f 3809/5631/1530 3810/5412/1530 3779/5414/1530 3780/5414/1530
f 3797/5542/532 3798/5658/532 3851/5520/532 3852/5683/532
f 3849/5479/1531 3850/5589/1531 3799/5592/1531 3800/5431/1531
f 3793/5538/1395 3794/5695/1395 3855/5516/1395 3856/5601/1395
f 3853/5684/1531 3854/5593/1531 3795/5596/1531 3796/5539/1531
f 3789/5610/1396 3790/5580/1396 3859/5582/1396 3860/5687/1396
f 3857/5600/1532 3858/5394/1532 3791/5397/1532 3792/5535/1532
f 3766/5663/1502 3753/5662/1502 3725/5612/1500 3835/5611/1500
f 3878/5650/1533 3877/5464/1533 3880/5467/1533 3879/5652/1533
f 3882/5545/1534 3881/5711/1534 3884/5712/1534 3883/5546/1534
f 3886/5678/1535 3885/5713/1535 3888/5714/1535 3887/5705/1535
f 3890/5681/1401 3889/5715/1401 3892/5716/1401 3891/5677/1401
f 3870/5717/1536 3869/5544/1536 3872/5543/1536 3871/5718/1536
f 3874/5719/1537 3873/5679/1537 3876/5706/1537 3875/5720/1537
f 3862/5721/1538 3861/5680/1538 3864/5676/1538 3863/5722/1538
f 3866/5723/1539 3865/5651/1539 3868/5653/1539 3867/5724/1539
f 3873/5679/1406 3874/5719/1406 3863/5722/1406 3864/5676/1406
f 3885/5713/1407 3886/5678/1407 3891/5677/1407 3892/5716/1407
f 3861/5477/1408 3862/5725/1408 3867/5474/1408 3868/5474/1408
f 3889/5726/1540 3890/5476/1540 3879/5475/1540 3880/5727/1540
f 3865/5651/1410 3866/5723/1410 3871/5718/1410 3872/5543/1410
f 3877/5464/1541 3878/5650/1541 3883/5546/1541 3884/5712/1541
f 3869/5471/1542 3870/5728/1542 3875/5468/1542 3876/5468/1542
f 3881/5729/1543 3882/5470/1543 3887/5469/1543 3888/5469/1543
f 3862/5730/1315 3863/5427/1315 3836/5430/1315 3813/5710/1315
f 3897/5731/1414 3903/5732/1415 3904/5733/1253 3898/5734/1252
f 3669/5392/1416 3899/5391/1416 3900/5735/1416 3676/5736/1416
f 3671/5737/1417 3897/5731/1417 3898/5734/1417 3670/5738/1417
f 3673/5623/1544 3894/5456/1544 3895/5459/1544 3672/5739/1544
f 3908/5740/1419 3906/5741/1419 3922/5742/1419 3923/5743/1419
f 3675/5744/1545 3896/5376/1545 3893/5379/1545 3674/5745/1545
f 3671/5746/1421 3672/5739/1421 3895/5459/1421 3897/5747/1421
f 3675/5748/1546 3676/5736/1546 3900/5735/1546 3896/5749/1546
f 3888/5469/1423 3917/5750/1424 3916/5751/1425 3881/5729/1426
f 3910/5752/1547 3911/5753/1547 3901/5754/1547 3907/5755/1547
f 3881/5711/1426 3916/5756/1425 3913/5757/1428 3884/5712/1429
f 3885/5713/1430 3920/5758/1431 3917/5759/1424 3888/5714/1423
f 3889/5715/1432 3924/5760/1433 3921/5761/1434 3892/5716/1435
f 3884/5712/1429 3913/5757/1428 3912/5465/1297 3877/5464/1481
f 3892/5716/1435 3921/5761/1434 3920/5758/1431 3885/5713/1430
f 3918/5762/1548 3919/5763/1548 3905/5764/1548 3904/5765/1548
f 3905/5764/1437 3919/5763/1437 3922/5742/1437 3906/5741/1437
f 3895/5459/1294 3902/5458/1293 3903/5766/1415 3897/5747/1414
f 3901/5754/1438 3911/5753/1438 3914/5767/1438 3902/5768/1438
f 3900/5735/1439 3906/5769/1440 3908/5770/1247 3896/5749/1246
f 3893/5622/1455 3907/5771/1248 3901/5457/1292 3894/5456/1291
f 3899/5391/1255 3905/5390/1456 3906/5769/1440 3900/5735/1439
f 3903/5772/1549 3902/5768/1549 3914/5767/1549 3915/5773/1549
f 3910/5752/1550 3909/5466/1550 3912/5465/1550 3911/5753/1550
f 3914/5767/1443 3913/5757/1443 3916/5756/1443 3915/5773/1443
f 3918/5762/1551 3917/5759/1551 3920/5758/1551 3919/5763/1551
f 3922/5742/1552 3921/5761/1552 3924/5760/1552 3923/5743/1552
f 3919/5763/1446 3920/5758/1446 3921/5761/1446 3922/5742/1446
f 3923/5385/1447 3924/5774/1447 3909/5775/1447 3910/5386/1447
f 3911/5753/1448 3912/5465/1448 3913/5757/1448 3914/5767/1448
f 3915/5461/1553 3916/5751/1553 3917/5750/1553 3918/5462/1553
f 3880/5727/1299 3909/5775/1298 3924/5774/1433 3889/5726/1432
f 3925/5776/1 3943/5777/1450 3946/5778/1450 3928/5779/1
f 3958/5780/1554 3959/5781/1555 3964/5782/1453 3961/5783/1556
f 3945/5784/6 3972/5785/1557 3975/5786/1557 3948/5786/6
f 3970/5787/23 3971/5788/23 3968/5789/23 3965/5790/23
f 4160/5791/1246 4172/5792/1247 4171/5793/1248 4157/5794/1455
f 3947/5795/8 3976/5796/1250 3977/5797/1250 3942/5798/8
f 4172/5799/1251 4187/5800/1251 4174/5801/1251 4171/5802/1251
f 4162/5803/1252 4168/5804/1558 4169/5805/1456 4163/5806/1255
f 4162/5803/1256 4163/5806/1256 3933/5807/1256 3934/5808/1256
f 4122/5809/1267 4002/5810/1267 4006/5811/1261 4055/5812/1261
f 4046/5813/1259 4023/5814/1259 4012/5815/1559 4071/5815/1559
f 4103/5816/1458 4003/5817/1458 4002/5810/1267 4122/5809/1267
f 3941/5818/9 3978/5819/9 3967/5820/9 3944/5821/9
f 3962/5822/1459 3963/5823/1460 3950/5824/1461 3951/5825/1560
f 4074/5826/1561 4007/5827/1561 4028/5828/1462 4043/5829/1462
f 3931/5830/3 3947/5795/8 3942/5798/8 3930/5831/3
f 3927/5832/6 3945/5784/6 3948/5786/6 3932/5833/6
f 4127/5842/5 4138/5843/5 4029/5844/5 4100/5845/5
f 4064/5846/1216 4065/5847/1216 4134/5848/1216 4135/5849/1216
f 4131/5850/9 4126/5851/9 4077/5852/9 4112/5853/9
f 3973/5854/534 3962/5822/534 3951/5825/1268 3980/5855/534
f 3943/5777/1450 3968/5789/1562 3971/5788/1562 3946/5778/1450
f 3954/5856/1563 3955/5857/1564 3960/5858/1273 3957/5859/1565
f 3979/5860/534 3952/5861/1268 3953/5862/534 3966/5863/534
f 3965/5790/534 3954/5856/1275 3957/5859/1268 3970/5787/534
f 3969/5864/534 3958/5780/1268 3961/5783/534 3974/5865/534
f 3952/5861/1566 3949/5866/1467 3956/5867/1567 3953/5862/1568
f 3980/5855/19 3977/5797/19 3976/5796/1569 3973/5854/1570
f 3966/5863/1571 3967/5820/1572 3978/5819/1573 3979/5860/1574
f 3974/5865/1575 3975/5786/1478 3972/5785/1576 3969/5864/1480
f 4139/5868/6 4134/5869/6 4065/5870/6 4052/5871/6
f 4158/5872/1291 4165/5873/1292 4166/5874/1293 4159/5875/1294
f 4167/5876/1295 4179/5877/1295 4182/5878/1295 4168/5879/1295
f 4141/5880/1481 4176/5881/1297 4173/5882/1298 4144/5883/1299
f 4140/5884/1177 4151/5885/1177 4146/5886/1300 4133/5887/1300
f 4138/5843/1329 4139/5888/1329 4052/5889/1329 4029/5844/1329
f 4132/5890/1301 4143/5891/1301 4154/5892/1335 4125/5893/1301
f 4135/5849/7 4130/5894/7 4113/5895/7 4064/5846/7
f 3942/5798/1577 3941/5896/1577 3929/5897/1303 3930/5831/1303
f 3925/5776/1483 3926/5898/1483 3944/5899/1578 3943/5777/1578
f 3927/5900/1579 3928/5779/1579 3946/5778/1307 3945/5901/1307
f 3931/5830/1308 3932/5902/1308 3948/5903/1485 3947/5795/1485
f 3950/5824/1461 3949/5904/1467 3952/5905/1566 3951/5825/1560
f 3954/5856/1563 3953/5906/1568 3956/5907/1567 3955/5857/1564
f 3958/5908/1554 3957/5859/1565 3960/5858/1273 3959/5909/1555
f 3962/5822/1459 3961/5910/1556 3964/5911/1453 3963/5823/1460
f 3978/5912/1573 3977/5797/1580 3980/5855/1580 3979/5913/1574
f 3974/5914/1575 3973/5854/1570 3976/5796/1569 3975/5915/1478
f 3970/5787/1487 3969/5916/1480 3972/5917/1576 3971/5788/1487
f 3966/5918/1571 3965/5790/1581 3968/5789/1581 3967/5919/1572
f 4040/5920/52 4041/5921/52 3949/5904/52 3950/5824/52
f 4079/5922/1301 3991/5923/1301 3990/5924/1349 4098/5925/1349
f 3961/5910/534 3962/5822/534 3973/5854/534 3974/5914/534
f 3979/5913/534 3980/5855/534 3951/5825/1268 3952/5905/1268
f 3965/5790/534 3966/5918/534 3953/5906/534 3954/5856/1275
f 4088/5926/1315 4089/5927/1315 3963/5823/1315 3964/5911/1315
f 3969/5916/534 3970/5787/534 3957/5859/1268 3958/5908/1268
f 4003/5817/1316 4004/5928/1316 4001/5929/1316 4002/5810/1316
f 3967/5919/1582 3968/5789/1582 3943/5777/1578 3944/5899/1578
f 3945/5901/1307 3946/5778/1307 3971/5788/1583 3972/5917/1583
f 3977/5797/1584 3978/5912/1584 3941/5896/1577 3942/5798/1577
f 3947/5795/1485 3948/5903/1485 3975/5915/1320 3976/5796/1320
f 3929/5930/9 3941/5818/9 3944/5821/9 3926/5931/9
f 4119/5932/1328 3997/5933/1328 4000/5934/1327 4106/5935/1327
f 4115/5936/1323 3993/5937/1323 3996/5938/1323 4110/5939/1323
f 4080/5940/66 4097/5941/66 4096/5942/66 4081/5943/66
f 4078/5944/1325 3992/5945/1325 3995/5946/1585 4111/5946/1585
f 4102/5947/1322 4004/5948/1322 3983/5949/1350 4087/5950/1350
f 4056/5951/64 4073/5952/64 4072/5953/64 4057/5954/64
f 4060/5955/1355 4069/5956/1355 4068/5957/1355 4061/5958/1355
f 4136/5959/907 4133/5960/1300 4146/5961/1300 4147/5962/907
f 4032/5963/1494 4049/5964/1494 4048/5965/1494 4033/5966/1494
f 4098/5925/1349 3990/5924/1349 4018/5967/1177 4031/5968/1177
f 4090/5969/1330 3982/5970/1330 4026/5971/1330 4039/5972/1330
f 4047/5973/1462 4024/5974/1462 4021/5975/1331 4034/5976/1331
f 4036/5977/52 4045/5978/52 4044/5979/52 4037/5980/52
f 4043/5981/1462 4028/5982/1462 4025/5983/1586 4038/5984/1586
f 4110/5985/1323 3996/5986/1323 3991/5987/1301 4079/5988/1301
f 4084/5989/53 4093/5990/53 4092/5991/53 4085/5992/53
f 4106/5993/1327 4000/5994/1327 3987/5995/1334 4083/5996/1334
f 4054/5997/1335 4005/5998/1335 4001/5929/1259 4123/5999/1259
f 4075/6000/1336 4008/6001/1336 4005/5998/1335 4054/5997/1335
f 4050/6002/1301 4019/6003/1301 4016/6004/1336 4067/6005/1336
f 4114/6006/1587 3994/6007/1587 4014/6008/1588 4063/6009/1588
f 4118/6010/1326 3998/6011/1326 4010/6012/1497 4059/6013/1497
f 4055/5812/1261 4006/5811/1261 4007/6014/1561 4074/6015/1561
f 4104/6016/1340 4121/6017/1340 4120/6018/1340 4105/6019/1340
f 4059/6013/1497 4010/6012/1497 4011/6020/1347 4070/6021/1347
f 4093/5990/5 4036/5977/5 4037/5980/5 4092/5991/5
f 4095/6022/1499 3985/6023/1499 3988/6024/1343 4082/6025/1343
f 3955/5857/1216 3956/5907/1216 4076/6026/1216 4053/6027/1216
f 4099/6028/1589 3989/6029/1589 3992/6030/1325 4078/6031/1325
f 4109/6032/9 4080/6033/9 4081/6034/9 4108/6035/9
f 4039/5972/1330 4026/5971/1330 4027/6036/1346 4042/6037/1346
f 4063/6009/1588 4014/6008/1588 4015/6038/1497 4066/6039/1497
f 4157/6040/1348 4158/5872/1348 3937/6041/1348 3938/6042/1348
f 4042/6043/1346 4027/6044/1346 4008/6045/1336 4075/6045/1336
f 4057/5954/3 4120/6018/3 4121/6017/3 4056/5951/3
f 4045/6046/6 4072/6047/6 4073/6048/6 4044/6049/6
f 4111/6050/1585 3995/6051/1585 3994/6007/1587 4114/6006/1587
f 4094/6052/1590 3986/6053/1590 4022/6054/1350 4035/6055/1350
f 4041/6056/6 4076/6057/6 3956/5867/6 3949/5866/6
f 4097/5941/5 4032/5963/5 4033/5966/5 4096/5942/5
f 4035/6055/1350 4022/6054/1350 4023/6058/1259 4046/6059/1259
f 4086/6060/1343 3984/6061/1343 4003/6062/1458 4103/6062/1458
f 4049/6063/6 4068/6005/6 4069/6064/6 4048/6065/6
f 4136/5959/907 4147/5962/907 4142/6066/1351 4129/6067/907
f 4142/6066/1351 4143/6068/1301 4132/6069/1301 4129/6067/907
f 4070/6070/1347 4011/6071/1347 4024/6072/1462 4047/6073/1462
f 4062/6074/1349 4013/6075/1349 3993/5937/1323 4115/5936/1323
f 4051/6076/1498 4020/6077/1498 4017/6078/1337 4030/6079/1337
f 3999/6080/1365 4000/5934/1365 3997/5933/1365 3998/6011/1365
f 3995/6051/1365 3996/5938/1365 3993/5937/1365 3994/6007/1365
f 3991/5923/1504 3992/6030/1504 3989/6029/1504 3990/5924/1504
f 3987/6081/66 3988/6024/66 3985/6023/66 3986/6053/66
f 3983/6082/66 3984/6083/66 3981/6084/66 3982/5970/66
f 4006/5811/1505 4005/5998/1505 4008/6001/1505 4007/6014/1505
f 4010/6012/1269 4009/6085/1269 4012/6086/1269 4011/6020/1269
f 4014/6008/1355 4013/6075/1355 4016/6087/1355 4015/6038/1355
f 4018/5967/1358 4017/6078/1358 4020/6077/1358 4019/6088/1358
f 4022/6054/1591 4021/5975/1591 4024/5974/1591 4023/6058/1591
f 4026/5971/1592 4025/5983/1592 4028/5982/1592 4027/6036/1592
f 3990/5924/1 3989/6029/1 4017/6078/1 4018/5967/1
f 3986/6053/1 3985/6023/1 4021/5975/1 4022/6054/1
f 3982/5970/1 3981/6084/1 4025/5983/1 4026/5971/1
f 3996/5986/9 3995/5946/9 3992/5945/9 3991/5987/9
f 4000/5994/9 3999/6089/9 3988/6090/9 3987/5995/9
f 4004/5948/9 4003/6062/9 3984/6061/9 3983/5949/9
f 4019/6003/6 4020/5871/6 4015/6091/6 4016/6004/6
f 4023/5814/6 4024/6072/6 4011/6071/6 4012/5815/6
f 4027/6044/6 4028/5828/6 4007/5827/6 4008/6045/6
f 4013/6075/1362 4014/6008/1362 3994/6007/1362 3993/5937/1362
f 4009/6085/3 4010/6012/3 3998/6011/3 3997/5933/3
f 4005/5998/3 4006/5811/3 4002/5810/3 4001/5929/3
f 4128/6092/907 4155/6093/907 4150/6094/2 4137/6095/2
f 4128/6092/907 4125/6096/1301 4154/6097/1335 4155/6093/907
f 4067/6098/1336 4016/6087/1336 4013/6075/1349 4062/6074/1349
f 4061/5958/3 4116/6099/3 4117/6100/3 4060/5955/3
f 4091/6101/1363 3981/6084/1363 3984/6083/1343 4086/6102/1343
f 4034/5976/1331 4021/5975/1331 3985/6023/1499 4095/6022/1499
f 4053/6027/7 4124/6103/7 3960/5858/7 3955/5857/7
f 3959/5909/1340 3960/5858/1340 4124/6103/1340 4101/6104/1340
f 4083/6105/1334 3987/6081/1334 3986/6053/1590 4094/6052/1590
f 4105/6106/9 4084/6107/9 4085/6108/9 4104/6062/9
f 4071/6109/1559 4012/6086/1559 4009/6085/1349 4058/6110/1349
f 4058/6110/1349 4009/6085/1349 3997/5933/1328 4119/5932/1328
f 4123/5999/1259 4001/5929/1259 4004/5928/1322 4102/6111/1322
f 4089/5927/5 4040/5920/5 3950/5824/5 3963/5823/5
f 4108/6112/1508 4117/6100/1508 4116/6099/1508 4109/6113/1508
f 4087/6114/1350 3983/6082/1350 3982/5970/1330 4090/5969/1330
f 4082/6115/1343 3988/6090/1343 3999/6089/1268 4107/6035/1268
f 4112/6116/1340 4113/5895/1340 4130/5894/1340 4131/6117/1340
f 4066/6118/1497 4015/6091/1497 4020/5871/1498 4051/5871/1498
f 4038/5984/1586 4025/5983/1586 3981/6084/1363 4091/6101/1363
f 4107/6119/1268 3999/6080/1268 3998/6011/1326 4118/6010/1326
f 4150/6094/2 4151/6120/1177 4140/6121/1177 4137/6095/2
f 4101/6122/9 4088/6123/9 3964/5782/9 3959/5781/9
f 4031/5968/1177 4018/5967/1177 4019/6088/1301 4050/6124/1301
f 4104/6016/1593 4103/5816/1593 4122/5809/1593 4121/6017/1593
f 4124/6103/1594 4123/5999/1594 4102/6111/1594 4101/6104/1594
f 4108/6112/1595 4107/6119/1595 4118/6010/1595 4117/6100/1595
f 4120/6018/1510 4119/5932/1510 4106/5935/1510 4105/6019/1510
f 4112/6116/1596 4111/6050/1596 4114/6006/1596 4113/5895/1596
f 4116/6099/1512 4115/5936/1512 4110/5939/1512 4109/6113/1512
f 4080/5940/1597 4079/5922/1597 4098/5925/1597 4097/5941/1597
f 4100/5845/1598 4099/6028/1598 4078/6031/1598 4077/6125/1598
f 4084/5989/1599 4083/6105/1599 4094/6052/1599 4093/5990/1599
f 4096/5942/1515 4095/6022/1515 4082/6025/1515 4081/5943/1515
f 4088/5926/1600 4087/6114/1600 4090/5969/1600 4089/5927/1600
f 4092/5991/1376 4091/6101/1376 4086/6102/1376 4085/5992/1376
f 4056/5951/1601 4055/5812/1601 4074/6015/1601 4073/5952/1601
f 4076/6026/1602 4075/6000/1602 4054/5997/1602 4053/6027/1602
f 4060/5955/1603 4059/6013/1603 4070/6021/1603 4069/5956/1603
f 4072/5953/1380 4071/6109/1380 4058/6110/1380 4057/5954/1380
f 4064/5846/1379 4063/6009/1379 4066/6039/1379 4065/5847/1379
f 4068/5957/1604 4067/6098/1604 4062/6074/1604 4061/5958/1604
f 4032/5963/1605 4031/5968/1605 4050/6124/1605 4049/5964/1605
f 4052/5889/1606 4051/6076/1606 4030/6079/1606 4029/5844/1606
f 4036/5977/1607 4035/6055/1607 4046/6059/1607 4045/5978/1607
f 4048/5965/1523 4047/5973/1523 4034/5976/1523 4033/5966/1523
f 4040/5920/1524 4039/5972/1524 4042/6037/1524 4041/5921/1524
f 4044/5979/1525 4043/5981/1525 4038/5984/1525 4037/5980/1525
f 4097/5941/49 4098/5925/49 4031/5968/49 4032/5963/49
f 4029/5844/1202 4030/6079/1202 4099/6028/1202 4100/5845/1202
f 4093/5990/1389 4094/6052/1389 4035/6055/1389 4036/5977/1389
f 4033/5966/1390 4034/5976/1390 4095/6022/1390 4096/5942/1390
f 4089/5927/1608 4090/5969/1608 4039/5972/1608 4040/5920/1608
f 4037/5980/1226 4038/5984/1226 4091/6101/1226 4092/5991/1226
f 4109/6032/1609 4110/5985/1609 4079/5988/1609 4080/6033/1609
f 4077/5852/1392 4078/5944/1392 4111/5946/1392 4112/5853/1392
f 4105/6106/1204 4106/5993/1204 4083/5996/1204 4084/6107/1204
f 4081/6034/59 4082/6115/59 4107/6035/59 4108/6035/59
f 4101/6122/1233 4102/5947/1233 4087/5950/1233 4088/6123/1233
f 4085/6108/1610 4086/6060/1610 4103/6062/1610 4104/6062/1610
f 4049/6063/1205 4050/6002/1205 4067/6005/1205 4068/6005/1205
f 4065/5870/1212 4066/6118/1212 4051/5871/1212 4052/5871/1212
f 4045/6046/1611 4046/5813/1611 4071/5815/1611 4072/6047/1611
f 4069/6064/58 4070/6070/58 4047/6073/58 4048/6065/58
f 4041/6056/1205 4042/6043/1205 4075/6045/1205 4076/6057/1205
f 4073/6048/1530 4074/5826/1530 4043/5829/1530 4044/6049/1530
f 4061/5958/47 4062/6074/47 4115/5936/47 4116/6099/47
f 4113/5895/20 4114/6006/20 4063/6009/20 4064/5846/20
f 4057/5954/1612 4058/6110/1612 4119/5932/1612 4120/6018/1612
f 4117/6100/1613 4118/6010/1613 4059/6013/1613 4060/5955/1613
f 4053/6027/1396 4054/5997/1396 4123/5999/1396 4124/6103/1396
f 4121/6017/1531 4122/5809/1531 4055/5812/1531 4056/5951/1531
f 4030/6079/1337 4017/6078/1337 3989/6029/1589 4099/6028/1589
f 4142/6066/1533 4141/5880/1533 4144/5883/1533 4143/6068/1533
f 4146/5961/1399 4145/6126/1399 4148/6127/1399 4147/5962/1399
f 4150/6094/1614 4149/6128/1614 4152/6129/1614 4151/6120/1614
f 4154/6097/1401 4153/6130/1401 4156/6131/1401 4155/6093/1401
f 4134/6132/1615 4133/5960/1615 4136/5959/1615 4135/6133/1615
f 4138/6134/1616 4137/6095/1616 4140/6121/1616 4139/6135/1616
f 4126/6136/1538 4125/6096/1538 4128/6092/1538 4127/6137/1538
f 4130/6138/1617 4129/6067/1617 4132/6069/1617 4131/6139/1617
f 4137/6095/1618 4138/6134/1618 4127/6137/1618 4128/6092/1618
f 4149/6128/1407 4150/6094/1407 4155/6093/1407 4156/6131/1407
f 4125/5893/1619 4126/6140/1619 4131/5890/1619 4132/5890/1619
f 4153/6141/1620 4154/5892/1620 4143/5891/1620 4144/6142/1620
f 4129/6067/1621 4130/6138/1621 4135/6133/1621 4136/5959/1621
f 4141/5880/1622 4142/6066/1622 4147/5962/1622 4148/6127/1622
f 4133/5887/1623 4134/6143/1623 4139/5884/1623 4140/5884/1623
f 4145/6144/1624 4146/5886/1624 4151/5885/1624 4152/5885/1624
f 4126/6145/1315 4127/5842/1315 4100/5845/1315 4077/6125/1315
f 4161/6146/1414 4167/6147/1415 4168/6148/1558 4162/6149/1252
f 3933/5807/1416 4163/5806/1416 4164/6150/1416 3940/6151/1416
f 3935/6152/1625 4161/6146/1625 4162/6149/1625 3934/6153/1625
f 3937/6041/1418 4158/5872/1418 4159/5875/1418 3936/6154/1418
f 4172/6155/1419 4170/6156/1419 4186/6157/1419 4187/6158/1419
f 3939/6159/1545 4160/5791/1545 4157/5794/1545 3938/6160/1545
f 3935/6161/1421 3936/6154/1421 4159/5875/1421 4161/6162/1421
f 3939/6163/1546 3940/6151/1546 4164/6150/1546 4160/6164/1546
f 4152/5885/1423 4181/6165/1424 4180/6166/1425 4145/6144/1426
f 4174/6167/1626 4175/6168/1626 4165/6169/1626 4171/6170/1626
f 4145/6126/1426 4180/6171/1425 4177/6172/1428 4148/6127/1627
f 4149/6128/1430 4184/6173/1431 4181/6174/1424 4152/6129/1423
f 4153/6130/1432 4188/6175/1433 4185/6176/1434 4156/6131/1435
f 4148/6127/1627 4177/6172/1428 4176/5881/1297 4141/5880/1481
f 4156/6131/1435 4185/6176/1434 4184/6173/1431 4149/6128/1430
f 4182/6177/1628 4183/6178/1628 4169/6179/1628 4168/6180/1628
f 4169/6179/1437 4183/6178/1437 4186/6157/1437 4170/6156/1437
f 4159/5875/1294 4166/5874/1293 4167/6181/1415 4161/6162/1414
f 4165/6169/1438 4175/6168/1438 4178/6182/1438 4166/6183/1438
f 4164/6150/1439 4170/6184/1440 4172/6185/1247 4160/6164/1246
f 4157/6040/1455 4171/6186/1248 4165/5873/1292 4158/5872/1291
f 4163/5806/1255 4169/5805/1456 4170/6184/1440 4164/6150/1439
f 4167/6187/1629 4166/6183/1629 4178/6182/1629 4179/6188/1629
f 4174/6167/1550 4173/5882/1550 4176/5881/1550 4175/6168/1550
f 4178/6182/1630 4177/6172/1630 4180/6171/1630 4179/6188/1630
f 4182/6177/1444 4181/6174/1444 4184/6173/1444 4183/6178/1444
f 4186/6157/1631 4185/6176/1631 4188/6175/1631 4187/6158/1631
f 4183/6178/1446 4184/6173/1446 4185/6176/1446 4186/6157/1446
f 4187/5800/1447 4188/6189/1447 4173/6190/1447 4174/5801/1447
f 4175/6168/1448 4176/5881/1448 4177/6172/1448 4178/6182/1448
f 4179/5877/1553 4180/6166/1553 4181/6165/1553 4182/5878/1553
f 4144/6142/1299 4173/6190/1298 4188/6189/1433 4153/6141/1432
f 4189/6191/1 4207/6192/10 4210/6193/10 4192/6194/1
f 4222/6195/1632 4223/6196/1633 4228/6197/1634 4225/6198/1635
f 4209/6199/6 4236/6200/6 4239/6201/6 4212/6201/6
f 4234/6202/1636 4235/6203/1637 4232/6204/1638 4229/6205/1639
f 4424/6206/1246 4436/6207/1247 4435/6208/1640 4421/6209/1641
f 4211/6210/8 4240/6211/1250 4241/6212/1250 4206/6213/8
f 4436/6214/1251 4451/6215/1251 4438/6216/1251 4435/6217/1251
f 4426/6218/1252 4432/6219/1558 4433/6220/1456 4427/6221/1642
f 4426/6218/1643 4427/6221/1643 4197/6222/1643 4198/6223/1643
f 4386/6224/1644 4266/6225/1644 4270/6226/1645 4319/6227/1645
f 4310/6228/1646 4287/6229/1646 4276/6230/1647 4335/6231/1647
f 4367/6232/1499 4267/6233/1499 4266/6225/1644 4386/6224/1644
f 4205/6234/9 4242/6235/9 4231/6236/9 4208/6237/9
f 4226/6238/1648 4227/6239/1649 4214/6240/1650 4215/6241/1651
f 4338/6242/1652 4271/6243/1652 4292/6244/1276 4307/6245/1276
f 4195/6246/1653 4211/6210/8 4206/6213/8 4194/6247/1653
f 4191/6248/6 4209/6199/6 4212/6201/6 4196/6249/6
f 4391/6258/1 4402/6259/1 4293/6260/1 4364/6261/1
f 4328/6262/1216 4329/6263/1216 4398/6264/1216 4399/6265/1216
f 4395/6266/9 4390/6267/9 4341/6268/9 4376/6269/9
f 4237/6270/534 4226/6238/534 4215/6241/534 4244/6271/534
f 4207/6192/10 4232/6204/10 4235/6203/10 4210/6193/10
f 4218/6272/1654 4219/6273/1655 4224/6274/1656 4221/6275/1565
f 4243/6235/534 4216/6276/534 4217/6277/4 4230/6278/4
f 4229/6205/4 4218/6272/4 4221/6275/4 4234/6202/534
f 4233/6279/4 4222/6195/4 4225/6198/4 4238/6280/4
f 4216/6276/46 4213/6281/46 4220/6277/1277 4217/6277/1657
f 4244/6271/1658 4241/6212/1658 4240/6211/1658 4237/6270/1658
f 4230/6278/1473 4231/6236/1659 4242/6235/1660 4243/6235/1661
f 4238/6280/1662 4239/6201/1663 4236/6200/1664 4233/6279/1665
f 4403/6282/6 4398/6283/6 4329/6284/6 4316/6285/6
f 4422/6286/1666 4429/6287/1667 4430/6288/1668 4423/6289/1669
f 4431/6290/1295 4443/6291/1295 4446/6292/1295 4432/6293/1295
f 4405/6294/1296 4440/6295/1297 4437/6296/1298 4408/6297/1299
f 4404/6298/1335 4415/6299/1335 4410/6300/2 4397/6301/2
f 4402/6259/1207 4403/6302/1207 4316/6303/1207 4293/6260/1207
f 4396/6304/907 4407/6305/907 4418/6306/907 4389/6307/907
f 4399/6265/7 4394/6308/7 4377/6309/7 4328/6262/7
f 4206/6213/1670 4205/6310/1670 4193/6311/1303 4194/6247/1303
f 4189/6191/1671 4190/6312/1671 4208/6313/1672 4207/6192/1672
f 4191/6314/1673 4192/6194/1673 4210/6193/1674 4209/6315/1674
f 4195/6246/1308 4196/6316/1308 4212/6317/1485 4211/6210/1485
f 4214/6240/1650 4213/6318/1675 4216/6319/1675 4215/6241/1651
f 4218/6272/1654 4217/6320/1657 4220/6321/1277 4219/6273/1655
f 4222/6322/1632 4221/6275/1565 4224/6274/1656 4223/6323/1633
f 4226/6238/1648 4225/6324/1635 4228/6325/1634 4227/6239/1649
f 4242/6326/1660 4241/6212/1676 4244/6271/1676 4243/6327/1661
f 4238/6328/1662 4237/6270/1677 4240/6211/1677 4239/6329/1663
f 4234/6202/1636 4233/6330/1665 4236/6331/1664 4235/6203/1637
f 4230/6332/1473 4229/6205/1639 4232/6204/1638 4231/6333/1659
f 4304/6334/1207 4305/6335/1207 4213/6318/1207 4214/6240/1207
f 4343/6336/1678 4255/6337/1678 4254/6338/1679 4362/6339/1679
f 4225/6324/4 4226/6238/534 4237/6270/534 4238/6328/4
f 4243/6327/534 4244/6271/534 4215/6241/534 4216/6319/534
f 4229/6205/4 4230/6332/4 4217/6320/4 4218/6272/4
f 4352/6340/53 4353/6341/53 4227/6239/53 4228/6325/53
f 4233/6330/4 4234/6202/534 4221/6275/4 4222/6322/4
f 4267/6233/1508 4268/6342/1508 4265/6343/1508 4266/6225/1508
f 4231/6333/1680 4232/6204/1680 4207/6192/1672 4208/6313/1672
f 4209/6315/1674 4210/6193/1674 4235/6203/1681 4236/6331/1681
f 4241/6212/1682 4242/6326/1682 4205/6310/1670 4206/6213/1670
f 4211/6210/1485 4212/6317/1485 4239/6329/1683 4240/6211/1683
f 4193/6344/9 4205/6234/9 4208/6237/9 4190/6345/9
f 4383/6346/1684 4261/6347/1684 4264/6348/1685 4370/6349/1685
f 4379/6350/1301 4257/6351/1301 4260/6352/1177 4374/6353/1177
f 4344/6354/1315 4361/6355/1315 4360/6356/1315 4345/6357/1315
f 4342/6358/1686 4256/6359/1686 4259/6360/1687 4375/6360/1687
f 4366/6361/1350 4268/6362/1350 4247/6363/1688 4351/6364/1688
f 4320/6365/1216 4337/6366/1216 4336/6367/1216 4321/6368/1216
f 4324/6369/1216 4333/6370/1216 4332/6371/1216 4325/6372/1216
f 4400/6373/1334 4397/6374/2 4410/6375/2 4411/6376/1334
f 4296/6377/1689 4313/6378/1689 4312/6379/1689 4297/6380/1689
f 4362/6339/1679 4254/6338/1679 4282/6381/1690 4295/6382/1690
f 4354/6383/1691 4246/6384/1691 4290/6385/1692 4303/6386/1692
f 4311/6387/1693 4288/6388/1693 4285/6389/1694 4298/6390/1694
f 4300/6391/1494 4309/6392/1494 4308/6393/1494 4301/6394/1494
f 4307/6395/1276 4292/6396/1276 4289/6397/1498 4302/6398/1498
f 4374/6399/1177 4260/6400/1177 4255/6401/1678 4343/6401/1678
f 4348/6402/66 4357/6403/66 4356/6404/66 4349/6405/66
f 4370/6406/1685 4264/6407/1685 4251/6408/1695 4347/6409/1695
f 4318/6410/1696 4269/6411/1696 4265/6343/1697 4387/6412/1697
f 4339/6413/1349 4272/6414/1349 4269/6411/1696 4318/6410/1696
f 4314/6415/1696 4283/6416/1696 4280/6417/1698 4331/6418/1698
f 4378/6419/1347 4258/6420/1347 4278/6421/1498 4327/6422/1498
f 4382/6423/1587 4262/6424/1587 4274/6425/1699 4323/6426/1699
f 4319/6227/1645 4270/6226/1645 4271/6427/1652 4338/6428/1652
f 4368/6429/1340 4385/6430/1340 4384/6431/1340 4369/6432/1340
f 4323/6426/1699 4274/6425/1699 4275/6433/1700 4334/6434/1700
f 4357/6403/5 4300/6391/5 4301/6394/5 4356/6404/5
f 4359/6435/1701 4249/6436/1701 4252/6437/1702 4346/6438/1702
f 4219/6273/1216 4220/6321/1216 4340/6439/1216 4317/6440/1216
f 4363/6441/1497 4253/6442/1497 4256/6443/1686 4342/6444/1686
f 4373/6445/9 4344/6446/9 4345/6447/9 4372/6448/9
f 4303/6386/1692 4290/6385/1692 4291/6449/1703 4306/6450/1703
f 4327/6422/1498 4278/6421/1498 4279/6451/1276 4330/6452/1276
f 4421/6453/1348 4422/6286/1348 4201/6454/1348 4202/6455/1348
f 4306/6456/1703 4291/6457/1703 4272/6458/1349 4339/6459/1349
f 4321/6368/3 4384/6431/3 4385/6430/3 4320/6365/3
f 4309/6460/6 4336/6461/6 4337/6462/6 4308/6463/6
f 4375/6464/1687 4259/6465/1687 4258/6420/1347 4378/6419/1347
f 4358/6466/1704 4250/6467/1704 4286/6468/1705 4299/6469/1705
f 4305/6470/6 4340/6471/6 4220/6277/6 4213/6281/6
f 4361/6355/10 4296/6377/10 4297/6380/10 4360/6356/10
f 4299/6469/1705 4286/6468/1705 4287/6472/1646 4310/6473/1646
f 4350/6474/1325 4248/6475/1325 4267/6476/1499 4367/6477/1499
f 4313/6478/6 4332/6479/6 4333/6480/6 4312/6481/6
f 4400/6373/1334 4411/6376/1334 4406/6482/1334 4393/6483/2
f 4406/6482/1334 4407/6484/907 4396/6485/907 4393/6483/2
f 4334/6486/1700 4275/6487/1700 4288/6488/1693 4311/6489/1693
f 4326/6490/1177 4277/6491/1177 4257/6351/1301 4379/6350/1301
f 4315/6492/1706 4284/6493/1706 4281/6494/1707 4294/6495/1707
f 4263/6496/1365 4264/6348/1365 4261/6347/1365 4262/6424/1365
f 4259/6465/1215 4260/6352/1215 4257/6351/1215 4258/6420/1215
f 4255/6337/53 4256/6443/53 4253/6442/53 4254/6338/53
f 4251/6497/1708 4252/6437/1708 4249/6436/1708 4250/6467/1708
f 4247/6498/53 4248/6499/53 4245/6500/53 4246/6384/53
f 4270/6226/1493 4269/6411/1493 4272/6414/1493 4271/6427/1493
f 4274/6425/1357 4273/6501/1357 4276/6502/1357 4275/6433/1357
f 4278/6421/1344 4277/6491/1344 4280/6503/1344 4279/6451/1344
f 4282/6381/52 4281/6494/52 4284/6493/52 4283/6504/52
f 4286/6468/52 4285/6389/52 4288/6388/52 4287/6472/52
f 4290/6385/1494 4289/6397/1494 4292/6396/1494 4291/6449/1494
f 4254/6338/1 4253/6442/1 4281/6494/1 4282/6381/1
f 4250/6467/10 4249/6436/10 4285/6389/10 4286/6468/10
f 4246/6384/1 4245/6500/1 4289/6397/1 4290/6385/1
f 4260/6400/1360 4259/6360/1360 4256/6359/1360 4255/6401/1360
f 4264/6407/1360 4263/6448/1360 4252/6505/1360 4251/6408/1360
f 4268/6362/1360 4267/6476/1360 4248/6475/1360 4247/6363/1360
f 4283/6416/1361 4284/6506/1361 4279/6507/1361 4280/6417/1361
f 4287/6229/1361 4288/6488/1361 4275/6487/1361 4276/6230/1361
f 4291/6457/1361 4292/6244/1361 4271/6243/1361 4272/6458/1361
f 4277/6491/8 4278/6421/8 4258/6420/8 4257/6351/8
f 4273/6501/3 4274/6425/3 4262/6424/3 4261/6347/3
f 4269/6411/8 4270/6226/8 4266/6225/8 4265/6343/8
f 4392/6508/907 4419/6509/2 4414/6510/2 4401/6511/1335
f 4392/6508/907 4389/6512/907 4418/6513/907 4419/6509/2
f 4331/6514/1698 4280/6503/1698 4277/6491/1177 4326/6490/1177
f 4325/6372/3 4380/6515/3 4381/6516/3 4324/6369/3
f 4355/6517/1709 4245/6500/1709 4248/6499/1325 4350/6518/1325
f 4298/6390/1694 4285/6389/1694 4249/6436/1701 4359/6435/1701
f 4317/6440/3 4388/6519/3 4224/6274/3 4219/6273/3
f 4223/6323/1508 4224/6274/1508 4388/6519/1508 4365/6520/1508
f 4347/6521/1695 4251/6497/1695 4250/6467/1704 4358/6466/1704
f 4369/6522/9 4348/6523/9 4349/6524/9 4368/6477/9
f 4335/6525/1647 4276/6502/1647 4273/6501/1314 4322/6526/1314
f 4322/6526/1314 4273/6501/1314 4261/6347/1684 4383/6346/1684
f 4387/6412/1697 4265/6343/1697 4268/6342/1350 4366/6527/1350
f 4353/6341/10 4304/6334/10 4214/6240/10 4227/6239/10
f 4372/6528/1340 4381/6516/1340 4380/6515/1340 4373/6529/1340
f 4351/6530/1688 4247/6498/1688 4246/6384/1691 4354/6383/1691
f 4346/6531/1702 4252/6505/1702 4263/6448/1700 4371/6448/1700
f 4376/6532/1340 4377/6309/1340 4394/6308/1340 4395/6533/1340
f 4330/6534/1276 4279/6507/1276 4284/6506/1706 4315/6535/1706
f 4302/6398/1498 4289/6397/1498 4245/6500/1709 4355/6517/1709
f 4371/6536/1700 4263/6496/1700 4262/6424/1587 4382/6423/1587
f 4414/6510/2 4415/6537/1335 4404/6538/1335 4401/6511/1335
f 4365/6539/9 4352/6540/9 4228/6197/9 4223/6196/9
f 4295/6382/1690 4282/6381/1690 4283/6504/1696 4314/6541/1696
f 4368/6429/1595 4367/6232/1595 4386/6224/1595 4385/6430/1595
f 4388/6519/1512 4387/6412/1512 4366/6527/1512 4365/6520/1512
f 4372/6528/1368 4371/6536/1368 4382/6423/1368 4381/6516/1368
f 4384/6431/1710 4383/6346/1710 4370/6349/1710 4369/6432/1710
f 4376/6532/1711 4375/6464/1711 4378/6419/1711 4377/6309/1711
f 4380/6515/1510 4379/6350/1510 4374/6353/1510 4373/6529/1510
f 4344/6354/1712 4343/6336/1712 4362/6339/1712 4361/6355/1712
f 4364/6261/1713 4363/6441/1713 4342/6444/1713 4341/6542/1713
f 4348/6402/1597 4347/6521/1597 4358/6466/1597 4357/6403/1597
f 4360/6356/1714 4359/6435/1714 4346/6438/1714 4345/6357/1714
f 4352/6340/1715 4351/6530/1715 4354/6383/1715 4353/6341/1715
f 4356/6404/1716 4355/6517/1716 4350/6518/1716 4349/6405/1716
f 4320/6365/1717 4319/6227/1717 4338/6428/1717 4337/6366/1717
f 4340/6439/1718 4339/6413/1718 4318/6410/1718 4317/6440/1718
f 4324/6369/1719 4323/6426/1719 4334/6434/1719 4333/6370/1719
f 4336/6367/1604 4335/6525/1604 4322/6526/1604 4321/6368/1604
f 4328/6262/1720 4327/6422/1720 4330/6452/1720 4329/6263/1720
f 4332/6371/1721 4331/6514/1721 4326/6490/1721 4325/6372/1721
f 4296/6377/1722 4295/6382/1722 4314/6541/1722 4313/6378/1722
f 4316/6303/1723 4315/6492/1723 4294/6495/1723 4293/6260/1723
f 4300/6391/1522 4299/6469/1522 4310/6473/1522 4309/6392/1522
f 4312/6379/1724 4311/6387/1724 4298/6390/1724 4297/6380/1724
f 4304/6334/1725 4303/6386/1725 4306/6450/1725 4305/6335/1725
f 4308/6393/1388 4307/6395/1388 4302/6398/1388 4301/6394/1388
f 4361/6355/1527 4362/6339/1527 4295/6382/1527 4296/6377/1527
f 4293/6260/1213 4294/6495/1213 4363/6441/1213 4364/6261/1213
f 4357/6403/1608 4358/6466/1608 4299/6469/1608 4300/6391/1608
f 4297/6380/1726 4298/6390/1726 4359/6435/1726 4360/6356/1726
f 4353/6341/1608 4354/6383/1608 4303/6386/1608 4304/6334/1608
f 4301/6394/1226 4302/6398/1226 4355/6517/1226 4356/6404/1226
f 4373/6445/48 4374/6399/48 4343/6401/48 4344/6446/48
f 4341/6268/1727 4342/6358/1727 4375/6360/1727 4376/6269/1727
f 4369/6522/1209 4370/6406/1209 4347/6409/1209 4348/6523/1209
f 4345/6447/1239 4346/6531/1239 4371/6448/1239 4372/6448/1239
f 4365/6539/1728 4366/6361/1728 4351/6364/1728 4352/6540/1728
f 4349/6524/44 4350/6474/44 4367/6477/44 4368/6477/44
f 4313/6478/1235 4314/6415/1235 4331/6418/1235 4332/6479/1235
f 4329/6284/1729 4330/6534/1729 4315/6535/1729 4316/6285/1729
f 4309/6460/1210 4310/6228/1210 4335/6231/1210 4336/6461/1210
f 4333/6480/1530 4334/6486/1530 4311/6489/1530 4312/6481/1530
f 4305/6470/1730 4306/6456/1730 4339/6459/1730 4340/6471/1730
f 4337/6462/1530 4338/6242/1530 4307/6245/1530 4308/6463/1530
f 4325/6372/1731 4326/6490/1731 4379/6350/1731 4380/6515/1731
f 4377/6309/19 4378/6419/19 4327/6422/19 4328/6262/19
f 4321/6368/532 4322/6526/532 4383/6346/532 4384/6431/532
f 4381/6516/1186 4382/6423/1186 4323/6426/1186 4324/6369/1186
f 4317/6440/1196 4318/6410/1196 4387/6412/1196 4388/6519/1196
f 4385/6430/19 4386/6224/19 4319/6227/19 4320/6365/19
f 4294/6495/1707 4281/6494/1707 4253/6442/1497 4363/6441/1497
f 4406/6482/1732 4405/6294/1732 4408/6297/1732 4407/6484/1732
f 4410/6375/1733 4409/6543/1733 4412/6544/1733 4411/6376/1733
f 4414/6510/1734 4413/6545/1734 4416/6546/1734 4415/6537/1734
f 4418/6513/1735 4417/6547/1735 4420/6548/1735 4419/6509/1735
f 4398/6549/1736 4397/6374/1736 4400/6373/1736 4399/6550/1736
f 4402/6551/1737 4401/6511/1737 4404/6538/1737 4403/6552/1737
f 4390/6553/1738 4389/6512/1738 4392/6508/1738 4391/6554/1738
f 4394/6555/1739 4393/6483/1739 4396/6485/1739 4395/6556/1739
f 4401/6511/1406 4402/6551/1406 4391/6554/1406 4392/6508/1406
f 4413/6545/1740 4414/6510/1740 4419/6509/1740 4420/6548/1740
f 4389/6307/1741 4390/6557/1741 4395/6558/1741 4396/6304/1741
f 4417/6559/1540 4418/6306/1540 4407/6305/1540 4408/6305/1540
f 4393/6483/1410 4394/6555/1410 4399/6550/1410 4400/6373/1410
f 4405/6294/1541 4406/6482/1541 4411/6376/1541 4412/6544/1541
f 4397/6301/1742 4398/6560/1742 4403/6561/1742 4404/6298/1742
f 4409/6562/1743 4410/6300/1743 4415/6299/1743 4416/6563/1743
f 4390/6564/53 4391/6258/53 4364/6261/53 4341/6542/53
f 4425/6565/1744 4431/6566/1745 4432/6567/1558 4426/6568/1252
f 4197/6222/1416 4427/6221/1416 4428/6569/1416 4204/6570/1416
f 4199/6571/1417 4425/6565/1417 4426/6568/1417 4198/6572/1417
f 4201/6454/1418 4422/6286/1418 4423/6289/1418 4200/6573/1418
f 4436/6574/1419 4434/6575/1419 4450/6576/1419 4451/6577/1419
f 4203/6578/1420 4424/6206/1420 4421/6209/1420 4202/6579/1420
f 4199/6580/1421 4200/6573/1421 4423/6289/1421 4425/6581/1421
f 4203/6582/1746 4204/6570/1746 4428/6569/1746 4424/6583/1746
f 4416/6563/1747 4445/6584/1748 4444/6585/1425 4409/6562/1426
f 4438/6586/1749 4439/6587/1749 4429/6588/1749 4435/6589/1749
f 4409/6543/1426 4444/6590/1425 4441/6591/1428 4412/6544/1429
f 4413/6545/1750 4448/6592/1751 4445/6593/1748 4416/6546/1747
f 4417/6547/1752 4452/6594/1753 4449/6595/1754 4420/6548/1755
f 4412/6544/1429 4441/6591/1428 4440/6295/1297 4405/6294/1296
f 4420/6548/1755 4449/6595/1754 4448/6592/1751 4413/6545/1750
f 4446/6596/1436 4447/6597/1436 4433/6598/1436 4432/6599/1436
f 4433/6598/1756 4447/6597/1756 4450/6576/1756 4434/6575/1756
f 4423/6289/1669 4430/6288/1668 4431/6600/1745 4425/6581/1744
f 4429/6588/1438 4439/6587/1438 4442/6601/1438 4430/6602/1438
f 4428/6569/1757 4434/6603/1440 4436/6604/1247 4424/6583/1246
f 4421/6453/1641 4435/6605/1640 4429/6287/1667 4422/6286/1666
f 4427/6221/1642 4433/6220/1456 4434/6603/1440 4428/6569/1757
f 4431/6606/1758 4430/6602/1758 4442/6601/1758 4443/6607/1758
f 4438/6586/1759 4437/6296/1759 4440/6295/1759 4439/6587/1759
f 4442/6601/1760 4441/6591/1760 4444/6590/1760 4443/6607/1760
f 4446/6596/1761 4445/6593/1761 4448/6592/1761 4447/6597/1761
f 4450/6576/1762 4449/6595/1762 4452/6594/1762 4451/6577/1762
f 4447/6597/1446 4448/6592/1446 4449/6595/1446 4450/6576/1446
f 4451/6215/1763 4452/6608/1763 4437/6609/1763 4438/6216/1763
f 4439/6587/1764 4440/6295/1764 4441/6591/1764 4442/6601/1764
f 4443/6291/1449 4444/6585/1449 4445/6584/1449 4446/6292/1449
f 4408/6305/1299 4437/6609/1298 4452/6608/1753 4417/6559/1752
f 4453/6610/1 4471/6611/10 4474/6612/10 4456/6613/1
f 4486/6614/1451 4487/6615/1765 4492/6616/1766 4489/6617/1767
f 4473/6618/6 4500/6619/6 4503/6620/6 4476/6620/6
f 4498/6621/1768 4499/6622/1769 4496/6623/1770 4493/6624/1639
f 4688/6625/1246 4700/6626/1247 4699/6627/1640 4685/6628/1641
f 4475/6629/8 4504/6630/1250 4505/6631/1250 4470/6632/8
f 4700/6633/1771 4715/6634/1771 4702/6635/1771 4699/6636/1771
f 4690/6637/1252 4696/6638/1558 4697/6639/1456 4691/6640/1642
f 4690/6637/1643 4691/6640/1643 4461/6641/1643 4462/6642/1643
f 4650/6643/1644 4530/6644/1644 4534/6645/1772 4583/6646/1772
f 4574/6647/1773 4551/6648/1773 4540/6649/1774 4599/6650/1774
f 4631/6651/1775 4531/6652/1775 4530/6644/1644 4650/6643/1644
f 4469/6653/9 4506/6654/9 4495/6655/9 4472/6656/9
f 4490/6657/1776 4491/6658/1649 4478/6659/1650 4479/6660/1651
f 4602/6661/1497 4535/6662/1497 4556/6663/1462 4571/6664/1462
f 4459/6665/1653 4475/6629/8 4470/6632/8 4458/6666/1653
f 4455/6667/6 4473/6618/6 4476/6620/6 4460/6668/6
f 4655/6677/1 4666/6678/1 4557/6679/1 4628/6680/1
f 4592/6681/1355 4593/6682/1355 4662/6683/1355 4663/6684/1355
f 4659/6685/9 4654/6686/9 4605/6687/9 4640/6688/9
f 4501/6689/534 4490/6657/534 4479/6660/534 4508/6690/534
f 4471/6611/10 4496/6623/10 4499/6622/10 4474/6612/10
f 4482/6691/1654 4483/6692/1777 4488/6693/1273 4485/6694/1565
f 4507/6654/4 4480/6695/4 4481/6696/4 4494/6697/4
f 4493/6624/4 4482/6691/4 4485/6694/4 4498/6621/4
f 4497/6619/4 4486/6614/4 4489/6617/4 4502/6698/4
f 4480/6695/1778 4477/6699/1467 4484/6696/1779 4481/6696/1469
f 4508/6690/1531 4505/6631/1531 4504/6630/1531 4501/6689/1531
f 4494/6697/1473 4495/6655/1659 4506/6654/1660 4507/6654/1780
f 4502/6698/1781 4503/6620/1782 4500/6619/1576 4497/6619/1480
f 4667/6700/6 4662/6701/6 4593/6702/6 4580/6703/6
f 4686/6704/1666 4693/6705/1667 4694/6706/1668 4687/6707/1669
f 4695/6708/1295 4707/6709/1295 4710/6710/1295 4696/6711/1295
f 4669/6712/1296 4704/6713/1297 4701/6714/1298 4672/6715/1299
f 4668/6716/1335 4679/6717/1335 4674/6718/2 4661/6719/2
f 4666/6678/52 4667/6720/52 4580/6721/52 4557/6679/52
f 4660/6722/2 4671/6723/2 4682/6724/907 4653/6725/907
f 4663/6684/7 4658/6726/7 4641/6727/7 4592/6681/7
f 4470/6632/1783 4469/6728/1783 4457/6729/1784 4458/6666/1784
f 4453/6610/1671 4454/6730/1671 4472/6731/1785 4471/6611/1785
f 4455/6732/1673 4456/6613/1673 4474/6612/1786 4473/6733/1786
f 4459/6665/1308 4460/6734/1308 4476/6735/1787 4475/6629/1787
f 4478/6659/1650 4477/6736/1467 4480/6737/1778 4479/6660/1651
f 4482/6691/1654 4481/6738/1469 4484/6739/1779 4483/6692/1777
f 4486/6740/1451 4485/6694/1565 4488/6693/1273 4487/6741/1765
f 4490/6657/1776 4489/6742/1767 4492/6743/1766 4491/6658/1649
f 4506/6744/1660 4505/6631/1676 4508/6690/1676 4507/6745/1780
f 4502/6746/1781 4501/6689/1788 4504/6630/1788 4503/6747/1782
f 4498/6621/1768 4497/6748/1480 4500/6749/1576 4499/6622/1769
f 4494/6750/1473 4493/6624/1639 4496/6623/1770 4495/6751/1659
f 4568/6752/1329 4569/6753/1329 4477/6736/1329 4478/6659/1329
f 4607/6754/1789 4519/6755/1789 4518/6756/1790 4626/6757/1790
f 4489/6742/4 4490/6657/534 4501/6689/534 4502/6746/4
f 4507/6745/4 4508/6690/534 4479/6660/534 4480/6737/4
f 4493/6624/4 4494/6750/4 4481/6738/4 4482/6691/4
f 4616/6758/53 4617/6759/53 4491/6658/53 4492/6743/53
f 4497/6748/4 4498/6621/4 4485/6694/4 4486/6740/4
f 4531/6652/65 4532/6760/65 4529/6761/65 4530/6644/65
f 4495/6751/1791 4496/6623/1791 4471/6611/1785 4472/6731/1785
f 4473/6733/1786 4474/6612/1786 4499/6622/1792 4500/6749/1792
f 4505/6631/1793 4506/6744/1793 4469/6728/1783 4470/6632/1783
f 4475/6629/1787 4476/6735/1787 4503/6747/1794 4504/6630/1794
f 4457/6762/9 4469/6653/9 4472/6656/9 4454/6763/9
f 4647/6764/1684 4525/6765/1684 4528/6766/1685 4634/6767/1685
f 4643/6768/1301 4521/6769/1301 4524/6770/1177 4638/6771/1177
f 4608/6772/1315 4625/6773/1315 4624/6774/1315 4609/6775/1315
f 4606/6776/1795 4520/6777/1795 4523/6778/1686 4639/6778/1686
f 4630/6779/1350 4532/6780/1350 4511/6781/1796 4615/6782/1796
f 4584/6783/1216 4601/6784/1216 4600/6785/1216 4585/6786/1216
f 4588/6787/1355 4597/6788/1355 4596/6789/1355 4589/6790/1355
f 4664/6791/1334 4661/6792/2 4674/6793/2 4675/6794/1334
f 4560/6795/1329 4577/6796/1329 4576/6797/1329 4561/6798/1329
f 4626/6757/1790 4518/6756/1790 4546/6799/1797 4559/6800/1797
f 4618/6801/1691 4510/6802/1691 4554/6803/1692 4567/6804/1692
f 4575/6805/1798 4552/6806/1798 4549/6807/1799 4562/6808/1799
f 4564/6809/1494 4573/6810/1494 4572/6811/1494 4565/6812/1494
f 4571/6813/1462 4556/6814/1462 4553/6815/1326 4566/6816/1326
f 4638/6817/1177 4524/6818/1177 4519/6819/1789 4607/6819/1789
f 4612/6820/66 4621/6821/66 4620/6822/66 4613/6823/66
f 4634/6824/1685 4528/6825/1685 4515/6826/1695 4611/6827/1695
f 4582/6828/1696 4533/6829/1696 4529/6761/1697 4651/6830/1697
f 4603/6831/1349 4536/6832/1349 4533/6829/1696 4582/6828/1696
f 4578/6833/1696 4547/6834/1696 4544/6835/1698 4595/6836/1698
f 4642/6837/1347 4522/6838/1347 4542/6839/1498 4591/6840/1498
f 4646/6841/1587 4526/6842/1587 4538/6843/1588 4587/6844/1588
f 4583/6646/1772 4534/6645/1772 4535/6845/1497 4602/6846/1497
f 4632/6847/1800 4649/6848/1800 4648/6849/1800 4633/6850/1800
f 4587/6844/1588 4538/6843/1588 4539/6851/1499 4598/6852/1499
f 4621/6821/5 4564/6809/5 4565/6812/5 4620/6822/5
f 4623/6853/1701 4513/6854/1701 4516/6855/1702 4610/6856/1702
f 4483/6692/1493 4484/6739/1493 4604/6857/1493 4581/6858/1493
f 4627/6859/1347 4517/6860/1347 4520/6861/1795 4606/6862/1795
f 4637/6863/9 4608/6864/9 4609/6865/9 4636/6866/9
f 4567/6804/1692 4554/6803/1692 4555/6867/1703 4570/6868/1703
f 4591/6840/1498 4542/6839/1498 4543/6869/1268 4594/6870/1268
f 4685/6871/1348 4686/6704/1348 4465/6872/1348 4466/6873/1348
f 4570/6874/1703 4555/6875/1703 4536/6876/1349 4603/6877/1349
f 4585/6786/7 4648/6849/7 4649/6848/7 4584/6783/7
f 4573/6878/6 4600/6879/6 4601/6880/6 4572/6881/6
f 4639/6882/1686 4523/6883/1686 4522/6838/1347 4642/6837/1347
f 4622/6884/1704 4514/6885/1704 4550/6886/1801 4563/6887/1801
f 4569/6888/6 4604/6889/6 4484/6696/6 4477/6699/6
f 4625/6773/10 4560/6795/10 4561/6798/10 4624/6774/10
f 4563/6887/1801 4550/6886/1801 4551/6890/1773 4574/6891/1773
f 4614/6892/1325 4512/6893/1325 4531/6894/1775 4631/6895/1775
f 4577/6896/6 4596/6897/6 4597/6898/6 4576/6899/6
f 4664/6791/1334 4675/6794/1334 4670/6900/1334 4657/6901/1334
f 4670/6900/1334 4671/6902/2 4660/6903/2 4657/6901/1334
f 4598/6904/1499 4539/6905/1499 4552/6906/1798 4575/6906/1798
f 4590/6907/1300 4541/6908/1300 4521/6769/1301 4643/6768/1301
f 4579/6909/1706 4548/6910/1706 4545/6911/1802 4558/6912/1802
f 4527/6913/1365 4528/6766/1365 4525/6765/1365 4526/6842/1365
f 4523/6883/1215 4524/6770/1215 4521/6769/1215 4522/6838/1215
f 4519/6755/53 4520/6861/53 4517/6860/53 4518/6756/53
f 4515/6914/1315 4516/6855/1315 4513/6854/1315 4514/6885/1315
f 4511/6915/1219 4512/6916/1219 4509/6917/1219 4510/6802/1219
f 4534/6645/64 4533/6829/64 4536/6832/64 4535/6845/64
f 4538/6843/1216 4537/6918/1216 4540/6919/1216 4539/6851/1216
f 4542/6839/1506 4541/6908/1506 4544/6920/1506 4543/6869/1506
f 4546/6799/52 4545/6911/52 4548/6910/52 4547/6921/52
f 4550/6886/1207 4549/6807/1207 4552/6806/1207 4551/6890/1207
f 4554/6803/52 4553/6815/52 4556/6814/52 4555/6867/52
f 4518/6756/1 4517/6860/1 4545/6911/1 4546/6799/1
f 4514/6885/10 4513/6854/10 4549/6807/10 4550/6886/10
f 4510/6802/1 4509/6917/1 4553/6815/1 4554/6803/1
f 4524/6818/9 4523/6778/9 4520/6777/9 4519/6819/9
f 4528/6825/9 4527/6866/9 4516/6922/9 4515/6826/9
f 4532/6780/9 4531/6894/9 4512/6893/9 4511/6781/9
f 4547/6834/1361 4548/6923/1361 4543/6924/1361 4544/6835/1361
f 4551/6648/1361 4552/6906/1361 4539/6905/1361 4540/6649/1361
f 4555/6875/1361 4556/6663/1361 4535/6662/1361 4536/6876/1361
f 4541/6908/8 4542/6839/8 4522/6838/8 4521/6769/8
f 4537/6918/3 4538/6843/3 4526/6842/3 4525/6765/3
f 4533/6829/8 4534/6645/8 4530/6644/8 4529/6761/8
f 4656/6925/907 4683/6926/2 4678/6927/2 4665/6928/1335
f 4656/6925/907 4653/6929/907 4682/6930/907 4683/6926/2
f 4595/6931/1698 4544/6920/1698 4541/6908/1300 4590/6907/1300
f 4589/6790/3 4644/6932/3 4645/6933/3 4588/6787/3
f 4619/6934/1709 4509/6917/1709 4512/6916/1325 4614/6935/1325
f 4562/6808/1799 4549/6807/1799 4513/6854/1701 4623/6853/1701
f 4581/6858/3 4652/6936/3 4488/6693/3 4483/6692/3
f 4487/6741/1508 4488/6693/1508 4652/6936/1508 4629/6937/1508
f 4611/6938/1695 4515/6914/1695 4514/6885/1704 4622/6884/1704
f 4633/6939/9 4612/6940/9 4613/6941/9 4632/6895/9
f 4599/6942/1774 4540/6919/1774 4537/6918/1698 4586/6943/1698
f 4586/6943/1698 4537/6918/1698 4525/6765/1684 4647/6764/1684
f 4651/6830/1697 4529/6761/1697 4532/6760/1350 4630/6944/1350
f 4617/6759/10 4568/6752/10 4478/6659/10 4491/6658/10
f 4636/6945/1508 4645/6933/1508 4644/6932/1508 4637/6946/1508
f 4615/6947/1796 4511/6915/1796 4510/6802/1691 4618/6801/1691
f 4610/6948/1702 4516/6922/1702 4527/6866/1700 4635/6866/1700
f 4640/6949/1508 4641/6727/1508 4658/6726/1508 4659/6950/1508
f 4594/6951/1268 4543/6924/1268 4548/6923/1706 4579/6952/1706
f 4566/6816/1326 4553/6815/1326 4509/6917/1709 4619/6934/1709
f 4635/6953/1700 4527/6913/1700 4526/6842/1587 4646/6841/1587
f 4678/6927/2 4679/6954/1335 4668/6955/1335 4665/6928/1335
f 4629/6956/9 4616/6957/9 4492/6616/9 4487/6615/9
f 4559/6800/1797 4546/6799/1797 4547/6921/1696 4578/6958/1696
f 4632/6847/1803 4631/6651/1803 4650/6643/1803 4649/6848/1803
f 4652/6936/1804 4651/6830/1804 4630/6944/1804 4629/6937/1804
f 4636/6945/1368 4635/6953/1368 4646/6841/1368 4645/6933/1368
f 4648/6849/1710 4647/6764/1710 4634/6767/1710 4633/6850/1710
f 4640/6949/1805 4639/6882/1805 4642/6837/1805 4641/6727/1805
f 4644/6932/1806 4643/6768/1806 4638/6771/1806 4637/6946/1806
f 4608/6772/1807 4607/6754/1807 4626/6757/1807 4625/6773/1807
f 4628/6680/1808 4627/6859/1808 4606/6862/1808 4605/6959/1808
f 4612/6820/1597 4611/6938/1597 4622/6884/1597 4621/6821/1597
f 4624/6774/1714 4623/6853/1714 4610/6856/1714 4609/6775/1714
f 4616/6758/1516 4615/6947/1516 4618/6801/1516 4617/6759/1516
f 4620/6822/1809 4619/6934/1809 4614/6935/1809 4613/6823/1809
f 4584/6783/1381 4583/6646/1381 4602/6846/1381 4601/6784/1381
f 4604/6857/1718 4603/6831/1718 4582/6828/1718 4581/6858/1718
f 4588/6787/1603 4587/6844/1603 4598/6852/1603 4597/6788/1603
f 4600/6785/1380 4599/6942/1380 4586/6943/1380 4585/6786/1380
f 4592/6681/1719 4591/6840/1719 4594/6870/1719 4593/6682/1719
f 4596/6789/1810 4595/6931/1810 4590/6907/1810 4589/6790/1810
f 4560/6795/1811 4559/6800/1811 4578/6958/1811 4577/6796/1811
f 4580/6721/1812 4579/6909/1812 4558/6912/1812 4557/6679/1812
f 4564/6809/1813 4563/6887/1813 4574/6891/1813 4573/6810/1813
f 4576/6797/1724 4575/6805/1724 4562/6808/1724 4561/6798/1724
f 4568/6752/1524 4567/6804/1524 4570/6868/1524 4569/6753/1524
f 4572/6811/1814 4571/6813/1814 4566/6816/1814 4565/6812/1814
f 4625/6773/1527 4626/6757/1527 4559/6800/1527 4560/6795/1527
f 4557/6679/1213 4558/6912/1213 4627/6859/1213 4628/6680/1213
f 4621/6821/1608 4622/6884/1608 4563/6887/1608 4564/6809/1608
f 4561/6798/1726 4562/6808/1726 4623/6853/1726 4624/6774/1726
f 4617/6759/1815 4618/6801/1815 4567/6804/1815 4568/6752/1815
f 4565/6812/1226 4566/6816/1226 4619/6934/1226 4620/6822/1226
f 4637/6863/1529 4638/6817/1529 4607/6819/1529 4608/6864/1529
f 4605/6687/1816 4606/6776/1816 4639/6778/1816 4640/6688/1816
f 4633/6939/1817 4634/6824/1817 4611/6827/1817 4612/6940/1817
f 4609/6865/1239 4610/6948/1239 4635/6866/1239 4636/6866/1239
f 4629/6956/57 4630/6779/57 4615/6782/57 4616/6957/57
f 4613/6941/1239 4614/6892/1239 4631/6895/1239 4632/6895/1239
f 4577/6896/1210 4578/6833/1210 4595/6836/1210 4596/6897/1210
f 4593/6702/1818 4594/6951/1818 4579/6952/1818 4580/6703/1818
f 4573/6878/1819 4574/6647/1819 4599/6650/1819 4600/6879/1819
f 4597/6898/1820 4598/6904/1820 4575/6906/1820 4576/6899/1820
f 4569/6888/1821 4570/6874/1821 4603/6877/1821 4604/6889/1821
f 4601/6880/1530 4602/6661/1530 4571/6664/1530 4572/6881/1530
f 4589/6790/1731 4590/6907/1731 4643/6768/1731 4644/6932/1731
f 4641/6727/20 4642/6837/20 4591/6840/20 4592/6681/20
f 4585/6786/532 4586/6943/532 4647/6764/532 4648/6849/532
f 4645/6933/520 4646/6841/520 4587/6844/520 4588/6787/520
f 4581/6858/1196 4582/6828/1196 4651/6830/1196 4652/6936/1196
f 4649/6848/1186 4650/6643/1186 4583/6646/1186 4584/6783/1186
f 4558/6912/1802 4545/6911/1802 4517/6860/1347 4627/6859/1347
f 4670/6900/1822 4669/6712/1822 4672/6715/1822 4671/6902/1822
f 4674/6793/1733 4673/6960/1733 4676/6961/1733 4675/6794/1733
f 4678/6927/1734 4677/6962/1734 4680/6963/1734 4679/6954/1734
f 4682/6930/1823 4681/6964/1823 4684/6965/1823 4683/6926/1823
f 4662/6966/1824 4661/6792/1824 4664/6791/1824 4663/6967/1824
f 4666/6968/1737 4665/6928/1737 4668/6955/1737 4667/6969/1737
f 4654/6970/1825 4653/6929/1825 4656/6925/1825 4655/6971/1825
f 4658/6972/1826 4657/6901/1826 4660/6903/1826 4659/6973/1826
f 4665/6928/1827 4666/6968/1827 4655/6971/1827 4656/6925/1827
f 4677/6962/1740 4678/6927/1740 4683/6926/1740 4684/6965/1740
f 4653/6725/1408 4654/6974/1408 4659/6975/1408 4660/6722/1408
f 4681/6976/1828 4682/6724/1828 4671/6723/1828 4672/6723/1828
f 4657/6901/1410 4658/6972/1410 4663/6967/1410 4664/6791/1410
f 4669/6712/1541 4670/6900/1541 4675/6794/1541 4676/6961/1541
f 4661/6719/1829 4662/6977/1829 4667/6978/1829 4668/6716/1829
f 4673/6979/1830 4674/6718/1830 4679/6717/1830 4680/6980/1830
f 4654/6981/53 4655/6677/53 4628/6680/53 4605/6959/53
f 4689/6982/1744 4695/6983/1831 4696/6984/1558 4690/6985/1252
f 4461/6641/1416 4691/6640/1416 4692/6986/1416 4468/6987/1416
f 4463/6988/1417 4689/6982/1417 4690/6985/1417 4462/6989/1417
f 4465/6872/1418 4686/6704/1418 4687/6707/1418 4464/6990/1418
f 4700/6991/1832 4698/6992/1832 4714/6993/1832 4715/6994/1832
f 4467/6995/1545 4688/6625/1545 4685/6628/1545 4466/6996/1545
f 4463/6997/1421 4464/6990/1421 4687/6707/1421 4689/6998/1421
f 4467/6999/1746 4468/6987/1746 4692/6986/1746 4688/7000/1746
f 4680/6980/1747 4709/7001/1748 4708/7002/1425 4673/6979/1426
f 4702/7003/1427 4703/7004/1427 4693/7005/1427 4699/7006/1427
f 4673/6960/1426 4708/7007/1425 4705/7008/1428 4676/6961/1429
f 4677/6962/1750 4712/7009/1751 4709/7010/1748 4680/6963/1747
f 4681/6964/1752 4716/7011/1753 4713/7012/1754 4684/6965/1755
f 4676/6961/1429 4705/7008/1428 4704/6713/1297 4669/6712/1296
f 4684/6965/1755 4713/7012/1754 4712/7009/1751 4677/6962/1750
f 4710/7013/1436 4711/7014/1436 4697/7015/1436 4696/7016/1436
f 4697/7015/1756 4711/7014/1756 4714/6993/1756 4698/6992/1756
f 4687/6707/1669 4694/6706/1668 4695/7017/1831 4689/6998/1744
f 4693/7005/1833 4703/7004/1833 4706/7018/1833 4694/7019/1833
f 4692/6986/1757 4698/7020/1440 4700/7021/1247 4688/7000/1246
f 4685/6871/1641 4699/7022/1640 4693/6705/1667 4686/6704/1666
f 4691/6640/1642 4697/6639/1456 4698/7020/1440 4692/6986/1757
f 4695/7023/1834 4694/7019/1834 4706/7018/1834 4707/7024/1834
f 4702/7003/1550 4701/6714/1550 4704/6713/1550 4703/7004/1550
f 4706/7018/1760 4705/7008/1760 4708/7007/1760 4707/7024/1760
f 4710/7013/1835 4709/7010/1835 4712/7009/1835 4711/7014/1835
f 4714/6993/1836 4713/7012/1836 4716/7011/1836 4715/6994/1836
f 4711/7014/1446 4712/7009/1446 4713/7012/1446 4714/6993/1446
f 4715/6634/1763 4716/7025/1763 4701/7026/1763 4702/6635/1763
f 4703/7004/1764 4704/6713/1764 4705/7008/1764 4706/7018/1764
f 4707/6709/1449 4708/7002/1449 4709/7001/1449 4710/6710/1449
f 4672/6723/1299 4701/7026/1298 4716/7025/1753 4681/6976/1752
f 4717/7027/1 4735/7028/5 4738/7029/5 4720/7030/1
f 4750/7031/1451 4751/7032/1765 4756/7033/1766 4753/7034/1837
f 4737/7035/6 4764/7036/6 4767/7037/6 4740/7037/6
f 4762/7038/1838 4763/7039/1769 4760/7040/1839 4757/7041/1840
f 4952/7042/1246 4964/7043/1247 4963/7044/1640 4949/7045/1641
f 4739/7046/8 4768/7047/1250 4769/7048/1250 4734/7049/8
f 4964/7050/1251 4979/7051/1251 4966/7052/1251 4963/7053/1251
f 4954/7054/1252 4960/7055/1558 4961/7056/1456 4955/7057/1642
f 4954/7054/1841 4955/7057/1841 4725/7058/1841 4726/7059/1841
f 4914/7060/1842 4794/7061/1842 4798/7062/1645 4847/7063/1645
f 4838/7064/1773 4815/7065/1773 4804/7066/1774 4863/7067/1774
f 4895/7068/1499 4795/7069/1499 4794/7061/1842 4914/7060/1842
f 4733/7070/9 4770/7071/9 4759/7072/9 4736/7073/9
f 4754/7074/1776 4755/7075/1649 4742/7076/1650 4743/7077/1651
f 4866/7078/1497 4799/7079/1497 4820/7080/1462 4835/7081/1462
f 4723/7082/1653 4739/7046/8 4734/7049/8 4722/7083/1653
f 4719/7084/6 4737/7035/6 4740/7037/6 4724/7085/6
f 4919/7094/1 4930/7095/1 4821/7096/1 4892/7097/1
f 4856/7098/1355 4857/7099/1355 4926/7100/1355 4927/7101/1355
f 4923/7102/9 4918/7103/9 4869/7104/9 4904/7105/9
f 4765/7106/534 4754/7074/534 4743/7077/534 4772/7107/534
f 4735/7028/5 4760/7040/10 4763/7039/10 4738/7029/5
f 4746/7108/1654 4747/7109/1564 4752/7110/1273 4749/7111/1565
f 4771/7071/4 4744/7112/4 4745/7113/4 4758/7114/4
f 4757/7041/4 4746/7108/4 4749/7111/534 4762/7038/534
f 4761/7036/4 4750/7031/534 4753/7034/534 4766/7115/4
f 4744/7112/1843 4741/7116/1844 4748/7113/1845 4745/7113/1568
f 4772/7107/1613 4769/7048/1613 4768/7047/1613 4765/7106/1613
f 4758/7114/1846 4759/7072/1572 4770/7071/1847 4771/7071/1848
f 4766/7115/1781 4767/7037/1849 4764/7036/1217 4761/7036/1217
f 4931/7117/6 4926/7118/6 4857/7119/6 4844/7120/6
f 4950/7121/1666 4957/7122/1667 4958/7123/1668 4951/7124/1669
f 4959/7125/1850 4971/7126/1850 4974/7127/1850 4960/7128/1850
f 4933/7129/1296 4968/7130/1297 4965/7131/1298 4936/7132/1299
f 4932/7133/1301 4943/7134/1301 4938/7135/2 4925/7136/2
f 4930/7095/52 4931/7137/52 4844/7138/52 4821/7096/52
f 4924/7139/907 4935/7140/907 4946/7141/907 4917/7142/907
f 4927/7101/7 4922/7143/7 4905/7144/7 4856/7098/7
f 4734/7049/1851 4733/7145/1851 4721/7146/1303 4722/7083/1303
f 4717/7027/1671 4718/7147/1671 4736/7148/1785 4735/7028/1785
f 4719/7149/1673 4720/7030/1673 4738/7029/1786 4737/7150/1786
f 4723/7082/1308 4724/7151/1308 4740/7152/1787 4739/7046/1787
f 4742/7076/1650 4741/7153/1844 4744/7154/1843 4743/7077/1651
f 4746/7108/1654 4745/7155/1568 4748/7156/1845 4747/7109/1564
f 4750/7157/1451 4749/7111/1565 4752/7110/1273 4751/7158/1765
f 4754/7074/1776 4753/7159/1837 4756/7160/1766 4755/7075/1649
f 4770/7161/1847 4769/7048/1852 4772/7107/1852 4771/7162/1848
f 4766/7163/1781 4765/7106/1853 4768/7047/1853 4767/7164/1849
f 4762/7038/1838 4761/7165/1854 4764/7166/1854 4763/7039/1769
f 4758/7167/1846 4757/7041/1840 4760/7040/1839 4759/7168/1572
f 4832/7169/52 4833/7170/52 4741/7153/52 4742/7076/52
f 4871/7171/1855 4783/7172/1855 4782/7173/1790 4890/7174/1790
f 4753/7159/534 4754/7074/534 4765/7106/534 4766/7163/4
f 4771/7162/4 4772/7107/534 4743/7077/534 4744/7154/4
f 4757/7041/4 4758/7167/4 4745/7155/4 4746/7108/4
f 4880/7175/1315 4881/7176/1315 4755/7075/1315 4756/7160/1315
f 4761/7165/4 4762/7038/534 4749/7111/534 4750/7157/534
f 4795/7069/1215 4796/7177/1215 4793/7178/1215 4794/7061/1215
f 4759/7168/1856 4760/7040/1856 4735/7028/1785 4736/7148/1785
f 4737/7150/1786 4738/7029/1786 4763/7039/1857 4764/7166/1857
f 4769/7048/1858 4770/7161/1858 4733/7145/1851 4734/7049/1851
f 4739/7046/1787 4740/7152/1787 4767/7164/1859 4768/7047/1859
f 4721/7179/9 4733/7070/9 4736/7073/9 4718/7180/9
f 4911/7181/1860 4789/7182/1860 4792/7183/1861 4898/7184/1861
f 4907/7185/1301 4785/7186/1301 4788/7187/1300 4902/7188/1300
f 4872/7189/1315 4889/7190/1315 4888/7191/1315 4873/7192/1315
f 4870/7193/1686 4784/7194/1686 4787/7195/1686 4903/7195/1686
f 4894/7196/1350 4796/7197/1350 4775/7198/1862 4879/7199/1862
f 4848/7200/1269 4865/7201/1269 4864/7202/1269 4849/7203/1269
f 4852/7204/1355 4861/7205/1355 4860/7206/1355 4853/7207/1355
f 4928/7208/2 4925/7209/2 4938/7210/2 4939/7211/1334
f 4824/7212/1329 4841/7213/1329 4840/7214/1329 4825/7215/1329
f 4890/7174/1790 4782/7173/1790 4810/7216/1690 4823/7217/1690
f 4882/7218/1691 4774/7219/1691 4818/7220/1692 4831/7221/1692
f 4839/7222/1798 4816/7223/1798 4813/7224/1863 4826/7225/1863
f 4828/7226/1494 4837/7227/1494 4836/7228/1494 4829/7229/1494
f 4835/7230/1462 4820/7231/1462 4817/7232/1585 4830/7233/1585
f 4902/7234/1300 4788/7235/1300 4783/7236/1855 4871/7236/1855
f 4876/7237/66 4885/7238/66 4884/7239/66 4877/7240/66
f 4898/7241/1861 4792/7242/1861 4779/7243/1864 4875/7244/1864
f 4846/7245/1696 4797/7246/1696 4793/7178/1697 4915/7247/1697
f 4867/7248/1590 4800/7249/1590 4797/7246/1696 4846/7245/1696
f 4842/7250/1696 4811/7251/1696 4808/7252/1698 4859/7253/1698
f 4906/7254/1347 4786/7255/1347 4806/7256/1498 4855/7257/1498
f 4910/7258/1865 4790/7259/1865 4802/7260/1699 4851/7261/1699
f 4847/7063/1645 4798/7062/1645 4799/7262/1497 4866/7263/1497
f 4896/7264/1800 4913/7265/1800 4912/7266/1800 4897/7267/1800
f 4851/7261/1699 4802/7260/1699 4803/7268/1700 4862/7269/1700
f 4885/7238/5 4828/7226/5 4829/7229/5 4884/7239/5
f 4887/7270/1701 4777/7271/1701 4780/7272/1702 4874/7273/1702
f 4747/7109/1355 4748/7156/1355 4868/7274/1355 4845/7275/1355
f 4891/7276/1347 4781/7277/1347 4784/7278/1686 4870/7279/1686
f 4901/7280/9 4872/7281/9 4873/7282/9 4900/7283/9
f 4831/7221/1692 4818/7220/1692 4819/7284/1703 4834/7285/1703
f 4855/7257/1498 4806/7256/1498 4807/7286/1268 4858/7287/1268
f 4949/7288/1348 4950/7121/1348 4729/7289/1348 4730/7290/1348
f 4834/7291/1703 4819/7292/1703 4800/7293/1590 4867/7294/1590
f 4849/7203/3 4912/7266/3 4913/7265/3 4848/7200/3
f 4837/7295/6 4864/7296/6 4865/7297/6 4836/7298/6
f 4903/7299/1686 4787/7300/1686 4786/7255/1347 4906/7254/1347
f 4886/7301/1704 4778/7302/1704 4814/7303/1801 4827/7304/1801
f 4833/7305/6 4868/7306/6 4748/7113/6 4741/7116/6
f 4889/7190/10 4824/7212/10 4825/7215/10 4888/7191/10
f 4827/7304/1801 4814/7303/1801 4815/7307/1773 4838/7308/1773
f 4878/7309/1325 4776/7310/1325 4795/7311/1499 4895/7312/1499
f 4841/7313/6 4860/7314/6 4861/7315/6 4840/7316/6
f 4928/7208/2 4939/7211/1334 4934/7317/2 4921/7318/907
f 4934/7317/2 4935/7319/907 4924/7320/907 4921/7318/907
f 4862/7321/1700 4803/7322/1700 4816/7323/1798 4839/7323/1798
f 4854/7324/1177 4805/7325/1177 4785/7186/1301 4907/7185/1301
f 4843/7326/1706 4812/7327/1706 4809/7328/1707 4822/7329/1707
f 4791/7330/1340 4792/7183/1340 4789/7182/1340 4790/7259/1340
f 4787/7300/1215 4788/7187/1215 4785/7186/1215 4786/7255/1215
f 4783/7172/1866 4784/7278/1866 4781/7277/1866 4782/7173/1866
f 4779/7331/1315 4780/7272/1315 4777/7271/1315 4778/7302/1315
f 4775/7332/53 4776/7333/53 4773/7334/53 4774/7219/53
f 4798/7062/1505 4797/7246/1505 4800/7249/1505 4799/7262/1505
f 4802/7260/1493 4801/7335/1493 4804/7336/1493 4803/7268/1493
f 4806/7256/64 4805/7325/64 4808/7337/64 4807/7286/64
f 4810/7216/52 4809/7328/52 4812/7327/52 4811/7338/52
f 4814/7303/1329 4813/7224/1329 4816/7223/1329 4815/7307/1329
f 4818/7220/1867 4817/7232/1867 4820/7231/1867 4819/7284/1867
f 4782/7173/1 4781/7277/1 4809/7328/1 4810/7216/1
f 4778/7302/5 4777/7271/5 4813/7224/5 4814/7303/5
f 4774/7219/1 4773/7334/1 4817/7232/1 4818/7220/1
f 4788/7235/9 4787/7195/9 4784/7194/9 4783/7236/9
f 4792/7242/9 4791/7339/9 4780/7340/9 4779/7243/9
f 4796/7197/9 4795/7311/9 4776/7310/9 4775/7198/9
f 4811/7251/6 4812/7341/6 4807/7342/6 4808/7252/6
f 4815/7065/6 4816/7323/6 4803/7322/6 4804/7066/6
f 4819/7292/6 4820/7080/6 4799/7079/6 4800/7293/6
f 4805/7325/8 4806/7256/8 4786/7255/8 4785/7186/8
f 4801/7335/8 4802/7260/8 4790/7259/8 4789/7182/8
f 4797/7246/8 4798/7062/8 4794/7061/8 4793/7178/8
f 4920/7343/907 4947/7344/907 4942/7345/907 4929/7346/1301
f 4920/7343/907 4917/7347/907 4946/7348/907 4947/7344/907
f 4859/7349/1698 4808/7337/1698 4805/7325/1177 4854/7324/1177
f 4853/7207/3 4908/7350/3 4909/7351/3 4852/7204/3
f 4883/7352/1325 4773/7334/1325 4776/7333/1325 4878/7353/1325
f 4826/7225/1863 4813/7224/1863 4777/7271/1701 4887/7270/1701
f 4845/7275/3 4916/7354/3 4752/7110/3 4747/7109/3
f 4751/7158/1508 4752/7110/1508 4916/7354/1508 4893/7355/1508
f 4875/7356/1864 4779/7331/1864 4778/7302/1704 4886/7301/1704
f 4897/7357/9 4876/7358/9 4877/7359/9 4896/7360/9
f 4863/7361/1774 4804/7336/1774 4801/7335/1314 4850/7362/1314
f 4850/7362/1314 4801/7335/1314 4789/7182/1860 4911/7181/1860
f 4915/7247/1697 4793/7178/1697 4796/7177/1350 4894/7363/1350
f 4881/7176/10 4832/7169/10 4742/7076/10 4755/7075/10
f 4900/7364/1508 4909/7351/1508 4908/7350/1508 4901/7365/1508
f 4879/7366/1862 4775/7332/1862 4774/7219/1691 4882/7218/1691
f 4874/7367/1702 4780/7340/1702 4791/7339/1700 4899/7283/1700
f 4904/7368/1508 4905/7144/1508 4922/7143/1508 4923/7369/1508
f 4858/7370/1268 4807/7342/1268 4812/7341/1706 4843/7371/1706
f 4830/7233/1585 4817/7232/1585 4773/7334/1325 4883/7352/1325
f 4899/7372/1700 4791/7330/1700 4790/7259/1865 4910/7258/1865
f 4942/7345/907 4943/7373/1301 4932/7374/1301 4929/7346/1301
f 4893/7375/9 4880/7199/9 4756/7033/9 4751/7032/9
f 4823/7217/1690 4810/7216/1690 4811/7338/1696 4842/7376/1696
f 4896/7264/1803 4895/7068/1803 4914/7060/1803 4913/7265/1803
f 4916/7354/1804 4915/7247/1804 4894/7363/1804 4893/7355/1804
f 4900/7364/1595 4899/7372/1595 4910/7258/1595 4909/7351/1595
f 4912/7266/1370 4911/7181/1370 4898/7184/1370 4897/7267/1370
f 4904/7368/1368 4903/7299/1368 4906/7254/1368 4905/7144/1368
f 4908/7350/1804 4907/7185/1804 4902/7188/1804 4901/7365/1804
f 4872/7189/1868 4871/7171/1868 4890/7174/1868 4889/7190/1868
f 4892/7097/1808 4891/7276/1808 4870/7279/1808 4869/7377/1808
f 4876/7237/1869 4875/7356/1869 4886/7301/1869 4885/7238/1869
f 4888/7191/1714 4887/7270/1714 4874/7273/1714 4873/7192/1714
f 4880/7175/1870 4879/7366/1870 4882/7218/1870 4881/7176/1870
f 4884/7239/1809 4883/7352/1809 4878/7353/1809 4877/7240/1809
f 4848/7200/1871 4847/7063/1871 4866/7263/1871 4865/7201/1871
f 4868/7274/1872 4867/7248/1872 4846/7245/1872 4845/7275/1872
f 4852/7204/1719 4851/7261/1719 4862/7269/1719 4861/7205/1719
f 4864/7202/1810 4863/7361/1810 4850/7362/1810 4849/7203/1810
f 4856/7098/1873 4855/7257/1873 4858/7287/1873 4857/7099/1873
f 4860/7206/1874 4859/7349/1874 4854/7324/1874 4853/7207/1874
f 4824/7212/1875 4823/7217/1875 4842/7376/1875 4841/7213/1875
f 4844/7138/1876 4843/7326/1876 4822/7329/1876 4821/7096/1876
f 4828/7226/1813 4827/7304/1813 4838/7308/1813 4837/7227/1813
f 4840/7214/1724 4839/7222/1724 4826/7225/1724 4825/7215/1724
f 4832/7169/1877 4831/7221/1877 4834/7285/1877 4833/7170/1877
f 4836/7228/1388 4835/7230/1388 4830/7233/1388 4829/7229/1388
f 4889/7190/1389 4890/7174/1389 4823/7217/1389 4824/7212/1389
f 4821/7096/1878 4822/7329/1878 4891/7276/1878 4892/7097/1878
f 4885/7238/1815 4886/7301/1815 4827/7304/1815 4828/7226/1815
f 4825/7215/1726 4826/7225/1726 4887/7270/1726 4888/7191/1726
f 4881/7176/1527 4882/7218/1527 4831/7221/1527 4832/7169/1527
f 4829/7229/1226 4830/7233/1226 4883/7352/1226 4884/7239/1226
f 4901/7280/1204 4902/7234/1204 4871/7236/1204 4872/7281/1204
f 4869/7104/1879 4870/7193/1879 4903/7195/1879 4904/7105/1879
f 4897/7357/57 4898/7241/57 4875/7244/57 4876/7358/57
f 4873/7282/1880 4874/7367/1880 4899/7283/1880 4900/7283/1880
f 4893/7375/1209 4894/7196/1209 4879/7199/1209 4880/7199/1209
f 4877/7359/1239 4878/7309/1239 4895/7312/1239 4896/7360/1239
f 4841/7313/50 4842/7250/50 4859/7253/50 4860/7314/50
f 4857/7119/1818 4858/7370/1818 4843/7371/1818 4844/7120/1818
f 4837/7295/55 4838/7064/55 4863/7067/55 4864/7296/55
f 4861/7315/1881 4862/7321/1881 4839/7323/1881 4840/7316/1881
f 4833/7305/50 4834/7291/50 4867/7294/50 4868/7306/50
f 4865/7297/1530 4866/7078/1530 4835/7081/1530 4836/7298/1530
f 4853/7207/1396 4854/7324/1396 4907/7185/1396 4908/7350/1396
f 4905/7144/1882 4906/7254/1882 4855/7257/1882 4856/7098/1882
f 4849/7203/532 4850/7362/532 4911/7181/532 4912/7266/532
f 4909/7351/1186 4910/7258/1186 4851/7261/1186 4852/7204/1186
f 4845/7275/1883 4846/7245/1883 4915/7247/1883 4916/7354/1883
f 4913/7265/1186 4914/7060/1186 4847/7063/1186 4848/7200/1186
f 4822/7329/1707 4809/7328/1707 4781/7277/1347 4891/7276/1347
f 4934/7317/1732 4933/7129/1732 4936/7132/1732 4935/7319/1732
f 4938/7210/1884 4937/7378/1884 4940/7379/1884 4939/7211/1884
f 4942/7345/1885 4941/7380/1885 4944/7381/1885 4943/7373/1885
f 4946/7348/1735 4945/7382/1735 4948/7383/1735 4947/7344/1735
f 4926/7384/1886 4925/7209/1886 4928/7208/1886 4927/7385/1886
f 4930/7386/1887 4929/7346/1887 4932/7374/1887 4931/7387/1887
f 4918/7388/1888 4917/7347/1888 4920/7343/1888 4919/7389/1888
f 4922/7390/1889 4921/7318/1889 4924/7320/1889 4923/7391/1889
f 4929/7346/1827 4930/7386/1827 4919/7389/1827 4920/7343/1827
f 4941/7380/1740 4942/7345/1740 4947/7344/1740 4948/7383/1740
f 4917/7142/1890 4918/7392/1890 4923/7393/1890 4924/7139/1890
f 4945/7394/1828 4946/7141/1828 4935/7140/1828 4936/7140/1828
f 4921/7318/1410 4922/7390/1410 4927/7385/1410 4928/7208/1410
f 4933/7129/1891 4934/7317/1891 4939/7211/1891 4940/7379/1891
f 4925/7136/1892 4926/7395/1892 4931/7396/1892 4932/7133/1892
f 4937/7397/1893 4938/7135/1893 4943/7134/1893 4944/7398/1893
f 4918/7399/53 4919/7094/53 4892/7097/53 4869/7377/53
f 4953/7400/1744 4959/7401/1745 4960/7402/1558 4954/7403/1252
f 4725/7058/1416 4955/7057/1416 4956/7404/1416 4732/7405/1416
f 4727/7406/1625 4953/7400/1625 4954/7403/1625 4726/7407/1625
f 4729/7289/1418 4950/7121/1418 4951/7124/1418 4728/7408/1418
f 4964/7409/1832 4962/7410/1832 4978/7411/1832 4979/7412/1832
f 4731/7413/1545 4952/7042/1545 4949/7045/1545 4730/7414/1545
f 4727/7415/1421 4728/7408/1421 4951/7124/1421 4953/7416/1421
f 4731/7417/1746 4732/7405/1746 4956/7404/1746 4952/7418/1746
f 4944/7398/1747 4973/7419/1748 4972/7420/1425 4937/7397/1426
f 4966/7421/1894 4967/7422/1894 4957/7423/1894 4963/7424/1894
f 4937/7378/1426 4972/7425/1425 4969/7426/1428 4940/7379/1429
f 4941/7380/1750 4976/7427/1751 4973/7428/1748 4944/7381/1747
f 4945/7382/1752 4980/7429/1753 4977/7430/1754 4948/7383/1755
f 4940/7379/1429 4969/7426/1428 4968/7130/1297 4933/7129/1296
f 4948/7383/1755 4977/7430/1754 4976/7427/1751 4941/7380/1750
f 4974/7431/1895 4975/7432/1895 4961/7433/1895 4960/7434/1895
f 4961/7433/1756 4975/7432/1756 4978/7411/1756 4962/7410/1756
f 4951/7124/1669 4958/7123/1668 4959/7435/1745 4953/7416/1744
f 4957/7423/1438 4967/7422/1438 4970/7436/1438 4958/7437/1438
f 4956/7404/1757 4962/7438/1440 4964/7439/1247 4952/7418/1246
f 4949/7288/1641 4963/7440/1640 4957/7122/1667 4950/7121/1666
f 4955/7057/1642 4961/7056/1456 4962/7438/1440 4956/7404/1757
f 4959/7441/1896 4958/7437/1896 4970/7436/1896 4971/7442/1896
f 4966/7421/1550 4965/7131/1550 4968/7130/1550 4967/7422/1550
f 4970/7436/1897 4969/7426/1897 4972/7425/1897 4971/7442/1897
f 4974/7431/1898 4973/7428/1898 4976/7427/1898 4975/7432/1898
f 4978/7411/1836 4977/7430/1836 4980/7429/1836 4979/7412/1836
f 4975/7432/1446 4976/7427/1446 4977/7430/1446 4978/7411/1446
f 4979/7051/1763 4980/7443/1763 4965/7444/1763 4966/7052/1763
f 4967/7422/1764 4968/7130/1764 4969/7426/1764 4970/7436/1764
f 4971/7126/1449 4972/7420/1449 4973/7419/1449 4974/7127/1449
f 4936/7140/1299 4965/7444/1298 4980/7443/1753 4945/7394/1752
f 5461/8200/7 5479/8201/8 5482/8202/8 5464/8203/7
f 5494/8204/2009 5495/8205/2010 5500/8206/1779 5497/8207/2011
f 5481/8208/9 5508/8209/516 5511/8210/516 5484/8210/9
f 5506/8211/1531 5507/8212/1531 5504/8213/1531 5501/8214/1531
f 5696/8215/1414 5708/8216/1831 5707/8217/1558 5693/8218/2012
f 5483/8219/10 5512/8220/2013 5513/8221/2013 5478/8222/10
f 5708/8223/1295 5723/8224/1295 5710/8225/1295 5707/8226/1295
f 5698/8227/1455 5704/8228/2014 5705/8229/1667 5699/8230/2015
f 5698/8227/1348 5699/8230/1348 5469/8231/1348 5470/8232/1348
f 5658/8233/1694 5538/8234/1694 5542/8235/1343 5591/8236/1343
f 5582/8237/2016 5559/8238/2016 5548/8239/2017 5607/8239/2017
f 5639/8240/1585 5539/8241/1585 5538/8234/1694 5658/8233/1694
f 5477/8242/6 5514/8243/2018 5503/8244/2018 5480/8245/6
f 5498/8246/1654 5499/8247/2019 5486/8248/2020 5487/8249/2021
f 5610/8250/2022 5543/8251/2022 5564/8252/1275 5579/8252/1275
f 5467/8253/1 5483/8219/10 5478/8222/10 5466/8254/1
f 5463/8255/9 5481/8208/9 5484/8210/9 5468/8256/9
f 5663/8257/7 5674/8258/7 5565/8259/7 5636/8260/7
f 5600/8261/53 5601/8262/53 5670/8263/53 5671/8264/53
f 5667/8265/6 5662/8266/6 5613/8267/6 5648/8268/6
f 5509/8269/4 5498/8246/1176 5487/8249/1700 5516/8270/1700
f 5479/8201/8 5504/8213/1250 5507/8212/1250 5482/8202/8
f 5490/8271/2023 5491/8272/2024 5496/8273/2025 5493/8274/2026
f 5515/8275/1343 5488/8276/1343 5489/8277/1462 5502/8278/1700
f 5501/8214/1462 5490/8271/1462 5493/8274/1343 5506/8211/1343
f 5505/8209/1343 5494/8204/1343 5497/8207/4 5510/8279/4
f 5488/8276/2027 5485/8280/2027 5492/8281/2028 5489/8277/2029
f 5516/8270/45 5513/8221/45 5512/8220/45 5509/8269/45
f 5502/8278/2030 5503/8244/2031 5514/8243/2032 5515/8275/2033
f 5510/8279/2034 5511/8210/2035 5508/8209/2036 5505/8209/2037
f 5675/8282/9 5670/8283/9 5601/8284/9 5588/8285/9
f 5694/8286/2038 5701/8287/1456 5702/8288/1440 5695/8289/2039
f 5703/8290/1251 5715/8291/1251 5718/8292/1251 5704/8293/1251
f 5677/8294/2040 5712/8295/2041 5709/8296/2042 5680/8297/2043
f 5676/8298/2 5687/8299/907 5682/8300/1300 5669/8301/1351
f 5674/8258/1340 5675/8302/1340 5588/8303/1340 5565/8259/1340
f 5668/8304/1495 5679/8305/1301 5690/8306/1313 5661/8307/1334
f 5671/8264/5 5666/8308/5 5649/8309/5 5600/8261/5
f 5478/8222/1307 5477/8310/1307 5465/8311/1673 5466/8254/1673
f 5461/8200/2044 5462/8312/2044 5480/8313/2045 5479/8201/2045
f 5463/8314/1303 5464/8203/1303 5482/8202/1302 5481/8315/1302
f 5467/8253/1671 5468/8316/1671 5484/8317/1484 5483/8219/1484
f 5486/8248/2020 5485/8318/2046 5488/8319/2046 5487/8249/2021
f 5490/8271/2023 5489/8320/2029 5492/8321/2028 5491/8272/2024
f 5494/8322/2009 5493/8274/2026 5496/8273/2025 5495/8323/2010
f 5498/8246/1654 5497/8324/2011 5500/8325/1779 5499/8247/2019
f 5514/8326/2032 5513/8221/2047 5516/8270/2047 5515/8327/2033
f 5510/8328/2034 5509/8269/2048 5512/8220/2048 5511/8329/2035
f 5506/8211/2049 5505/8330/2037 5508/8331/2036 5507/8212/2049
f 5502/8332/2030 5501/8214/2050 5504/8213/2050 5503/8333/2031
f 5576/8334/1508 5577/8335/1508 5485/8318/1508 5486/8248/1508
f 5615/8336/1349 5527/8337/1349 5526/8338/1678 5634/8339/1678
f 5497/8324/4 5498/8246/1176 5509/8269/4 5510/8328/4
f 5515/8327/1343 5516/8270/1700 5487/8249/1700 5488/8319/1343
f 5501/8214/1462 5502/8332/1700 5489/8320/1462 5490/8271/1462
f 5624/8340/1216 5625/8341/1216 5499/8247/1216 5500/8325/1216
f 5505/8330/1343 5506/8211/1343 5493/8274/1343 5494/8322/1343
f 5539/8241/62 5540/8342/62 5537/8343/62 5538/8234/62
f 5503/8333/2051 5504/8213/2051 5479/8201/2045 5480/8313/2045
f 5481/8315/1302 5482/8202/1302 5507/8212/1584 5508/8331/1584
f 5513/8221/2052 5514/8326/2052 5477/8310/1307 5478/8222/1307
f 5483/8219/1484 5484/8317/1484 5511/8329/2053 5512/8220/2053
f 5465/8344/6 5477/8242/6 5480/8245/6 5462/8345/6
f 5655/8346/907 5533/8347/907 5536/8348/2054 5642/8349/2054
f 5651/8350/2055 5529/8351/2055 5532/8352/1313 5646/8353/1313
f 5616/8354/1355 5633/8355/1355 5632/8356/1355 5617/8357/1355
f 5614/8358/1275 5528/8359/1275 5531/8360/1268 5647/8360/1268
f 5638/8361/1351 5540/8362/1351 5519/8363/1334 5623/8364/1334
f 5592/8365/1315 5609/8366/1315 5608/8367/1315 5593/8368/1315
f 5596/8369/53 5605/8370/53 5604/8371/53 5597/8372/53
f 5672/8373/2056 5669/8374/1351 5682/8375/1300 5683/8376/1330
f 5568/8377/1508 5585/8378/1508 5584/8379/1508 5569/8380/1508
f 5634/8339/1678 5526/8338/1678 5554/8381/2056 5567/8382/2056
f 5626/8383/2057 5518/8384/2057 5562/8385/2058 5575/8386/2058
f 5583/8387/1353 5560/8388/1353 5557/8389/2059 5570/8390/2059
f 5572/8391/1340 5581/8392/1340 5580/8393/1340 5573/8394/1340
f 5579/8395/1275 5564/8396/1275 5561/8397/2060 5574/8398/2060
f 5646/8399/1313 5532/8400/1313 5527/8401/1349 5615/8401/1349
f 5620/8402/1216 5629/8403/1216 5628/8404/1216 5621/8405/1216
f 5642/8406/2054 5536/8407/2054 5523/8408/2061 5619/8408/2061
f 5590/8409/2062 5541/8410/2062 5537/8343/2063 5659/8411/2063
f 5611/8412/1789 5544/8413/1789 5541/8410/2062 5590/8409/2062
f 5586/8414/2064 5555/8415/2064 5552/8416/2065 5603/8416/2065
f 5650/8417/1498 5530/8418/1498 5550/8419/2066 5599/8420/2066
f 5654/8421/4 5534/8422/4 5546/8423/2067 5595/8424/2067
f 5591/8236/1343 5542/8235/1343 5543/8425/2022 5610/8426/2022
f 5640/8427/52 5657/8428/52 5656/8429/52 5641/8430/52
f 5595/8424/2067 5546/8423/2067 5547/8431/1462 5606/8432/1462
f 5629/8403/7 5572/8391/7 5573/8394/7 5628/8404/7
f 5631/8433/2022 5521/8434/2022 5524/8435/1343 5618/8436/1343
f 5491/8272/53 5492/8321/53 5612/8437/53 5589/8438/53
f 5635/8439/1276 5525/8440/1276 5528/8441/1275 5614/8442/1275
f 5645/8443/6 5616/8401/6 5617/8444/6 5644/8445/6
f 5575/8386/2058 5562/8385/2058 5563/8446/1324 5578/8447/1324
f 5599/8420/2066 5550/8419/2066 5551/8448/2066 5602/8449/2066
f 5693/8450/1643 5694/8286/1643 5473/8451/1643 5474/8452/1643
f 5578/8453/1324 5563/8454/1324 5544/8455/1789 5611/8456/1789
f 5593/8368/5 5656/8429/5 5657/8428/5 5592/8365/5
f 5581/8457/9 5608/8458/9 5609/8459/9 5580/8252/9
f 5647/8460/1268 5531/8461/1268 5530/8418/1498 5650/8417/1498
f 5630/8462/1324 5522/8463/1324 5558/8464/2068 5571/8465/2068
f 5577/8466/9 5612/8467/9 5492/8281/9 5485/8280/9
f 5633/8355/3 5568/8377/3 5569/8380/3 5632/8356/3
f 5571/8465/2068 5558/8464/2068 5559/8468/2016 5582/8469/2016
f 5622/8470/2069 5520/8471/2069 5539/8472/1585 5639/8472/1585
f 5585/8473/9 5604/8416/9 5605/8474/9 5584/8475/9
f 5672/8373/2056 5683/8376/1330 5678/8476/1330 5665/8477/1330
f 5678/8476/1330 5679/8478/1301 5668/8479/1495 5665/8477/1330
f 5606/8480/1462 5547/8481/1462 5560/8482/1353 5583/8483/1353
f 5598/8484/2070 5549/8485/2070 5529/8351/2055 5651/8350/2055
f 5587/8486/1341 5556/8487/1341 5553/8488/2071 5566/8489/2071
f 5535/8490/1220 5536/8348/1220 5533/8347/1220 5534/8422/1220
f 5531/8461/1591 5532/8352/1591 5529/8351/1591 5530/8418/1591
f 5527/8337/1506 5528/8441/1506 5525/8440/1506 5526/8338/1506
f 5523/8491/64 5524/8435/64 5521/8434/64 5522/8463/64
f 5519/8492/1344 5520/8493/1344 5517/8494/1344 5518/8384/1344
f 5542/8235/1708 5541/8410/1708 5544/8413/1708 5543/8425/1708
f 5546/8423/53 5545/8495/53 5548/8496/53 5547/8431/53
f 5550/8419/2072 5549/8485/2072 5552/8497/2072 5551/8448/2072
f 5554/8381/1365 5553/8488/1365 5556/8487/1365 5555/8498/1365
f 5558/8464/2073 5557/8389/2073 5560/8388/2073 5559/8468/2073
f 5562/8385/1218 5561/8397/1218 5564/8396/1218 5563/8446/1218
f 5526/8338/8 5525/8440/8 5553/8488/8 5554/8381/8
f 5522/8463/8 5521/8434/8 5557/8389/8 5558/8464/8
f 5518/8384/7 5517/8494/7 5561/8397/7 5562/8385/7
f 5532/8400/1361 5531/8360/1361 5528/8359/1361 5527/8401/1361
f 5536/8407/1361 5535/8499/1361 5524/8500/1361 5523/8408/1361
f 5540/8362/1361 5539/8472/1361 5520/8471/1361 5519/8363/1361
f 5555/8415/2074 5556/8501/2074 5551/8502/2074 5552/8416/2074
f 5559/8238/1360 5560/8482/1360 5547/8481/1360 5548/8239/1360
f 5563/8454/2074 5564/8252/2074 5543/8251/2074 5544/8455/2074
f 5549/8485/2013 5550/8419/2013 5530/8418/2013 5529/8351/2013
f 5545/8495/5 5546/8423/5 5534/8422/5 5533/8347/5
f 5541/8410/5 5542/8235/5 5538/8234/5 5537/8343/5
f 5664/8503/1334 5691/8504/1334 5686/8505/1334 5673/8506/1334
f 5664/8503/1334 5661/8507/1334 5690/8508/1313 5691/8504/1334
f 5603/8509/2065 5552/8497/2065 5549/8485/2070 5598/8484/2070
f 5597/8372/5 5652/8510/5 5653/8511/5 5596/8369/5
f 5627/8512/2075 5517/8494/2075 5520/8493/2069 5622/8513/2069
f 5570/8390/2059 5557/8389/2059 5521/8434/2022 5631/8433/2022
f 5589/8438/1 5660/8514/1 5496/8273/1 5491/8272/1
f 5495/8323/52 5496/8273/52 5660/8514/52 5637/8515/52
f 5619/8516/2061 5523/8491/2061 5522/8463/1324 5630/8462/1324
f 5641/8517/6 5620/8408/6 5621/8518/6 5640/8519/6
f 5607/8520/2017 5548/8496/2017 5545/8495/2076 5594/8521/2076
f 5594/8521/2076 5545/8495/2076 5533/8347/907 5655/8346/907
f 5659/8411/2063 5537/8343/2063 5540/8342/1351 5638/8522/1351
f 5625/8341/7 5576/8334/7 5486/8248/7 5499/8247/7
f 5644/8523/1329 5653/8511/1329 5652/8510/1329 5645/8524/1329
f 5623/8525/1334 5519/8492/1334 5518/8384/2057 5626/8383/2057
f 5618/8526/1343 5524/8500/1343 5535/8499/534 5643/8499/534
f 5648/8527/52 5649/8309/52 5666/8308/52 5667/8528/52
f 5602/8529/2066 5551/8502/2066 5556/8501/1341 5587/8501/1341
f 5574/8398/2060 5561/8397/2060 5517/8494/2075 5627/8512/2075
f 5643/8530/534 5535/8490/534 5534/8422/4 5654/8421/4
f 5686/8505/1334 5687/8531/907 5676/8532/2 5673/8506/1334
f 5637/8533/6 5624/8364/6 5500/8206/6 5495/8205/6
f 5567/8382/2056 5554/8381/2056 5555/8498/2064 5586/8534/2064
f 5640/8427/2077 5639/8240/2077 5658/8233/2077 5657/8428/2077
f 5660/8514/1524 5659/8411/1524 5638/8522/1524 5637/8515/1524
f 5644/8523/2078 5643/8530/2078 5654/8421/2078 5653/8511/2078
f 5656/8429/2079 5655/8346/2079 5642/8349/2079 5641/8430/2079
f 5648/8527/2080 5647/8460/2080 5650/8417/2080 5649/8309/2080
f 5652/8510/2081 5651/8350/2081 5646/8353/2081 5645/8524/2081
f 5616/8354/2082 5615/8336/2082 5634/8339/2082 5633/8355/2082
f 5636/8260/2083 5635/8439/2083 5614/8442/2083 5613/8535/2083
f 5620/8402/2084 5619/8516/2084 5630/8462/2084 5629/8403/2084
f 5632/8356/2085 5631/8433/2085 5618/8436/2085 5617/8357/2085
f 5624/8340/1874 5623/8525/1874 5626/8383/1874 5625/8341/1874
f 5628/8404/2086 5627/8512/2086 5622/8513/2086 5621/8405/2086
f 5592/8365/2087 5591/8236/2087 5610/8426/2087 5609/8366/2087
f 5612/8437/1513 5611/8412/1513 5590/8409/1513 5589/8438/1513
f 5596/8369/2088 5595/8424/2088 5606/8432/2088 5605/8370/2088
f 5608/8367/2089 5607/8520/2089 5594/8521/2089 5593/8368/2089
f 5600/8261/2090 5599/8420/2090 5602/8449/2090 5601/8262/2090
f 5604/8371/2091 5603/8509/2091 5598/8484/2091 5597/8372/2091
f 5568/8377/2092 5567/8382/2092 5586/8534/2092 5585/8378/2092
f 5588/8303/2093 5587/8486/2093 5566/8489/2093 5565/8259/2093
f 5572/8391/1512 5571/8465/1512 5582/8469/1512 5581/8392/1512
f 5584/8379/1805 5583/8387/1805 5570/8390/1805 5569/8380/1805
f 5576/8334/2094 5575/8386/2094 5578/8447/2094 5577/8335/2094
f 5580/8393/2095 5579/8395/2095 5574/8398/2095 5573/8394/2095
f 5633/8355/532 5634/8339/532 5567/8382/532 5568/8377/532
f 5565/8259/520 5566/8489/520 5635/8439/520 5636/8260/520
f 5629/8403/1396 5630/8462/1396 5571/8465/1396 5572/8391/1396
f 5569/8380/1613 5570/8390/1613 5631/8433/1613 5632/8356/1613
f 5625/8341/2005 5626/8383/2005 5575/8386/2005 5576/8334/2005
f 5573/8394/1186 5574/8398/1186 5627/8512/1186 5628/8404/1186
f 5645/8443/2096 5646/8399/2096 5615/8401/2096 5616/8401/2096
f 5613/8267/63 5614/8358/63 5647/8360/63 5648/8268/63
f 5641/8517/1236 5642/8406/1236 5619/8408/1236 5620/8408/1236
f 5617/8444/63 5618/8526/63 5643/8499/63 5644/8445/63
f 5637/8533/55 5638/8361/55 5623/8364/55 5624/8364/55
f 5621/8518/1530 5622/8470/1530 5639/8472/1530 5640/8519/1530
f 5585/8473/2097 5586/8414/2097 5603/8416/2097 5604/8416/2097
f 5601/8284/1528 5602/8529/1528 5587/8501/1528 5588/8285/1528
f 5581/8457/2098 5582/8237/2098 5607/8239/2098 5608/8458/2098
f 5605/8474/1528 5606/8480/1528 5583/8483/1528 5584/8475/1528
f 5577/8466/1976 5578/8453/1976 5611/8456/1976 5612/8467/1976
f 5609/8459/1239 5610/8250/1239 5579/8252/1239 5580/8252/1239
f 5597/8372/1389 5598/8484/1389 5651/8350/1389 5652/8510/1389
f 5649/8309/1390 5650/8417/1390 5599/8420/1390 5600/8261/1390
f 5593/8368/2099 5594/8521/2099 5655/8346/2099 5656/8429/2099
f 5653/8511/23 5654/8421/23 5595/8424/23 5596/8369/23
f 5589/8438/1389 5590/8409/1389 5659/8411/1389 5660/8514/1389
f 5657/8428/1878 5658/8233/1878 5591/8236/1878 5592/8365/1878
f 5566/8489/2071 5553/8488/2071 5525/8440/1276 5635/8439/1276
f 5678/8476/2100 5677/8294/2100 5680/8297/2100 5679/8478/2100
f 5682/8375/2101 5681/8536/2101 5684/8537/2101 5683/8376/2101
f 5686/8505/2102 5685/8538/2102 5688/8539/2102 5687/8531/2102
f 5690/8508/2103 5689/8540/2103 5692/8541/2103 5691/8504/2103
f 5670/8542/2104 5669/8374/2104 5672/8373/2104 5671/8543/2104
f 5674/8544/2105 5673/8506/2105 5676/8532/2105 5675/8545/2105
f 5662/8546/1886 5661/8507/1886 5664/8503/1886 5663/8547/1886
f 5666/8548/2106 5665/8477/2106 5668/8479/2106 5667/8549/2106
f 5673/8506/1410 5674/8544/1410 5663/8547/1410 5664/8503/1410
f 5685/8538/1541 5686/8505/1541 5691/8504/1541 5692/8541/1541
f 5661/8307/1742 5662/8550/1742 5667/8551/1742 5668/8304/1742
f 5689/8552/2107 5690/8306/2107 5679/8305/2107 5680/8553/2107
f 5665/8477/2108 5666/8548/2108 5671/8543/2108 5672/8373/2108
f 5677/8294/2109 5678/8476/2109 5683/8376/2109 5684/8537/2109
f 5669/8301/2110 5670/8554/2110 5675/8555/2110 5676/8298/2110
f 5681/8556/2111 5682/8300/2111 5687/8299/2111 5688/8557/2111
f 5662/8558/1216 5663/8257/1216 5636/8260/1216 5613/8535/1216
f 5697/8559/2112 5703/8560/1247 5704/8561/2014 5698/8562/1455
f 5469/8231/1418 5699/8230/1418 5700/8563/1418 5476/8564/1418
f 5471/8565/1420 5697/8559/1420 5698/8562/1420 5470/8566/1420
f 5473/8451/2113 5694/8286/2113 5695/8289/2113 5472/8567/2113
f 5708/8568/1896 5706/8569/1896 5722/8570/1896 5723/8571/1896
f 5475/8572/1417 5696/8215/1417 5693/8218/1417 5474/8573/1417
f 5471/8574/2114 5472/8567/2114 5695/8289/2114 5697/8575/2114
f 5475/8576/1421 5476/8564/1421 5700/8563/1421 5696/8577/1421
f 5688/8557/2115 5717/8578/2116 5716/8579/2117 5681/8556/1432
f 5710/8580/2118 5711/8581/2118 5701/8582/2118 5707/8583/2118
f 5681/8536/1432 5716/8584/2117 5713/8585/1434 5684/8537/2119
f 5685/8538/2120 5720/8586/2121 5717/8587/2116 5688/8539/2115
f 5689/8540/2122 5724/8588/2123 5721/8589/2124 5692/8541/2125
f 5684/8537/2119 5713/8585/1434 5712/8295/2041 5677/8294/2040
f 5692/8541/2125 5721/8589/2124 5720/8586/2121 5685/8538/2120
f 5718/8590/2126 5719/8591/2126 5705/8592/2126 5704/8593/2126
f 5705/8592/1438 5719/8591/1438 5722/8570/1438 5706/8569/1438
f 5695/8289/2039 5702/8288/1440 5703/8594/1247 5697/8575/2112
f 5701/8582/1437 5711/8581/1437 5714/8595/1437 5702/8596/1437
f 5700/8563/2127 5706/8597/1668 5708/8598/1831 5696/8577/1414
f 5693/8450/2012 5707/8599/1558 5701/8287/1456 5694/8286/2038
f 5699/8230/2015 5705/8229/1667 5706/8597/1668 5700/8563/2127
f 5703/8600/2128 5702/8596/2128 5714/8595/2128 5715/8601/2128
f 5710/8580/2129 5709/8296/2129 5712/8295/2129 5711/8581/2129
f 5714/8595/2130 5713/8585/2130 5716/8584/2130 5715/8601/2130
f 5718/8590/1759 5717/8587/1759 5720/8586/1759 5719/8591/1759
f 5722/8570/2131 5721/8589/2131 5724/8588/2131 5723/8571/2131
f 5719/8591/1448 5720/8586/1448 5721/8589/1448 5722/8570/1448
f 5723/8224/2132 5724/8602/2132 5709/8603/2132 5710/8225/2132
f 5711/8581/1446 5712/8295/1446 5713/8585/1446 5714/8595/1446
f 5715/8291/1447 5716/8579/1447 5717/8578/1447 5718/8292/1447
f 5680/8553/2043 5709/8603/2042 5724/8602/2123 5689/8552/2122
f 5725/8604/7 5743/8605/7 5746/8606/7 5728/8607/7
f 5758/8608/2133 5759/8609/2134 5764/8610/2135 5761/8610/2135
f 5745/8611/9 5772/8612/9 5775/8613/9 5748/8614/9
f 5770/8615/19 5771/8616/19 5768/8617/19 5765/8618/19
f 5960/8619/2136 5972/8620/1745 5971/8621/1558 5957/8622/2012
f 5747/8623/1241 5776/8624/2137 5777/8625/2137 5742/8626/1241
f 5972/8627/1295 5987/8628/1295 5974/8629/1295 5971/8630/1295
f 5962/8631/1455 5968/8632/2014 5969/8633/1667 5963/8634/2015
f 5962/8631/1348 5963/8634/1348 5733/8635/1348 5734/8636/1348
f 5922/8637/1261 5802/8638/1261 5806/8639/2138 5855/8640/2138
f 5846/8641/1860 5823/8642/1860 5812/8643/1322 5871/8643/1322
f 5903/8644/534 5803/8645/534 5802/8638/1261 5922/8637/1261
f 5741/8646/6 5778/8647/1557 5767/8648/1557 5744/8649/6
f 5762/8650/2139 5763/8651/2140 5750/8652/2141 5751/8653/2142
f 5874/8654/1261 5807/8655/1261 5828/8656/2143 5843/8657/2143
f 5731/8658/10 5747/8623/1241 5742/8626/1241 5730/8659/10
f 5727/8660/9 5745/8611/9 5748/8614/9 5732/8661/9
f 5927/8662/8 5938/8663/8 5829/8664/8 5900/8665/8
f 5864/8666/53 5865/8667/53 5934/8668/53 5935/8669/53
f 5931/8670/6 5926/8671/6 5877/8672/6 5912/8673/6
f 5773/8674/4 5762/8650/1700 5751/8653/4 5780/8675/4
f 5743/8605/7 5768/8617/1653 5771/8616/1653 5746/8606/7
f 5754/8676/1459 5755/8677/2144 5760/8678/2145 5757/8679/2146
f 5779/8647/4 5752/8680/4 5753/8681/1275 5766/8682/1275
f 5765/8618/1275 5754/8676/1275 5757/8679/534 5770/8615/534
f 5769/8683/534 5758/8608/534 5761/8610/1700 5774/8684/4
f 5752/8680/2147 5749/8685/2147 5756/8681/2147 5753/8681/2147
f 5780/8675/1202 5777/8625/1202 5776/8624/1202 5773/8674/1202
f 5766/8682/2148 5767/8648/2149 5778/8647/2150 5779/8647/2151
f 5774/8684/2152 5775/8613/2153 5772/8612/1285 5769/8683/2154
f 5939/8686/9 5934/8687/9 5865/8688/9 5852/8689/9
f 5958/8690/2155 5965/8691/1456 5966/8692/1440 5959/8693/2039
f 5967/8694/1251 5979/8695/1251 5982/8696/1251 5968/8697/1251
f 5941/8698/2040 5976/8699/2041 5973/8700/2042 5944/8701/2156
f 5940/8702/907 5951/8703/1300 5946/8704/1350 5933/8705/1350
f 5938/8663/1340 5939/8706/1340 5852/8707/1340 5829/8664/1340
f 5932/8708/1301 5943/8709/907 5954/8710/907 5925/8711/907
f 5935/8669/5 5930/8712/5 5913/8713/5 5864/8666/5
f 5742/8626/2157 5741/8714/2157 5729/8715/2158 5730/8659/2158
f 5725/8604/1308 5726/8716/1308 5744/8717/2159 5743/8605/2159
f 5727/8718/1303 5728/8607/1303 5746/8606/1302 5745/8719/1302
f 5731/8658/1671 5732/8720/1671 5748/8721/2160 5747/8623/2160
f 5750/8652/2141 5749/8722/2161 5752/8723/2161 5751/8653/2142
f 5754/8676/1459 5753/8724/2162 5756/8725/2162 5755/8677/2144
f 5758/8726/2133 5757/8679/2146 5760/8678/2145 5759/8727/2134
f 5762/8650/2139 5761/8728/2163 5764/8729/2163 5763/8651/2140
f 5778/8730/2150 5777/8625/2164 5780/8675/2164 5779/8731/2151
f 5774/8732/2152 5773/8674/2165 5776/8624/2165 5775/8733/2153
f 5770/8615/2166 5769/8734/2154 5772/8735/1285 5771/8616/2166
f 5766/8736/2148 5765/8618/2167 5768/8617/2167 5767/8737/2149
f 5840/8738/1340 5841/8739/1340 5749/8722/1340 5750/8652/1340
f 5879/8740/1349 5791/8741/1349 5790/8742/2168 5898/8743/2168
f 5761/8728/1700 5762/8650/1700 5773/8674/4 5774/8732/4
f 5779/8731/4 5780/8675/4 5751/8653/4 5752/8723/4
f 5765/8618/1275 5766/8736/1275 5753/8724/1275 5754/8676/1275
f 5888/8744/1355 5889/8745/1355 5763/8651/1355 5764/8729/1355
f 5769/8734/534 5770/8615/534 5757/8679/534 5758/8726/534
f 5803/8645/52 5804/8746/52 5801/8747/52 5802/8638/52
f 5767/8737/2169 5768/8617/2169 5743/8605/2159 5744/8717/2159
f 5745/8719/1302 5746/8606/1302 5771/8616/1584 5772/8735/1584
f 5777/8625/2170 5778/8730/2170 5741/8714/2157 5742/8626/2157
f 5747/8623/2160 5748/8721/2160 5775/8733/2171 5776/8624/2171
f 5729/8748/6 5741/8646/6 5744/8649/6 5726/8749/6
f 5919/8750/1696 5797/8751/1696 5800/8752/1496 5906/8753/1496
f 5915/8754/1334 5793/8755/1334 5796/8756/1349 5910/8757/1349
f 5880/8758/1493 5897/8759/1493 5896/8760/1493 5881/8761/1493
f 5878/8762/2172 5792/8763/2172 5795/8673/1176 5911/8673/1176
f 5902/8764/2173 5804/8765/2173 5783/8766/1690 5887/8767/1690
f 5856/8768/1315 5873/8769/1315 5872/8770/1315 5857/8771/1315
f 5860/8772/2174 5869/8773/2174 5868/8774/2174 5861/8775/2174
f 5936/8776/1350 5933/8777/1350 5946/8778/1350 5947/8779/2175
f 5832/8780/1365 5849/8781/1365 5848/8782/1365 5833/8783/1365
f 5898/8743/2168 5790/8742/2168 5818/8784/1330 5831/8785/1330
f 5890/8786/2176 5782/8787/2176 5826/8788/2177 5839/8789/2177
f 5847/8790/2178 5824/8791/2178 5821/8792/2075 5834/8793/2075
f 5836/8794/1340 5845/8795/1340 5844/8796/1340 5837/8797/1340
f 5843/8798/2143 5828/8799/2143 5825/8800/2179 5838/8801/2179
f 5910/8802/1349 5796/8803/1349 5791/8804/1349 5879/8805/1349
f 5884/8806/64 5893/8807/64 5892/8808/64 5885/8809/64
f 5906/8810/1496 5800/8811/1496 5787/8812/2017 5883/8813/2017
f 5854/8814/2180 5805/8815/2180 5801/8747/2181 5923/8816/2181
f 5875/8817/1559 5808/8818/1559 5805/8815/2180 5854/8814/2180
f 5850/8819/1334 5819/8820/1334 5816/8821/1313 5867/8821/1313
f 5914/8822/1343 5794/8823/1343 5814/8824/2067 5863/8825/2067
f 5918/8826/2182 5798/8827/2182 5810/8828/2183 5859/8829/2183
f 5855/8640/2138 5806/8639/2138 5807/8830/1261 5874/8831/1261
f 5904/8832/1329 5921/8833/1329 5920/8834/1329 5905/8835/1329
f 5859/8829/2183 5810/8828/2183 5811/8836/2059 5870/8837/2059
f 5893/8807/8 5836/8794/8 5837/8797/8 5892/8808/8
f 5895/8838/1700 5785/8839/1700 5788/8840/1498 5882/8841/1498
f 5755/8677/53 5756/8725/53 5876/8842/53 5853/8843/53
f 5899/8844/1176 5789/8845/1176 5792/8846/2172 5878/8847/2172
f 5909/8848/6 5880/8805/6 5881/8849/6 5908/8850/6
f 5839/8789/2177 5826/8788/2177 5827/8851/2184 5842/8852/2184
f 5863/8825/2067 5814/8824/2067 5815/8853/2069 5866/8854/2069
f 5957/8855/1643 5958/8690/1643 5737/8856/1643 5738/8857/1643
f 5842/8858/2184 5827/8859/2184 5808/8860/1559 5875/8860/1559
f 5857/8771/5 5920/8834/5 5921/8833/5 5856/8768/5
f 5845/8861/9 5872/8862/9 5873/8863/9 5844/8657/9
f 5911/8864/1176 5795/8865/1176 5794/8823/1343 5914/8822/1343
f 5894/8866/2185 5786/8867/2185 5822/8868/2186 5835/8869/2186
f 5841/8870/9 5876/8871/9 5756/8681/9 5749/8685/9
f 5897/8759/7 5832/8780/7 5833/8783/7 5896/8760/7
f 5835/8869/2186 5822/8868/2186 5823/8872/1860 5846/8873/1860
f 5886/8874/2187 5784/8875/2187 5803/8876/534 5903/8877/534
f 5849/8878/9 5868/8879/9 5869/8880/9 5848/8881/9
f 5936/8776/1350 5947/8779/2175 5942/8882/1495 5929/8883/1301
f 5942/8882/1495 5943/8884/907 5932/8885/1301 5929/8883/1301
f 5870/8886/2059 5811/8887/2059 5824/8888/2178 5847/8889/2178
f 5862/8890/1314 5813/8891/1314 5793/8755/1334 5915/8754/1334
f 5851/8892/2188 5820/8893/2188 5817/8894/534 5830/8895/534
f 5799/8896/1329 5800/8752/1329 5797/8751/1329 5798/8827/1329
f 5795/8865/1329 5796/8756/1329 5793/8755/1329 5794/8823/1329
f 5791/8741/1506 5792/8846/1506 5789/8845/1506 5790/8742/1506
f 5787/8897/1506 5788/8840/1506 5785/8839/1506 5786/8867/1506
f 5783/8898/2189 5784/8899/2189 5781/8900/2189 5782/8787/2189
f 5806/8639/53 5805/8815/53 5808/8818/53 5807/8830/53
f 5810/8828/1315 5809/8901/1315 5812/8902/1315 5811/8836/1315
f 5814/8824/2190 5813/8891/2190 5816/8903/2190 5815/8853/2190
f 5818/8784/1365 5817/8894/1365 5820/8893/1365 5819/8904/1365
f 5822/8868/2191 5821/8792/2191 5824/8791/2191 5823/8872/2191
f 5826/8788/2192 5825/8800/2192 5828/8799/2192 5827/8851/2192
f 5790/8742/8 5789/8845/8 5817/8894/8 5818/8784/8
f 5786/8867/8 5785/8839/8 5821/8792/8 5822/8868/8
f 5782/8787/8 5781/8900/8 5825/8800/8 5826/8788/8
f 5796/8803/1361 5795/8673/1361 5792/8763/1361 5791/8804/1361
f 5800/8811/1361 5799/8905/1361 5788/8906/1361 5787/8812/1361
f 5804/8765/1361 5803/8876/1361 5784/8875/1361 5783/8766/1361
f 5819/8820/1360 5820/8907/1360 5815/8908/1360 5816/8821/1360
f 5823/8642/2074 5824/8888/2074 5811/8887/2074 5812/8643/2074
f 5827/8859/1360 5828/8656/1360 5807/8655/1360 5808/8860/1360
f 5813/8891/1 5814/8824/1 5794/8823/1 5793/8755/1
f 5809/8901/10 5810/8828/10 5798/8827/10 5797/8751/10
f 5805/8815/10 5806/8639/10 5802/8638/10 5801/8747/10
f 5928/8909/907 5955/8910/907 5950/8911/907 5937/8912/907
f 5928/8909/907 5925/8913/907 5954/8914/907 5955/8910/907
f 5867/8915/1313 5816/8903/1313 5813/8891/1314 5862/8890/1314
f 5861/8775/1 5916/8916/1 5917/8917/1 5860/8772/1
f 5891/8918/2193 5781/8900/2193 5784/8899/2187 5886/8919/2187
f 5834/8793/2075 5821/8792/2075 5785/8839/1700 5895/8838/1700
f 5853/8843/1 5924/8920/1 5760/8678/1 5755/8677/1
f 5759/8727/52 5760/8678/52 5924/8920/52 5901/8921/52
f 5883/8922/2017 5787/8897/2017 5786/8867/2185 5894/8866/2185
f 5905/8923/6 5884/8924/6 5885/8925/6 5904/8926/6
f 5871/8927/1322 5812/8902/1322 5809/8901/1323 5858/8928/1323
f 5858/8928/1323 5809/8901/1323 5797/8751/1696 5919/8750/1696
f 5923/8816/2181 5801/8747/2181 5804/8746/2173 5902/8929/2173
f 5889/8745/7 5840/8738/7 5750/8652/7 5763/8651/7
f 5908/8930/1329 5917/8917/1329 5916/8916/1329 5909/8931/1329
f 5887/8932/1690 5783/8898/1690 5782/8787/2176 5890/8786/2176
f 5882/8933/1498 5788/8906/1498 5799/8905/2188 5907/8934/2188
f 5912/8935/1482 5913/8713/1482 5930/8712/1482 5931/8936/1482
f 5866/8937/2069 5815/8908/2069 5820/8907/2188 5851/8907/2188
f 5838/8801/2179 5825/8800/2179 5781/8900/2193 5891/8918/2193
f 5907/8938/2188 5799/8896/2188 5798/8827/2182 5918/8826/2182
f 5950/8911/907 5951/8939/1300 5940/8940/907 5937/8912/907
f 5901/8941/6 5888/8942/6 5764/8610/6 5759/8609/6
f 5831/8785/1330 5818/8784/1330 5819/8904/1334 5850/8943/1334
f 5904/8832/1814 5903/8644/1814 5922/8637/1814 5921/8833/1814
f 5924/8920/1813 5923/8816/1813 5902/8929/1813 5901/8921/1813
f 5908/8930/2194 5907/8938/2194 5918/8826/2194 5917/8917/2194
f 5920/8834/1385 5919/8750/1385 5906/8753/1385 5905/8835/1385
f 5912/8935/1876 5911/8864/1876 5914/8822/1876 5913/8713/1876
f 5916/8916/1522 5915/8754/1522 5910/8757/1522 5909/8931/1522
f 5880/8758/1380 5879/8740/1380 5898/8743/1380 5897/8759/1380
f 5900/8665/1719 5899/8844/1719 5878/8847/1719 5877/8944/1719
f 5884/8806/2195 5883/8922/2195 5894/8866/2195 5893/8807/2195
f 5896/8760/2085 5895/8838/2085 5882/8841/2085 5881/8761/2085
f 5888/8744/2195 5887/8932/2195 5890/8786/2195 5889/8745/2195
f 5892/8808/2196 5891/8918/2196 5886/8919/2196 5885/8809/2196
f 5856/8768/1515 5855/8640/1515 5874/8831/1515 5873/8769/1515
f 5876/8842/1870 5875/8817/1870 5854/8814/1870 5853/8843/1870
f 5860/8772/2197 5859/8829/2197 5870/8837/2197 5869/8773/2197
f 5872/8770/1869 5871/8927/1869 5858/8928/1869 5857/8771/1869
f 5864/8666/1809 5863/8825/1809 5866/8854/1809 5865/8667/1809
f 5868/8774/2198 5867/8915/2198 5862/8890/2198 5861/8775/2198
f 5832/8780/2199 5831/8785/2199 5850/8943/2199 5849/8781/2199
f 5852/8707/1593 5851/8892/1593 5830/8895/1593 5829/8664/1593
f 5836/8794/1804 5835/8869/1804 5846/8873/1804 5845/8795/1804
f 5848/8782/2200 5847/8790/2200 5834/8793/2200 5833/8783/2200
f 5840/8738/2201 5839/8789/2201 5842/8852/2201 5841/8739/2201
f 5844/8796/2202 5843/8798/2202 5838/8801/2202 5837/8797/2202
f 5897/8759/1958 5898/8743/1958 5831/8785/1958 5832/8780/1958
f 5829/8664/1472 5830/8895/1472 5899/8844/1472 5900/8665/1472
f 5893/8807/1396 5894/8866/1396 5835/8869/1396 5836/8794/1396
f 5833/8783/2203 5834/8793/2203 5895/8838/2203 5896/8760/2203
f 5889/8745/1929 5890/8786/1929 5839/8789/1929 5840/8738/1929
f 5837/8797/1397 5838/8801/1397 5891/8918/1397 5892/8808/1397
f 5909/8848/1210 5910/8802/1210 5879/8805/1210 5880/8805/1210
f 5877/8672/46 5878/8762/46 5911/8673/46 5912/8673/46
f 5905/8923/2204 5906/8810/2204 5883/8813/2204 5884/8924/2204
f 5881/8849/1818 5882/8933/1818 5907/8934/1818 5908/8850/1818
f 5901/8941/2204 5902/8764/2204 5887/8767/2204 5888/8942/2204
f 5885/8925/1203 5886/8874/1203 5903/8877/1203 5904/8926/1203
f 5849/8878/48 5850/8819/48 5867/8821/48 5868/8879/48
f 5865/8688/2205 5866/8937/2205 5851/8907/2205 5852/8689/2205
f 5845/8861/2206 5846/8641/2206 5871/8643/2206 5872/8862/2206
f 5869/8880/2205 5870/8886/2205 5847/8889/2205 5848/8881/2205
f 5841/8870/2097 5842/8858/2097 5875/8860/2097 5876/8871/2097
f 5873/8863/2205 5874/8654/2205 5843/8657/2205 5844/8657/2205
f 5861/8775/1389 5862/8890/1389 5915/8754/1389 5916/8916/1389
f 5913/8713/45 5914/8822/45 5863/8825/45 5864/8666/45
f 5857/8771/49 5858/8928/49 5919/8750/49 5920/8834/49
f 5917/8917/1187 5918/8826/1187 5859/8829/1187 5860/8772/1187
f 5853/8843/37 5854/8814/37 5923/8816/37 5924/8920/37
f 5921/8833/45 5922/8637/45 5855/8640/45 5856/8768/45
f 5830/8895/534 5817/8894/534 5789/8845/1176 5899/8844/1176
f 5942/8882/2207 5941/8698/2207 5944/8701/2207 5943/8884/2207
f 5946/8778/2208 5945/8945/2208 5948/8946/2208 5947/8779/2208
f 5950/8911/1533 5949/8947/1533 5952/8948/1533 5951/8939/1533
f 5954/8914/2103 5953/8949/2103 5956/8950/2103 5955/8910/2103
f 5934/8951/2209 5933/8777/2209 5936/8776/2209 5935/8952/2209
f 5938/8953/2210 5937/8912/2210 5940/8940/2210 5939/8954/2210
f 5926/8955/2211 5925/8913/2211 5928/8909/2211 5927/8956/2211
f 5930/8957/2212 5929/8883/2212 5932/8885/2212 5931/8958/2212
f 5937/8912/2213 5938/8953/2213 5927/8956/2213 5928/8909/2213
f 5949/8947/2214 5950/8911/2214 5955/8910/2214 5956/8950/2214
f 5925/8711/2215 5926/8959/2215 5931/8960/2215 5932/8708/2215
f 5953/8961/2216 5954/8710/2216 5943/8709/2216 5944/8962/2216
f 5929/8883/2108 5930/8957/2108 5935/8952/2108 5936/8776/2108
f 5941/8698/2109 5942/8882/2109 5947/8779/2109 5948/8946/2109
f 5933/8705/2217 5934/8963/2217 5939/8702/2217 5940/8702/2217
f 5945/8964/2218 5946/8704/2218 5951/8703/2218 5952/8965/2218
f 5926/8966/1216 5927/8662/1216 5900/8665/1216 5877/8944/1216
f 5961/8967/2112 5967/8968/1247 5968/8969/2014 5962/8970/1455
f 5733/8635/1418 5963/8634/1418 5964/8971/1418 5740/8972/1418
f 5735/8973/1420 5961/8967/1420 5962/8970/1420 5734/8974/1420
f 5737/8856/1416 5958/8690/1416 5959/8693/1416 5736/8975/1416
f 5972/8976/1441 5970/8977/1441 5986/8978/1441 5987/8979/1441
f 5739/8980/1417 5960/8619/1417 5957/8622/1417 5738/8981/1417
f 5735/8982/1746 5736/8975/1746 5959/8693/1746 5961/8983/1746
f 5739/8984/2219 5740/8972/2219 5964/8971/2219 5960/8985/2219
f 5952/8965/2115 5981/8986/2116 5980/8987/2220 5945/8964/2221
f 5974/8988/2222 5975/8989/2222 5965/8990/2222 5971/8991/2222
f 5945/8945/2221 5980/8992/2220 5977/8993/2223 5948/8946/2224
f 5949/8947/2225 5984/8994/2226 5981/8995/2116 5952/8948/2115
f 5953/8949/2227 5988/8996/2123 5985/8997/2124 5956/8950/2228
f 5948/8946/2224 5977/8993/2223 5976/8699/2041 5941/8698/2040
f 5956/8950/2228 5985/8997/2124 5984/8994/2226 5949/8947/2225
f 5982/8998/2126 5983/8999/2126 5969/9000/2126 5968/9001/2126
f 5969/9000/1438 5983/8999/1438 5986/8978/1438 5970/8977/1438
f 5959/8693/2039 5966/8692/1440 5967/9002/1247 5961/8983/2112
f 5965/8990/1437 5975/8989/1437 5978/9003/1437 5966/9004/1437
f 5964/8971/2229 5970/9005/2230 5972/9006/1745 5960/8985/2136
f 5957/8855/2012 5971/9007/1558 5965/8691/1456 5958/8690/2155
f 5963/8634/2015 5969/8633/1667 5970/9005/2230 5964/8971/2229
f 5967/9008/2231 5966/9004/2231 5978/9003/2231 5979/9009/2231
f 5974/8988/2232 5973/8700/2232 5976/8699/2232 5975/8989/2232
f 5978/9003/2233 5977/8993/2233 5980/8992/2233 5979/9009/2233
f 5982/8998/2234 5981/8995/2234 5984/8994/2234 5983/8999/2234
f 5986/8978/2235 5985/8997/2235 5988/8996/2235 5987/8979/2235
f 5983/8999/2236 5984/8994/2236 5985/8997/2236 5986/8978/2236
f 5987/8628/1449 5988/9010/1449 5973/9011/1449 5974/8629/1449
f 5975/8989/1446 5976/8699/1446 5977/8993/1446 5978/9003/1446
f 5979/8695/1447 5980/8987/1447 5981/8986/1447 5982/8696/1447
f 5944/8962/2156 5973/9011/2042 5988/9010/2123 5953/8961/2227
f 5989/9012/1 6007/9013/2237 6010/9014/2237 5992/9015/1
f 6022/9016/2238 6023/9017/1243 6028/9018/1239 6025/9018/1239
f 6009/9019/6 6036/9020/6 6039/9021/6 6012/9022/6
f 6034/9023/23 6035/9024/23 6032/9025/23 6029/9026/23
f 6224/9027/2239 6236/9028/2240 6235/9029/2014 6221/9030/1455
f 6011/9031/3 6040/9032/8 6041/9033/8 6006/9034/3
f 6236/9035/1251 6251/9036/1251 6238/9037/1251 6235/9038/1251
f 6226/9039/2241 6232/9040/2242 6233/9041/2243 6227/9042/2244
f 6226/9039/2245 6227/9042/2245 5997/9043/2245 5998/9044/2245
f 6186/9045/2246 6066/9046/2246 6070/9047/2247 6119/9048/2247
f 6110/9049/2248 6087/9050/2248 6076/9051/2249 6135/9052/2249
f 6167/9053/1276 6067/9054/1276 6066/9046/2246 6186/9045/2246
f 6005/9055/516 6042/9056/516 6031/9057/516 6008/9058/516
f 6026/9059/2250 6027/9060/2251 6014/9061/2252 6015/9062/2253
f 6138/9063/1276 6071/9064/1276 6092/9065/1498 6107/9065/1498
f 5995/9066/3 6011/9031/3 6006/9034/3 5994/9067/3
f 5991/9068/6 6009/9019/6 6012/9022/6 5996/9069/6
f 6191/9070/5 6202/9071/5 6093/9072/5 6164/9073/5
f 6128/9074/1506 6129/9075/1506 6198/9076/1506 6199/9077/1506
f 6195/9078/9 6190/9079/9 6141/9080/9 6176/9081/9
f 6037/9082/1275 6026/9059/2254 6015/9062/2255 6044/9083/1268
f 6007/9013/2237 6032/9025/1241 6035/9024/1241 6010/9014/2237
f 6018/9084/2256 6019/9085/2257 6024/9086/2141 6021/9087/2258
f 6043/9056/1268 6016/9088/1268 6017/9089/4 6030/9090/4
f 6029/9026/534 6018/9084/4 6021/9087/4 6034/9023/534
f 6033/9091/4 6022/9016/4 6025/9018/1275 6038/9092/1275
f 6016/9088/2259 6013/9093/2259 6020/9094/2259 6017/9089/2259
f 6044/9083/2260 6041/9033/1280 6040/9032/1281 6037/9082/1282
f 6030/9090/1846 6031/9057/1572 6042/9056/2261 6043/9056/2262
f 6038/9092/2263 6039/9021/2264 6036/9020/2265 6033/9091/1480
f 6203/9095/6 6198/9096/6 6129/9097/6 6116/9098/6
f 6222/9099/1291 6229/9100/1667 6230/9101/1668 6223/9102/2127
f 6231/9103/1295 6243/9104/1295 6246/9105/1295 6232/9106/1295
f 6205/9107/2266 6240/9108/2226 6237/9109/2116 6208/9110/2115
f 6204/9111/1259 6215/9112/1259 6210/9113/907 6197/9114/907
f 6202/9071/52 6203/9115/52 6116/9116/52 6093/9072/52
f 6196/9117/1300 6207/9118/1300 6218/9119/1334 6189/9120/1313
f 6199/9077/3 6194/9121/3 6177/9122/3 6128/9074/3
f 6006/9034/2267 6005/9123/2267 5993/9124/1303 5994/9067/1303
f 5989/9012/1671 5990/9125/1671 6008/9126/1305 6007/9013/1305
f 5991/9127/1673 5992/9015/1673 6010/9014/1307 6009/9128/1307
f 5995/9066/2268 5996/9129/2268 6012/9130/1309 6011/9031/1309
f 6014/9061/2252 6013/9131/2269 6016/9132/2269 6015/9062/2253
f 6018/9084/2256 6017/9133/2270 6020/9134/2270 6019/9085/2257
f 6022/9135/2238 6021/9087/2258 6024/9086/2141 6023/9136/1243
f 6026/9059/2250 6025/9137/2271 6028/9138/2271 6027/9060/2251
f 6042/9139/2261 6041/9033/1280 6044/9083/2260 6043/9140/2262
f 6038/9141/2263 6037/9082/1282 6040/9032/1281 6039/9142/2264
f 6034/9023/2272 6033/9143/1480 6036/9144/2265 6035/9024/2272
f 6030/9145/1846 6029/9026/2273 6032/9025/2273 6031/9146/1572
f 6104/9147/52 6105/9148/52 6013/9131/52 6014/9061/52
f 6143/9149/2274 6055/9150/2274 6054/9151/2275 6162/9152/2275
f 6025/9137/1275 6026/9059/2254 6037/9082/1275 6038/9141/1275
f 6043/9140/1268 6044/9083/1268 6015/9062/2255 6016/9132/1268
f 6029/9026/534 6030/9145/4 6017/9133/4 6018/9084/4
f 6152/9153/1315 6153/9154/1315 6027/9060/1315 6028/9138/1315
f 6033/9143/4 6034/9023/534 6021/9087/4 6022/9135/4
f 6067/9054/2276 6068/9155/2276 6065/9156/2276 6066/9046/2276
f 6031/9146/1317 6032/9025/1317 6007/9013/1305 6008/9126/1305
f 6009/9128/1307 6010/9014/1307 6035/9024/1318 6036/9144/1318
f 6041/9033/2277 6042/9139/2277 6005/9123/2267 6006/9034/2267
f 6011/9031/1309 6012/9130/1309 6039/9142/2278 6040/9032/2278
f 5993/9157/9 6005/9055/516 6008/9058/516 5990/9158/9
f 6183/9159/2279 6061/9160/2279 6064/9161/2280 6170/9162/2280
f 6179/9163/2281 6057/9164/2281 6060/9165/2282 6174/9166/2282
f 6144/9167/2283 6161/9168/2283 6160/9169/2283 6145/9170/2283
f 6142/9171/1347 6056/9172/1347 6059/9173/2284 6175/9173/2284
f 6166/9174/1259 6068/9175/1259 6047/9176/1684 6151/9177/1684
f 6120/9178/1493 6137/9179/1493 6136/9180/1493 6121/9181/1493
f 6124/9182/1506 6133/9183/1506 6132/9184/1506 6125/9185/1506
f 6200/9186/907 6197/9187/907 6210/9188/907 6211/9189/2
f 6096/9190/1591 6113/9191/1591 6112/9192/1591 6097/9193/1591
f 6162/9152/2275 6054/9151/2275 6082/9194/2285 6095/9195/2285
f 6154/9196/1300 6046/9197/1300 6090/9198/1300 6103/9199/1300
f 6111/9200/2286 6088/9201/2286 6085/9202/2287 6098/9203/2287
f 6100/9204/1329 6109/9205/1329 6108/9206/1329 6101/9207/1329
f 6107/9208/1498 6092/9209/1498 6089/9210/1694 6102/9211/1694
f 6174/9212/2282 6060/9213/2282 6055/9214/2274 6143/9214/2274
f 6148/9215/1315 6157/9216/1315 6156/9217/1315 6149/9218/1315
f 6170/9219/2280 6064/9220/2280 6051/9221/2288 6147/9221/2288
f 6118/9222/1259 6069/9223/1259 6065/9156/1313 6187/9224/1313
f 6139/9225/1313 6072/9226/1313 6069/9223/1259 6118/9222/1259
f 6114/9227/2289 6083/9228/2289 6080/9229/2290 6131/9229/2290
f 6178/9230/2291 6058/9231/2291 6078/9232/1457 6127/9233/1457
f 6182/9234/2292 6062/9235/2292 6074/9236/2293 6123/9237/2293
f 6119/9048/2247 6070/9047/2247 6071/9238/1276 6138/9239/1276
f 6168/9240/1218 6185/9241/1218 6184/9242/1218 6169/9243/1218
f 6123/9237/2293 6074/9236/2293 6075/9244/2294 6134/9245/2294
f 6157/9216/5 6100/9204/5 6101/9207/5 6156/9217/5
f 6159/9246/2295 6049/9247/2295 6052/9248/2188 6146/9249/2188
f 6019/9085/1344 6020/9134/1344 6140/9250/1344 6117/9251/1344
f 6163/9252/1462 6053/9253/1462 6056/9254/1347 6142/9255/1347
f 6173/9256/9 6144/9214/9 6145/9257/9 6172/9258/9
f 6103/9199/1300 6090/9198/1300 6091/9259/1335 6106/9260/1335
f 6127/9233/1457 6078/9232/1457 6079/9261/2296 6130/9262/2296
f 6221/9263/2297 6222/9099/2297 6001/9264/2297 6002/9265/2297
f 6106/9266/1335 6091/9267/1335 6072/9268/1313 6139/9269/1313
f 6121/9181/7 6184/9242/7 6185/9241/7 6120/9178/7
f 6109/9270/6 6136/9271/6 6137/9272/6 6108/9065/6
f 6175/9273/2284 6059/9274/2284 6058/9231/2291 6178/9230/2291
f 6158/9275/2298 6050/9276/2298 6086/9277/2299 6099/9278/2299
f 6105/9279/6 6140/9280/6 6020/9094/6 6013/9093/6
f 6161/9168/5 6096/9190/5 6097/9193/5 6160/9169/5
f 6099/9278/2299 6086/9277/2299 6087/9281/2248 6110/9282/2248
f 6150/9283/1499 6048/9284/1499 6067/9285/1276 6167/9286/1276
f 6113/9287/6 6132/9229/6 6133/9288/6 6112/9289/6
f 6200/9186/907 6211/9189/2 6206/9290/2 6193/9291/1300
f 6206/9290/2 6207/9292/1300 6196/9293/1300 6193/9291/1300
f 6134/9294/2294 6075/9295/2294 6088/9296/2286 6111/9297/2286
f 6126/9298/2300 6077/9299/2300 6057/9164/2281 6179/9163/2281
f 6115/9300/1694 6084/9301/1694 6081/9302/1462 6094/9303/1462
f 6063/9304/2004 6064/9161/2004 6061/9160/2004 6062/9235/2004
f 6059/9274/2073 6060/9165/2073 6057/9164/2073 6058/9231/2073
f 6055/9150/1315 6056/9254/1315 6053/9253/1315 6054/9151/1315
f 6051/9305/1708 6052/9248/1708 6049/9247/1708 6050/9276/1708
f 6047/9306/66 6048/9307/66 6045/9308/66 6046/9197/66
f 6070/9047/2301 6069/9223/2301 6072/9226/2301 6071/9238/2301
f 6074/9236/2302 6073/9309/2302 6076/9310/2302 6075/9244/2302
f 6078/9232/1357 6077/9299/1357 6080/9311/1357 6079/9261/1357
f 6082/9194/1329 6081/9302/1329 6084/9301/1329 6083/9312/1329
f 6086/9277/2303 6085/9202/2303 6088/9201/2303 6087/9281/2303
f 6090/9198/1359 6089/9210/1359 6092/9209/1359 6091/9259/1359
f 6054/9151/10 6053/9253/10 6081/9302/10 6082/9194/10
f 6050/9276/10 6049/9247/10 6085/9202/10 6086/9277/10
f 6046/9197/10 6045/9308/10 6089/9210/10 6090/9198/10
f 6060/9213/1360 6059/9173/1360 6056/9172/1360 6055/9214/1360
f 6064/9220/1360 6063/9313/1360 6052/9314/1360 6051/9221/1360
f 6068/9175/1360 6067/9285/1360 6048/9284/1360 6047/9176/1360
f 6083/9228/1361 6084/9315/1361 6079/9316/1361 6080/9229/1361
f 6087/9050/1361 6088/9296/1361 6075/9295/1361 6076/9051/1361
f 6091/9267/2304 6092/9065/2304 6071/9064/2304 6072/9268/2304
f 6077/9299/1653 6078/9232/1653 6058/9231/1653 6057/9164/1653
f 6073/9309/3 6074/9236/3 6062/9235/3 6061/9160/3
f 6069/9223/1653 6070/9047/1653 6066/9046/1653 6065/9156/1653
f 6192/9317/1313 6219/9318/1334 6214/9319/2305 6201/9320/2305
f 6192/9317/1313 6189/9321/1313 6218/9322/1334 6219/9318/1334
f 6131/9323/2290 6080/9311/2290 6077/9299/2300 6126/9298/2300
f 6125/9185/8 6180/9324/8 6181/9325/8 6124/9182/8
f 6155/9326/2306 6045/9308/2306 6048/9307/1499 6150/9327/1499
f 6098/9203/2287 6085/9202/2287 6049/9247/2295 6159/9246/2295
f 6117/9251/3 6188/9328/3 6024/9086/3 6019/9085/3
f 6023/9136/1800 6024/9086/1800 6188/9328/1800 6165/9329/1800
f 6147/9330/2288 6051/9305/2288 6050/9276/2298 6158/9275/2298
f 6169/9331/9 6148/9332/9 6149/9333/9 6168/9334/9
f 6135/9335/2249 6076/9310/2249 6073/9309/2307 6122/9336/2307
f 6122/9336/2307 6073/9309/2307 6061/9160/2279 6183/9159/2279
f 6187/9224/1313 6065/9156/1313 6068/9155/1259 6166/9337/1259
f 6153/9154/5 6104/9147/5 6014/9061/5 6027/9060/5
f 6172/9338/1800 6181/9325/1800 6180/9324/1800 6173/9339/1800
f 6151/9340/1684 6047/9306/1684 6046/9197/1300 6154/9196/1300
f 6146/9341/2188 6052/9314/2188 6063/9313/1707 6171/9313/1707
f 6176/9342/60 6177/9122/60 6194/9121/60 6195/9343/60
f 6130/9344/2296 6079/9316/2296 6084/9315/1694 6115/9345/1694
f 6102/9211/1694 6089/9210/1694 6045/9308/2306 6155/9326/2306
f 6171/9346/1707 6063/9304/1707 6062/9235/2292 6182/9234/2292
f 6214/9319/2305 6215/9347/1259 6204/9348/1259 6201/9320/2305
f 6165/9349/9 6152/9350/9 6028/9018/9 6023/9017/9
f 6095/9195/2285 6082/9194/2285 6083/9312/2289 6114/9351/2289
f 6168/9240/2308 6167/9053/2308 6186/9045/2308 6185/9241/2308
f 6188/9328/2309 6187/9224/2309 6166/9337/2309 6165/9329/2309
f 6172/9338/2310 6171/9346/2310 6182/9234/2310 6181/9325/2310
f 6184/9242/2311 6183/9159/2311 6170/9162/2311 6169/9243/2311
f 6176/9342/1711 6175/9273/1711 6178/9230/1711 6177/9122/1711
f 6180/9324/2312 6179/9163/2312 6174/9166/2312 6173/9339/2312
f 6144/9167/2313 6143/9149/2313 6162/9152/2313 6161/9168/2313
f 6164/9073/2314 6163/9252/2314 6142/9255/2314 6141/9352/2314
f 6148/9215/2315 6147/9330/2315 6158/9275/2315 6157/9216/2315
f 6160/9169/2316 6159/9246/2316 6146/9249/2316 6145/9170/2316
f 6152/9153/2317 6151/9340/2317 6154/9196/2317 6153/9154/2317
f 6156/9217/2318 6155/9326/2318 6150/9327/2318 6149/9218/2318
f 6120/9178/2319 6119/9048/2319 6138/9239/2319 6137/9179/2319
f 6140/9250/2320 6139/9225/2320 6118/9222/2320 6117/9251/2320
f 6124/9182/2321 6123/9237/2321 6134/9245/2321 6133/9183/2321
f 6136/9180/2322 6135/9335/2322 6122/9336/2322 6121/9181/2322
f 6128/9074/2323 6127/9233/2323 6130/9262/2323 6129/9075/2323
f 6132/9184/2324 6131/9323/2324 6126/9298/2324 6125/9185/2324
f 6096/9190/2325 6095/9195/2325 6114/9351/2325 6113/9191/2325
f 6116/9116/2326 6115/9300/2326 6094/9303/2326 6093/9072/2326
f 6100/9204/2327 6099/9278/2327 6110/9282/2327 6109/9205/2327
f 6112/9192/2328 6111/9200/2328 6098/9203/2328 6097/9193/2328
f 6104/9147/2329 6103/9199/2329 6106/9260/2329 6105/9148/2329
f 6108/9206/1814 6107/9208/1814 6102/9211/1814 6101/9207/1814
f 6161/9168/1391 6162/9152/1391 6095/9195/1391 6096/9190/1391
f 6093/9072/1213 6094/9303/1213 6163/9252/1213 6164/9073/1213
f 6157/9216/39 6158/9275/39 6099/9278/39 6100/9204/39
f 6097/9193/1202 6098/9203/1202 6159/9246/1202 6160/9169/1202
f 6153/9154/1527 6154/9196/1527 6103/9199/1527 6104/9147/1527
f 6101/9207/1226 6102/9211/1226 6155/9326/1226 6156/9217/1226
f 6173/9256/1728 6174/9212/1728 6143/9214/1728 6144/9214/1728
f 6141/9080/2330 6142/9171/2330 6175/9173/2330 6176/9081/2330
f 6169/9331/57 6170/9219/57 6147/9221/57 6148/9332/57
f 6145/9257/1816 6146/9341/1816 6171/9313/1816 6172/9258/1816
f 6165/9349/1204 6166/9174/1204 6151/9177/1204 6152/9350/1204
f 6149/9333/1909 6150/9283/1909 6167/9286/1909 6168/9334/1909
f 6113/9287/2331 6114/9227/2331 6131/9229/2331 6132/9229/2331
f 6129/9097/1729 6130/9344/1729 6115/9345/1729 6116/9098/1729
f 6109/9270/1235 6110/9049/1235 6135/9052/1235 6136/9271/1235
f 6133/9288/2332 6134/9294/2332 6111/9297/2332 6112/9289/2332
f 6105/9279/1611 6106/9266/1611 6139/9269/1611 6140/9280/1611
f 6137/9272/1820 6138/9063/1820 6107/9065/1820 6108/9065/1820
f 6125/9185/1883 6126/9298/1883 6179/9163/1883 6180/9324/1883
f 6177/9122/1613 6178/9230/1613 6127/9233/1613 6128/9074/1613
f 6121/9181/2333 6122/9336/2333 6183/9159/2333 6184/9242/2333
f 6181/9325/1186 6182/9234/1186 6123/9237/1186 6124/9182/1186
f 6117/9251/1396 6118/9222/1396 6187/9224/1396 6188/9328/1396
f 6185/9241/19 6186/9045/19 6119/9048/19 6120/9178/19
f 6094/9303/1462 6081/9302/1462 6053/9253/1462 6163/9252/1462
f 6206/9290/2334 6205/9107/2334 6208/9110/2334 6207/9292/2334
f 6210/9188/2335 6209/9353/2335 6212/9354/2335 6211/9189/2335
f 6214/9319/2336 6213/9355/2336 6216/9356/2336 6215/9347/2336
f 6218/9322/2337 6217/9357/2337 6220/9358/2337 6219/9318/2337
f 6198/9359/2338 6197/9187/2338 6200/9186/2338 6199/9360/2338
f 6202/9361/2339 6201/9320/2339 6204/9348/2339 6203/9362/2339
f 6190/9363/2340 6189/9321/2340 6192/9317/2340 6191/9364/2340
f 6194/9365/2341 6193/9291/2341 6196/9293/2341 6195/9366/2341
f 6201/9320/1406 6202/9361/1406 6191/9364/1406 6192/9317/1406
f 6213/9355/2342 6214/9319/2342 6219/9318/2342 6220/9358/2342
f 6189/9120/2343 6190/9367/2343 6195/9368/2343 6196/9117/2343
f 6217/9369/2344 6218/9119/2344 6207/9118/2344 6208/9370/2344
f 6193/9291/2345 6194/9365/2345 6199/9360/2345 6200/9186/2345
f 6205/9107/2346 6206/9290/2346 6211/9189/2346 6212/9354/2346
f 6197/9114/1742 6198/9371/1742 6203/9111/1742 6204/9111/1742
f 6209/9372/2347 6210/9113/2347 6215/9112/2347 6216/9373/2347
f 6190/9374/1315 6191/9070/1315 6164/9073/1315 6141/9352/1315
f 6225/9375/1414 6231/9376/1831 6232/9377/2242 6226/9378/2241
f 5997/9043/1416 6227/9042/1416 6228/9379/1416 6004/9380/1416
f 5999/9381/1417 6225/9375/1417 6226/9378/1417 5998/9382/1417
f 6001/9264/1418 6222/9099/1418 6223/9102/1418 6000/9383/1418
f 6236/9384/2348 6234/9385/2348 6250/9386/2348 6251/9387/2348
f 6003/9388/1420 6224/9027/1420 6221/9030/1420 6002/9389/1420
f 5999/9390/2219 6000/9383/2219 6223/9102/2219 6225/9391/2219
f 6003/9392/1422 6004/9380/1422 6228/9379/1422 6224/9393/1422
f 6216/9373/2156 6245/9394/1424 6244/9395/2123 6209/9372/2349
f 6238/9396/2350 6239/9397/2350 6229/9398/2350 6235/9399/2350
f 6209/9353/2349 6244/9400/2123 6241/9401/2124 6212/9354/1627
f 6213/9355/2351 6248/9402/2041 6245/9403/1424 6216/9356/2156
f 6217/9357/2221 6252/9404/1433 6249/9405/2223 6220/9358/2352
f 6212/9354/1627 6241/9401/2124 6240/9108/2226 6205/9107/2266
f 6220/9358/2352 6249/9405/2223 6248/9402/2041 6213/9355/2351
f 6246/9406/2222 6247/9407/2222 6233/9408/2222 6232/9409/2222
f 6233/9408/1437 6247/9407/1437 6250/9386/1437 6234/9385/1437
f 6223/9102/2127 6230/9101/1668 6231/9410/1831 6225/9391/1414
f 6229/9398/2353 6239/9397/2353 6242/9411/2353 6230/9412/2353
f 6228/9379/2039 6234/9413/2354 6236/9414/2240 6224/9393/2239
f 6221/9263/1455 6235/9415/2014 6229/9100/1667 6222/9099/1291
f 6227/9042/2244 6233/9041/2243 6234/9413/2354 6228/9379/2039
f 6231/9416/2355 6230/9412/2355 6242/9411/2355 6243/9417/2355
f 6238/9396/2356 6237/9109/2356 6240/9108/2356 6239/9397/2356
f 6242/9411/2357 6241/9401/2357 6244/9400/2357 6243/9417/2357
f 6246/9406/2358 6245/9403/2358 6248/9402/2358 6247/9407/2358
f 6250/9386/2359 6249/9405/2359 6252/9404/2359 6251/9387/2359
f 6247/9407/2360 6248/9402/2360 6249/9405/2360 6250/9386/2360
f 6251/9036/2361 6252/9418/2361 6237/9419/2361 6238/9037/2361
f 6239/9397/1448 6240/9108/1448 6241/9401/1448 6242/9411/1448
f 6243/9104/2362 6244/9395/2362 6245/9394/2362 6246/9105/2362
f 6208/9370/2115 6237/9419/2116 6252/9418/1433 6217/9369/2221
f 6253/9420/1 6271/9421/2363 6274/9422/2363 6256/9423/1
f 6286/9424/1451 6287/9425/1555 6292/9426/2364 6289/9426/2365
f 6273/9427/6 6300/9428/6 6303/9429/6 6276/9430/6
f 6298/9431/23 6299/9432/23 6296/9433/23 6293/9434/23
f 6488/9435/2239 6500/9436/2240 6499/9437/2014 6485/9438/1455
f 6275/9439/3 6304/9440/8 6305/9441/8 6270/9442/3
f 6500/9443/1771 6515/9444/1771 6502/9445/1771 6499/9446/1771
f 6490/9447/2241 6496/9448/2242 6497/9449/2243 6491/9450/2244
f 6490/9447/1256 6491/9450/1256 6261/9451/1256 6262/9452/1256
f 6450/9453/2246 6330/9454/2246 6334/9455/2247 6383/9456/2247
f 6374/9457/2366 6351/9458/2366 6340/9459/2367 6399/9459/2367
f 6431/9460/1276 6331/9461/1276 6330/9454/2246 6450/9453/2246
f 6269/9462/9 6306/9463/9 6295/9464/9 6272/9465/9
f 6290/9466/2250 6291/9467/2368 6278/9468/2369 6279/9469/2370
f 6402/9470/1276 6335/9471/1276 6356/9472/1326 6371/9473/1326
f 6259/9474/7 6275/9439/3 6270/9442/3 6258/9475/7
f 6255/9476/6 6273/9427/6 6276/9430/6 6260/9477/6
f 6455/9478/5 6466/9479/5 6357/9480/5 6428/9481/5
f 6392/9482/64 6393/9483/64 6462/9484/64 6463/9485/64
f 6459/9486/9 6454/9487/9 6405/9488/9 6440/9489/9
f 6301/9490/1275 6290/9466/2254 6279/9469/1353 6308/9491/1268
f 6271/9421/2363 6296/9433/1241 6299/9432/1241 6274/9422/2363
f 6282/9492/2371 6283/9493/2372 6288/9494/2373 6285/9495/1565
f 6307/9463/1268 6280/9496/1268 6281/9497/4 6294/9498/4
f 6293/9434/534 6282/9492/4 6285/9495/4 6298/9431/534
f 6297/9499/4 6286/9424/4 6289/9426/2254 6302/9500/1275
f 6280/9496/1907 6277/9501/1907 6284/9502/1277 6281/9497/1469
f 6308/9491/1279 6305/9441/2374 6304/9440/1569 6301/9490/2375
f 6294/9498/2152 6295/9464/2153 6306/9463/1285 6307/9463/1286
f 6302/9500/2376 6303/9429/2377 6300/9428/2378 6297/9499/2379
f 6467/9503/6 6462/9504/6 6393/9505/6 6380/9506/6
f 6486/9507/2015 6493/9508/1667 6494/9509/1668 6487/9510/1294
f 6495/9511/1295 6507/9512/1295 6510/9513/1295 6496/9514/1295
f 6469/9515/2266 6504/9516/2226 6501/9517/2116 6472/9518/2115
f 6468/9519/1259 6479/9520/1259 6474/9521/907 6461/9522/907
f 6466/9479/52 6467/9523/52 6380/9524/52 6357/9480/52
f 6460/9525/1300 6471/9526/1300 6482/9527/1334 6453/9528/1313
f 6463/9485/3 6458/9529/3 6441/9530/3 6392/9482/3
f 6270/9442/1302 6269/9531/1302 6257/9532/1303 6258/9475/1303
f 6253/9420/1671 6254/9533/1671 6272/9534/1484 6271/9421/2380
f 6255/9535/1579 6256/9423/1579 6274/9422/2381 6273/9536/2381
f 6259/9474/1308 6260/9537/1308 6276/9538/2382 6275/9439/2382
f 6278/9468/2369 6277/9539/2383 6280/9540/2383 6279/9469/2370
f 6282/9492/2371 6281/9541/1469 6284/9542/1277 6283/9493/2372
f 6286/9543/1451 6285/9495/1565 6288/9494/2373 6287/9544/1555
f 6290/9466/2250 6289/9545/2365 6292/9546/2364 6291/9467/2368
f 6306/9547/1285 6305/9441/2374 6308/9491/1279 6307/9548/1286
f 6302/9549/2376 6301/9490/2375 6304/9440/1569 6303/9550/2377
f 6298/9431/2384 6297/9551/2379 6300/9552/2378 6299/9432/2384
f 6294/9553/2152 6293/9434/2273 6296/9433/2273 6295/9554/2153
f 6368/9555/1329 6369/9556/1329 6277/9539/1329 6278/9468/1329
f 6407/9557/2385 6319/9558/2385 6318/9559/2181 6426/9560/2181
f 6289/9545/2254 6290/9466/2254 6301/9490/1275 6302/9549/1275
f 6307/9548/1268 6308/9491/1268 6279/9469/1353 6280/9540/1268
f 6293/9434/534 6294/9553/4 6281/9541/4 6282/9492/4
f 6416/9561/1315 6417/9562/1315 6291/9467/1315 6292/9546/1315
f 6297/9551/4 6298/9431/534 6285/9495/4 6286/9543/4
f 6331/9461/2386 6332/9563/2386 6329/9564/2386 6330/9454/2386
f 6295/9554/1490 6296/9433/1490 6271/9421/2380 6272/9534/1484
f 6273/9536/2381 6274/9422/2381 6299/9432/2387 6300/9552/2387
f 6305/9441/1491 6306/9547/1491 6269/9531/1302 6270/9442/1302
f 6275/9439/2382 6276/9538/2382 6303/9550/2388 6304/9440/2388
f 6257/9565/9 6269/9462/9 6272/9465/9 6254/9566/9
f 6447/9567/2279 6325/9568/2279 6328/9569/2389 6434/9570/2389
f 6443/9571/2281 6321/9572/2281 6324/9573/2282 6438/9574/2282
f 6408/9575/2390 6425/9576/2390 6424/9577/2390 6409/9578/2390
f 6406/9579/1497 6320/9580/1497 6323/9581/2284 6439/9581/2284
f 6430/9582/1259 6332/9583/1259 6311/9584/1684 6415/9585/1684
f 6384/9586/2391 6401/9587/2391 6400/9588/2391 6385/9589/2391
f 6388/9590/64 6397/9591/64 6396/9592/64 6389/9593/64
f 6464/9594/907 6461/9595/907 6474/9596/907 6475/9597/2
f 6360/9598/2392 6377/9599/2392 6376/9600/2392 6361/9601/2392
f 6426/9560/2181 6318/9559/2181 6346/9602/2285 6359/9603/2285
f 6418/9604/2058 6310/9605/2058 6354/9606/2058 6367/9607/2058
f 6375/9608/534 6352/9609/534 6349/9610/2295 6362/9611/2295
f 6364/9612/1482 6373/9613/1482 6372/9614/1482 6365/9615/1482
f 6371/9616/1326 6356/9617/1326 6353/9618/2393 6366/9619/2393
f 6438/9620/2282 6324/9621/2282 6319/9622/2385 6407/9622/2385
f 6412/9623/53 6421/9624/53 6420/9625/53 6413/9626/53
f 6434/9627/2389 6328/9628/2389 6315/9629/2288 6411/9629/2288
f 6382/9630/1259 6333/9631/1259 6329/9564/1313 6451/9632/1313
f 6403/9633/1301 6336/9634/1301 6333/9631/1259 6382/9630/1259
f 6378/9635/2394 6347/9636/2394 6344/9637/2395 6395/9637/2395
f 6442/9638/2291 6322/9639/2291 6342/9640/1258 6391/9641/1258
f 6446/9642/2292 6326/9643/2292 6338/9644/2293 6387/9645/2293
f 6383/9456/2247 6334/9455/2247 6335/9646/1276 6402/9647/1276
f 6432/9648/1218 6449/9649/1218 6448/9650/1218 6433/9651/1218
f 6387/9645/2293 6338/9644/2293 6339/9652/2294 6398/9653/2294
f 6421/9624/5 6364/9612/5 6365/9615/5 6420/9625/5
f 6423/9654/2396 6313/9655/2396 6316/9656/2188 6410/9657/2188
f 6283/9493/64 6284/9542/64 6404/9658/64 6381/9659/64
f 6427/9660/2397 6317/9661/2397 6320/9662/1497 6406/9663/1497
f 6437/9664/9 6408/9622/9 6409/9665/9 6436/9666/9
f 6367/9607/2058 6354/9606/2058 6355/9667/1301 6370/9668/1301
f 6391/9641/1258 6342/9640/1258 6343/9669/2296 6394/9670/2296
f 6485/9671/2297 6486/9507/2297 6265/9672/2297 6266/9673/2297
f 6370/9674/1301 6355/9675/1301 6336/9676/1301 6403/9677/1301
f 6385/9589/7 6448/9650/7 6449/9649/7 6384/9586/7
f 6373/9678/6 6400/9679/6 6401/9680/6 6372/9473/6
f 6439/9681/2284 6323/9682/2284 6322/9639/2291 6442/9638/2291
f 6422/9683/2298 6314/9684/2298 6350/9685/2398 6363/9686/2398
f 6369/9687/6 6404/9688/6 6284/9502/6 6277/9501/6
f 6425/9576/5 6360/9598/5 6361/9601/5 6424/9577/5
f 6363/9686/2398 6350/9685/2398 6351/9689/2366 6374/9690/2366
f 6414/9691/1700 6312/9692/1700 6331/9693/1276 6431/9693/1276
f 6377/9694/6 6396/9637/6 6397/9695/6 6376/9696/6
f 6464/9594/907 6475/9597/2 6470/9697/2 6457/9698/1300
f 6470/9697/2 6471/9699/1300 6460/9700/1300 6457/9698/1300
f 6398/9701/2294 6339/9702/2294 6352/9703/534 6375/9704/534
f 6390/9705/2399 6341/9706/2399 6321/9572/2281 6443/9571/2281
f 6379/9707/2400 6348/9708/2400 6345/9709/1176 6358/9710/1176
f 6327/9711/2401 6328/9569/2401 6325/9568/2401 6326/9643/2401
f 6323/9682/2402 6324/9573/2402 6321/9572/2402 6322/9639/2402
f 6319/9558/1315 6320/9662/1315 6317/9661/1315 6318/9559/1315
f 6315/9712/2174 6316/9656/2174 6313/9655/2174 6314/9684/2174
f 6311/9713/66 6312/9714/66 6309/9715/66 6310/9605/66
f 6334/9455/2403 6333/9631/2403 6336/9634/2403 6335/9646/2403
f 6338/9644/2404 6337/9716/2404 6340/9717/2404 6339/9652/2404
f 6342/9640/1344 6341/9706/1344 6344/9718/1344 6343/9669/1344
f 6346/9602/1329 6345/9709/1329 6348/9708/1329 6347/9719/1329
f 6350/9685/2303 6349/9610/2303 6352/9609/2303 6351/9689/2303
f 6354/9606/1494 6353/9618/1494 6356/9617/1494 6355/9667/1494
f 6318/9559/10 6317/9661/10 6345/9709/10 6346/9602/10
f 6314/9684/10 6313/9655/10 6349/9610/10 6350/9685/10
f 6310/9605/1 6309/9715/1 6353/9618/1 6354/9606/1
f 6324/9621/9 6323/9581/9 6320/9580/9 6319/9622/9
f 6328/9628/9 6327/9720/9 6316/9721/9 6315/9629/9
f 6332/9583/9 6331/9693/9 6312/9692/9 6311/9584/9
f 6347/9636/1361 6348/9722/1361 6343/9723/1361 6344/9637/1361
f 6351/9458/1361 6352/9703/1361 6339/9702/1361 6340/9459/1361
f 6355/9675/1361 6356/9472/1361 6335/9471/1361 6336/9676/1361
f 6341/9706/1653 6342/9640/1653 6322/9639/1653 6321/9572/1653
f 6337/9716/3 6338/9644/3 6326/9643/3 6325/9568/3
f 6333/9631/1653 6334/9455/1653 6330/9454/1653 6329/9564/1653
f 6456/9724/2057 6483/9725/2180 6478/9726/2058 6465/9727/2058
f 6456/9724/2057 6453/9728/1313 6482/9729/1334 6483/9725/2180
f 6395/9730/2395 6344/9718/2395 6341/9706/2399 6390/9705/2399
f 6389/9593/8 6444/9731/8 6445/9732/8 6388/9590/8
f 6419/9733/1701 6309/9715/1701 6312/9714/1700 6414/9734/1700
f 6362/9611/2295 6349/9610/2295 6313/9655/2396 6423/9654/2396
f 6381/9659/3 6452/9735/3 6288/9494/3 6283/9493/3
f 6287/9544/1800 6288/9494/1800 6452/9735/1800 6429/9736/1800
f 6411/9737/2288 6315/9712/2288 6314/9684/2298 6422/9683/2298
f 6433/9738/9 6412/9739/9 6413/9740/9 6432/9741/9
f 6399/9742/2367 6340/9717/2367 6337/9716/2405 6386/9743/2405
f 6386/9743/2405 6337/9716/2405 6325/9568/2279 6447/9567/2279
f 6451/9632/1313 6329/9564/1313 6332/9563/1259 6430/9744/1259
f 6417/9562/1 6368/9555/1 6278/9468/1 6291/9467/1
f 6436/9745/1800 6445/9732/1800 6444/9731/1800 6437/9746/1800
f 6415/9747/1684 6311/9713/1684 6310/9605/2058 6418/9604/2058
f 6410/9748/2188 6316/9721/2188 6327/9720/1707 6435/9720/1707
f 6440/9749/1800 6441/9530/1800 6458/9529/1800 6459/9750/1800
f 6394/9751/2296 6343/9723/2296 6348/9722/2400 6379/9752/2400
f 6366/9619/2393 6353/9618/2393 6309/9715/1701 6419/9733/1701
f 6435/9753/1707 6327/9711/1707 6326/9643/2292 6446/9642/2292
f 6478/9726/2058 6479/9754/1259 6468/9755/1259 6465/9727/2058
f 6429/9756/9 6416/9757/9 6292/9426/9 6287/9425/9
f 6359/9603/2285 6346/9602/2285 6347/9719/2394 6378/9758/2394
f 6432/9648/2308 6431/9460/2308 6450/9453/2308 6449/9649/2308
f 6452/9735/2406 6451/9632/2406 6430/9744/2406 6429/9736/2406
f 6436/9745/2310 6435/9753/2310 6446/9642/2310 6445/9732/2310
f 6448/9650/2311 6447/9567/2311 6434/9570/2311 6433/9651/2311
f 6440/9749/1711 6439/9681/1711 6442/9638/1711 6441/9530/1711
f 6444/9731/2407 6443/9571/2407 6438/9574/2407 6437/9746/2407
f 6408/9575/2313 6407/9557/2313 6426/9560/2313 6425/9576/2313
f 6428/9481/2314 6427/9660/2314 6406/9663/2314 6405/9759/2314
f 6412/9623/2315 6411/9737/2315 6422/9683/2315 6421/9624/2315
f 6424/9577/2408 6423/9654/2408 6410/9657/2408 6409/9578/2408
f 6416/9561/2317 6415/9747/2317 6418/9604/2317 6417/9562/2317
f 6420/9625/2318 6419/9733/2318 6414/9734/2318 6413/9626/2318
f 6384/9586/2409 6383/9456/2409 6402/9647/2409 6401/9587/2409
f 6404/9658/2410 6403/9633/2410 6382/9630/2410 6381/9659/2410
f 6388/9590/2411 6387/9645/2411 6398/9653/2411 6397/9591/2411
f 6400/9588/2412 6399/9742/2412 6386/9743/2412 6385/9589/2412
f 6392/9482/2413 6391/9641/2413 6394/9670/2413 6393/9483/2413
f 6396/9592/2414 6395/9730/2414 6390/9705/2414 6389/9593/2414
f 6360/9598/2415 6359/9603/2415 6378/9758/2415 6377/9599/2415
f 6380/9524/1384 6379/9707/1384 6358/9710/1384 6357/9480/1384
f 6364/9612/2327 6363/9686/2327 6374/9690/2327 6373/9613/2327
f 6376/9600/2326 6375/9608/2326 6362/9611/2326 6361/9601/2326
f 6368/9555/2416 6367/9607/2416 6370/9668/2416 6369/9556/2416
f 6372/9614/2417 6371/9616/2417 6366/9619/2417 6365/9615/2417
f 6425/9576/2418 6426/9560/2418 6359/9603/2418 6360/9598/2418
f 6357/9480/1213 6358/9710/1213 6427/9660/1213 6428/9481/1213
f 6421/9624/1527 6422/9683/1527 6363/9686/1527 6364/9612/1527
f 6361/9601/1202 6362/9611/1202 6423/9654/1202 6424/9577/1202
f 6417/9562/39 6418/9604/39 6367/9607/39 6368/9555/39
f 6365/9615/1226 6366/9619/1226 6419/9733/1226 6420/9625/1226
f 6437/9664/57 6438/9620/57 6407/9622/57 6408/9622/57
f 6405/9488/1816 6406/9579/1816 6439/9581/1816 6440/9489/1816
f 6433/9738/48 6434/9627/48 6411/9629/48 6412/9739/48
f 6409/9665/1816 6410/9748/1816 6435/9720/1816 6436/9666/1816
f 6429/9756/2419 6430/9582/2419 6415/9585/2419 6416/9757/2419
f 6413/9740/1239 6414/9691/1239 6431/9693/1239 6432/9741/1239
f 6377/9694/2204 6378/9635/2204 6395/9637/2204 6396/9637/2204
f 6393/9505/1818 6394/9751/1818 6379/9752/1818 6380/9506/1818
f 6373/9678/2204 6374/9457/2204 6399/9459/2204 6400/9679/2204
f 6397/9695/58 6398/9701/58 6375/9704/58 6376/9696/58
f 6369/9687/50 6370/9674/50 6403/9677/50 6404/9688/50
f 6401/9680/2420 6402/9470/2420 6371/9473/2420 6372/9473/2420
f 6389/9593/1196 6390/9705/1196 6443/9571/1196 6444/9731/1196
f 6441/9530/1613 6442/9638/1613 6391/9641/1613 6392/9482/1613
f 6385/9589/2333 6386/9743/2333 6447/9567/2333 6448/9650/2333
f 6445/9732/1186 6446/9642/1186 6387/9645/1186 6388/9590/1186
f 6381/9659/1396 6382/9630/1396 6451/9632/1396 6452/9735/1396
f 6449/9649/1882 6450/9453/1882 6383/9456/1882 6384/9586/1882
f 6358/9710/1176 6345/9709/1176 6317/9661/2397 6427/9660/2397
f 6470/9697/2334 6469/9515/2334 6472/9518/2334 6471/9699/2334
f 6474/9596/2421 6473/9760/2421 6476/9761/2421 6475/9597/2421
f 6478/9726/2422 6477/9762/2422 6480/9763/2422 6479/9754/2422
f 6482/9729/2423 6481/9764/2423 6484/9765/2423 6483/9725/2423
f 6462/9766/2424 6461/9595/2424 6464/9594/2424 6463/9767/2424
f 6466/9768/2339 6465/9727/2339 6468/9755/2339 6467/9769/2339
f 6454/9770/2425 6453/9728/2425 6456/9724/2425 6455/9771/2425
f 6458/9772/2426 6457/9698/2426 6460/9700/2426 6459/9773/2426
f 6465/9727/1827 6466/9768/1827 6455/9771/1827 6456/9724/1827
f 6477/9762/2427 6478/9726/2427 6483/9725/2427 6484/9765/2427
f 6453/9528/2428 6454/9774/2428 6459/9775/2428 6460/9525/2428
f 6481/9776/2429 6482/9527/2429 6471/9526/2429 6472/9777/2429
f 6457/9698/2345 6458/9772/2345 6463/9767/2345 6464/9594/2345
f 6469/9515/2346 6470/9697/2346 6475/9597/2346 6476/9761/2346
f 6461/9522/1412 6462/9778/1412 6467/9519/1412 6468/9519/1412
f 6473/9779/2216 6474/9521/2216 6479/9520/2216 6480/9780/2216
f 6454/9781/1315 6455/9478/1315 6428/9481/1315 6405/9759/1315
f 6489/9782/1414 6495/9783/1831 6496/9784/2242 6490/9785/2241
f 6261/9451/1416 6491/9450/1416 6492/9786/1416 6268/9787/1416
f 6263/9788/1417 6489/9782/1417 6490/9785/1417 6262/9789/1417
f 6265/9672/1418 6486/9507/1418 6487/9510/1418 6264/9790/1418
f 6500/9791/2128 6498/9792/2128 6514/9793/2128 6515/9794/2128
f 6267/9795/1545 6488/9435/1545 6485/9438/1545 6266/9796/1545
f 6263/9797/2219 6264/9790/2219 6487/9510/2219 6489/9798/2219
f 6267/9799/1422 6268/9787/1422 6492/9786/1422 6488/9800/1422
f 6480/9780/2430 6509/9801/1424 6508/9802/2123 6473/9779/2349
f 6502/9803/2350 6503/9804/2350 6493/9805/2350 6499/9806/2350
f 6473/9760/2349 6508/9807/2123 6505/9808/2124 6476/9761/2125
f 6477/9762/2351 6512/9809/2041 6509/9810/1424 6480/9763/2430
f 6481/9764/2221 6516/9811/1433 6513/9812/2223 6484/9765/2352
f 6476/9761/2125 6505/9808/2124 6504/9516/2226 6469/9515/2266
f 6484/9765/2352 6513/9812/2223 6512/9809/2041 6477/9762/2351
f 6510/9813/2222 6511/9814/2222 6497/9815/2222 6496/9816/2222
f 6497/9815/1437 6511/9814/1437 6514/9793/1437 6498/9792/1437
f 6487/9510/1294 6494/9509/1668 6495/9817/1831 6489/9798/1414
f 6493/9805/2353 6503/9804/2353 6506/9818/2353 6494/9819/2353
f 6492/9786/2431 6498/9820/2354 6500/9821/2240 6488/9800/2239
f 6485/9671/1455 6499/9822/2014 6493/9508/1667 6486/9507/2015
f 6491/9450/2244 6497/9449/2243 6498/9820/2354 6492/9786/2431
f 6495/9823/1441 6494/9819/1441 6506/9818/1441 6507/9824/1441
f 6502/9803/1550 6501/9517/1550 6504/9516/1550 6503/9804/1550
f 6506/9818/2357 6505/9808/2357 6508/9807/2357 6507/9824/2357
f 6510/9813/2432 6509/9810/2432 6512/9809/2432 6511/9814/2432
f 6514/9793/2433 6513/9812/2433 6516/9811/2433 6515/9794/2433
f 6511/9814/2360 6512/9809/2360 6513/9812/2360 6514/9793/2360
f 6515/9444/2361 6516/9825/2361 6501/9826/2361 6502/9445/2361
f 6503/9804/1448 6504/9516/1448 6505/9808/1448 6506/9818/1448
f 6507/9512/2362 6508/9802/2362 6509/9801/2362 6510/9513/2362
f 6472/9777/2115 6501/9826/2116 6516/9825/1433 6481/9776/2221
f 6517/9827/1 6535/9828/2237 6538/9829/2237 6520/9830/1
f 6550/9831/2434 6551/9832/2435 6556/9833/2436 6553/9833/2437
f 6537/9834/6 6564/9835/6 6567/9836/6 6540/9837/6
f 6562/9838/45 6563/9839/45 6560/9840/45 6557/9841/45
f 6752/9842/2239 6764/9843/2240 6763/9844/2014 6749/9845/1455
f 6539/9846/8 6568/9847/8 6569/9848/8 6534/9849/8
f 6764/9850/1251 6779/9851/1251 6766/9852/1251 6763/9853/1251
f 6754/9854/2241 6760/9855/2242 6761/9856/2243 6755/9857/2244
f 6754/9854/2245 6755/9857/2245 6525/9858/2245 6526/9859/2245
f 6714/9860/2246 6594/9861/2246 6598/9862/2438 6647/9863/2438
f 6638/9864/2439 6615/9865/2439 6604/9866/2440 6663/9867/2440
f 6695/9868/1561 6595/9869/1561 6594/9861/2246 6714/9860/2246
f 6533/9870/9 6570/9871/9 6559/9872/9 6536/9873/9
f 6554/9874/2250 6555/9875/2441 6542/9876/2369 6543/9877/2370
f 6666/9878/1276 6599/9879/1276 6620/9880/1326 6635/9880/1326
f 6523/9881/3 6539/9846/8 6534/9849/8 6522/9882/3
f 6519/9883/6 6537/9834/6 6540/9837/6 6524/9884/6
f 6719/9885/5 6730/9886/5 6621/9887/5 6692/9888/5
f 6656/9889/1269 6657/9890/1269 6726/9891/1269 6727/9892/1269
f 6723/9893/9 6718/9894/9 6669/9895/9 6704/9896/9
f 6565/9897/1275 6554/9874/2254 6543/9877/2255 6572/9898/1268
f 6535/9828/2237 6560/9840/2442 6563/9839/2442 6538/9829/2237
f 6546/9899/1654 6547/9900/1777 6552/9901/2373 6549/9902/1565
f 6571/9871/1268 6544/9903/1268 6545/9904/4 6558/9905/4
f 6557/9841/534 6546/9899/4 6549/9902/534 6562/9838/534
f 6561/9906/4 6550/9831/4 6553/9833/2254 6566/9907/1275
f 6544/9903/2443 6541/9908/2444 6548/9909/1779 6545/9904/1469
f 6572/9898/1279 6569/9848/2445 6568/9847/1569 6565/9897/1570
f 6558/9905/2446 6559/9872/2447 6570/9871/2448 6571/9871/1780
f 6566/9907/2376 6567/9836/2377 6564/9835/2378 6561/9906/2379
f 6731/9910/6 6726/9911/6 6657/9912/6 6644/9913/6
f 6750/9914/2015 6757/9915/1667 6758/9916/1668 6751/9917/1294
f 6759/9918/1850 6771/9919/1850 6774/9920/1850 6760/9921/1850
f 6733/9922/2266 6768/9923/2226 6765/9924/2116 6736/9925/2115
f 6732/9926/1259 6743/9927/1259 6738/9928/907 6725/9929/907
f 6730/9886/1329 6731/9930/1329 6644/9931/1329 6621/9887/1329
f 6724/9932/1300 6735/9933/1300 6746/9934/1334 6717/9935/1313
f 6727/9892/3 6722/9936/3 6705/9937/3 6656/9889/3
f 6534/9849/1577 6533/9938/1577 6521/9939/1303 6522/9882/1303
f 6517/9827/1483 6518/9940/1483 6536/9941/1484 6535/9828/1484
f 6519/9942/1579 6520/9830/1579 6538/9829/1307 6537/9943/1307
f 6523/9881/1308 6524/9944/1308 6540/9945/1485 6539/9846/1485
f 6542/9876/2369 6541/9946/2444 6544/9947/2443 6543/9877/2370
f 6546/9899/1654 6545/9948/1469 6548/9949/1779 6547/9900/1777
f 6550/9950/2434 6549/9902/1565 6552/9901/2373 6551/9951/2435
f 6554/9874/2250 6553/9952/2437 6556/9953/2436 6555/9875/2441
f 6570/9954/2448 6569/9848/2445 6572/9898/1279 6571/9955/1780
f 6566/9956/2376 6565/9897/1570 6568/9847/1569 6567/9957/2377
f 6562/9838/2449 6561/9958/2379 6564/9959/2378 6563/9839/2449
f 6558/9960/2446 6557/9841/2450 6560/9840/2450 6559/9961/2447
f 6632/9962/52 6633/9963/52 6541/9946/52 6542/9876/52
f 6671/9964/2451 6583/9965/2451 6582/9966/2452 6690/9967/2452
f 6553/9952/2254 6554/9874/2254 6565/9897/1275 6566/9956/1275
f 6571/9955/1268 6572/9898/1268 6543/9877/2255 6544/9947/1268
f 6557/9841/534 6558/9960/4 6545/9948/4 6546/9899/4
f 6680/9968/1333 6681/9969/1333 6555/9875/1333 6556/9953/1333
f 6561/9958/4 6562/9838/534 6549/9902/534 6550/9950/4
f 6595/9869/2386 6596/9970/2386 6593/9971/2386 6594/9861/2386
f 6559/9961/2453 6560/9840/2453 6535/9828/1484 6536/9941/1484
f 6537/9943/1307 6538/9829/1307 6563/9839/2387 6564/9959/2387
f 6569/9848/1584 6570/9954/1584 6533/9938/1577 6534/9849/1577
f 6539/9846/1485 6540/9945/1485 6567/9957/1859 6568/9847/1859
f 6521/9972/9 6533/9870/9 6536/9873/9 6518/9973/9
f 6711/9974/2279 6589/9975/2279 6592/9976/2280 6698/9977/2280
f 6707/9978/2454 6585/9979/2454 6588/9980/2282 6702/9981/2282
f 6672/9982/2390 6689/9983/2390 6688/9984/2390 6673/9985/2390
f 6670/9986/1339 6584/9987/1339 6587/9988/2284 6703/9988/2284
f 6694/9989/1259 6596/9990/1259 6575/9991/1860 6679/9992/1860
f 6648/9993/1355 6665/9994/1355 6664/9995/1355 6649/9996/1355
f 6652/9997/1269 6661/9998/1269 6660/9999/1269 6653/10000/1269
f 6728/10001/907 6725/10002/907 6738/10003/907 6739/10004/2
f 6624/10005/2392 6641/10006/2392 6640/10007/2392 6625/10008/2392
f 6690/9967/2452 6582/9966/2452 6610/10009/2455 6623/10010/2455
f 6682/10011/1259 6574/10012/1259 6618/10013/1177 6631/10014/1177
f 6639/10015/2059 6616/10016/2059 6613/10017/2396 6626/10018/2396
f 6628/10019/52 6637/10020/52 6636/10021/52 6629/10022/52
f 6635/10023/1326 6620/10024/1326 6617/10025/1863 6630/10026/1863
f 6702/10027/2282 6588/10028/2282 6583/10029/2451 6671/10029/2451
f 6676/10030/53 6685/10031/53 6684/10032/53 6677/10033/53
f 6698/10034/2280 6592/10035/2280 6579/10036/2288 6675/10036/2288
f 6646/10037/1259 6597/10038/1259 6593/9971/1313 6715/10039/1313
f 6667/10040/1313 6600/10041/1313 6597/10038/1259 6646/10037/1259
f 6642/10042/2394 6611/10043/2394 6608/10044/2395 6659/10044/2395
f 6706/10045/2456 6586/10046/2456 6606/10047/2457 6655/10048/2457
f 6710/10049/2292 6590/10050/2292 6602/10051/2293 6651/10052/2293
f 6647/9863/2438 6598/9862/2438 6599/10053/1276 6666/10054/1276
f 6696/10055/1218 6713/10056/1218 6712/10057/1218 6697/10058/1218
f 6651/10052/2293 6602/10051/2293 6603/10059/2294 6662/10060/2294
f 6685/10031/1 6628/10019/1 6629/10022/1 6684/10032/1
f 6687/10061/2396 6577/10062/2396 6580/10063/2188 6674/10064/2188
f 6547/9900/1269 6548/9949/1269 6668/10065/1269 6645/10066/1269
f 6691/10067/1332 6581/10068/1332 6584/10069/1339 6670/10070/1339
f 6701/10071/9 6672/10029/9 6673/10072/9 6700/10073/9
f 6631/10014/1177 6618/10013/1177 6619/10074/1301 6634/10075/1301
f 6655/10048/2457 6606/10047/2457 6607/10076/2458 6658/10077/2458
f 6749/10078/2297 6750/9914/2297 6529/10079/2297 6530/10080/2297
f 6634/10081/1301 6619/10082/1301 6600/10083/1313 6667/10084/1313
f 6649/9996/7 6712/10057/7 6713/10056/7 6648/9993/7
f 6637/10085/6 6664/10086/6 6665/10087/6 6636/10088/6
f 6703/10089/2284 6587/10090/2284 6586/10046/2456 6706/10045/2456
f 6686/10091/2459 6578/10092/2459 6614/10093/2299 6627/10094/2299
f 6633/10095/6 6668/10096/6 6548/9909/6 6541/9908/6
f 6689/9983/5 6624/10005/5 6625/10008/5 6688/9984/5
f 6627/10094/2299 6614/10093/2299 6615/10097/2439 6638/10098/2439
f 6678/10099/1499 6576/10100/1499 6595/10101/1561 6695/10101/1561
f 6641/10102/6 6660/10044/6 6661/10103/6 6640/10104/6
f 6728/10001/907 6739/10004/2 6734/10105/2 6721/10106/1300
f 6734/10105/2 6735/10107/1300 6724/10108/1300 6721/10106/1300
f 6662/10109/2294 6603/10110/2294 6616/10111/2059 6639/10112/2059
f 6654/10113/2399 6605/10114/2399 6585/9979/2454 6707/9978/2454
f 6643/10115/1694 6612/10116/1694 6609/10117/1586 6622/10118/1586
f 6591/10119/2460 6592/9976/2460 6589/9975/2460 6590/10050/2460
f 6587/10090/2073 6588/9980/2073 6585/9979/2073 6586/10046/2073
f 6583/9965/1315 6584/10069/1315 6581/10068/1315 6582/9966/1315
f 6579/10120/2174 6580/10063/2174 6577/10062/2174 6578/10092/2174
f 6575/10121/66 6576/10122/66 6573/10123/66 6574/10012/66
f 6598/9862/2461 6597/10038/2461 6600/10041/2461 6599/10053/2461
f 6602/10051/2462 6601/10124/2462 6604/10125/2462 6603/10059/2462
f 6606/10047/1216 6605/10114/1216 6608/10126/1216 6607/10076/1216
f 6610/10009/1329 6609/10117/1329 6612/10116/1329 6611/10127/1329
f 6614/10093/2463 6613/10017/2463 6616/10016/2463 6615/10097/2463
f 6618/10013/1592 6617/10025/1592 6620/10024/1592 6619/10074/1592
f 6582/9966/10 6581/10068/10 6609/10117/10 6610/10009/10
f 6578/10092/1 6577/10062/1 6613/10017/1 6614/10093/1
f 6574/10012/10 6573/10123/10 6617/10025/10 6618/10013/10
f 6588/10028/9 6587/9988/9 6584/9987/9 6583/10029/9
f 6592/10035/9 6591/10128/9 6580/10129/9 6579/10036/9
f 6596/9990/9 6595/10101/9 6576/10100/9 6575/9991/9
f 6611/10043/6 6612/10130/6 6607/10131/6 6608/10044/6
f 6615/9865/6 6616/10111/6 6603/10110/6 6604/9866/6
f 6619/10082/6 6620/9880/6 6599/9879/6 6600/10083/6
f 6605/10114/1653 6606/10047/1653 6586/10046/1653 6585/9979/1653
f 6601/10124/7 6602/10051/7 6590/10050/7 6589/9975/7
f 6597/10038/1653 6598/9862/1653 6594/9861/1653 6593/9971/1653
f 6720/10132/1313 6747/10133/1334 6742/10134/1259 6729/10135/1259
f 6720/10132/1313 6717/10136/1313 6746/10137/1334 6747/10133/1334
f 6659/10138/2395 6608/10126/2395 6605/10114/2399 6654/10113/2399
f 6653/10000/8 6708/10139/8 6709/10140/8 6652/9997/8
f 6683/10141/2306 6573/10123/2306 6576/10122/1499 6678/10142/1499
f 6626/10018/2396 6613/10017/2396 6577/10062/2396 6687/10061/2396
f 6645/10066/3 6716/10143/3 6552/9901/3 6547/9900/3
f 6551/9951/1215 6552/9901/1215 6716/10143/1215 6693/10144/1215
f 6675/10145/2288 6579/10120/2288 6578/10092/2459 6686/10091/2459
f 6697/10146/9 6676/10147/9 6677/10148/9 6696/10149/9
f 6663/10150/2440 6604/10125/2440 6601/10124/2405 6650/10151/2405
f 6650/10151/2405 6601/10124/2405 6589/9975/2279 6711/9974/2279
f 6715/10039/1313 6593/9971/1313 6596/9970/1259 6694/10152/1259
f 6681/9969/5 6632/9962/5 6542/9876/5 6555/9875/5
f 6700/10153/1800 6709/10140/1800 6708/10139/1800 6701/10154/1800
f 6679/10155/1860 6575/10121/1860 6574/10012/1259 6682/10011/1259
f 6674/10156/2188 6580/10129/2188 6591/10128/1707 6699/10128/1707
f 6704/10157/1800 6705/9937/1800 6722/9936/1800 6723/10158/1800
f 6658/10159/2458 6607/10131/2458 6612/10130/1694 6643/10160/1694
f 6630/10026/1863 6617/10025/1863 6573/10123/2306 6683/10141/2306
f 6699/10161/1707 6591/10119/1707 6590/10050/2292 6710/10049/2292
f 6742/10134/1259 6743/10162/1259 6732/10163/1259 6729/10135/1259
f 6693/10164/9 6680/10165/9 6556/9833/9 6551/9832/9
f 6623/10010/2455 6610/10009/2455 6611/10127/2394 6642/10166/2394
f 6696/10055/2464 6695/9868/2464 6714/9860/2464 6713/10056/2464
f 6716/10143/2406 6715/10039/2406 6694/10152/2406 6693/10144/2406
f 6700/10153/1803 6699/10161/1803 6710/10049/1803 6709/10140/1803
f 6712/10057/2311 6711/9974/2311 6698/9977/2311 6697/10058/2311
f 6704/10157/2465 6703/10089/2465 6706/10045/2465 6705/9937/2465
f 6708/10139/2407 6707/9978/2407 6702/9981/2407 6701/10154/2407
f 6672/9982/2313 6671/9964/2313 6690/9967/2313 6689/9983/2313
f 6692/9888/2466 6691/10067/2466 6670/10070/2466 6669/10167/2466
f 6676/10030/2467 6675/10145/2467 6686/10091/2467 6685/10031/2467
f 6688/9984/2408 6687/10061/2408 6674/10064/2408 6673/9985/2408
f 6680/9968/1516 6679/10155/1516 6682/10011/1516 6681/9969/1516
f 6684/10032/2468 6683/10141/2468 6678/10142/2468 6677/10033/2468
f 6648/9993/2319 6647/9863/2319 6666/10054/2319 6665/9994/2319
f 6668/10065/2469 6667/10040/2469 6646/10037/2469 6645/10066/2469
f 6652/9997/2083 6651/10052/2083 6662/10060/2083 6661/9998/2083
f 6664/9995/2322 6663/10150/2322 6650/10151/2322 6649/9996/2322
f 6656/9889/2470 6655/10048/2470 6658/10077/2470 6657/9890/2470
f 6660/9999/2471 6659/10138/2471 6654/10113/2471 6653/10000/2471
f 6624/10005/2327 6623/10010/2327 6642/10166/2327 6641/10006/2327
f 6644/9931/2472 6643/10115/2472 6622/10118/2472 6621/9887/2472
f 6628/10019/2473 6627/10094/2473 6638/10098/2473 6637/10020/2473
f 6640/10007/2474 6639/10015/2474 6626/10018/2474 6625/10008/2474
f 6632/9962/2416 6631/10014/2416 6634/10075/2416 6633/9963/2416
f 6636/10021/2417 6635/10023/2417 6630/10026/2417 6629/10022/2417
f 6689/9983/1389 6690/9967/1389 6623/10010/1389 6624/10005/1389
f 6621/9887/1878 6622/10118/1878 6691/10067/1878 6692/9888/1878
f 6685/10031/1389 6686/10091/1389 6627/10094/1389 6628/10019/1389
f 6625/10008/1202 6626/10018/1202 6687/10061/1202 6688/9984/1202
f 6681/9969/37 6682/10011/37 6631/10014/37 6632/9962/37
f 6629/10022/1226 6630/10026/1226 6683/10141/1226 6684/10032/1226
f 6701/10071/1209 6702/10027/1209 6671/10029/1209 6672/10029/1209
f 6669/9895/1816 6670/9986/1816 6703/9988/1816 6704/9896/1816
f 6697/10146/1817 6698/10034/1817 6675/10036/1817 6676/10147/1817
f 6673/10072/2475 6674/10156/2475 6699/10128/2475 6700/10073/2475
f 6693/10164/2476 6694/9989/2476 6679/9992/2476 6680/10165/2476
f 6677/10148/1239 6678/10099/1239 6695/10101/1239 6696/10149/1239
f 6641/10102/1928 6642/10042/1928 6659/10044/1928 6660/10044/1928
f 6657/9912/1818 6658/10159/1818 6643/10160/1818 6644/9913/1818
f 6637/10085/50 6638/9864/50 6663/9867/50 6664/10086/50
f 6661/10103/1203 6662/10109/1203 6639/10112/1203 6640/10104/1203
f 6633/10095/2477 6634/10081/2477 6667/10084/2477 6668/10096/2477
f 6665/10087/2420 6666/9878/2420 6635/9880/2420 6636/10088/2420
f 6653/10000/1196 6654/10113/1196 6707/9978/1196 6708/10139/1196
f 6705/9937/1531 6706/10045/1531 6655/10048/1531 6656/9889/1531
f 6649/9996/2333 6650/10151/2333 6711/9974/2333 6712/10057/2333
f 6709/10140/20 6710/10049/20 6651/10052/20 6652/9997/20
f 6645/10066/1396 6646/10037/1396 6715/10039/1396 6716/10143/1396
f 6713/10056/1882 6714/9860/1882 6647/9863/1882 6648/9993/1882
f 6622/10118/1586 6609/10117/1586 6581/10068/1332 6691/10067/1332
f 6734/10105/2334 6733/9922/2334 6736/9925/2334 6735/10107/2334
f 6738/10003/2478 6737/10168/2478 6740/10169/2478 6739/10004/2478
f 6742/10134/2422 6741/10170/2422 6744/10171/2422 6743/10162/2422
f 6746/10137/2423 6745/10172/2423 6748/10173/2423 6747/10133/2423
f 6726/10174/2479 6725/10002/2479 6728/10001/2479 6727/10175/2479
f 6730/10176/2339 6729/10135/2339 6732/10163/2339 6731/10177/2339
f 6718/10178/2480 6717/10136/2480 6720/10132/2480 6719/10179/2480
f 6722/10180/2481 6721/10106/2481 6724/10108/2481 6723/10181/2481
f 6729/10135/1406 6730/10176/1406 6719/10179/1406 6720/10132/1406
f 6741/10170/2342 6742/10134/2342 6747/10133/2342 6748/10173/2342
f 6717/9935/1408 6718/10182/1408 6723/10183/1408 6724/9932/1408
f 6745/10184/1540 6746/9934/1540 6735/9933/1540 6736/10185/1540
f 6721/10106/2345 6722/10180/2345 6727/10175/2345 6728/10001/2345
f 6733/9922/2482 6734/10105/2482 6739/10004/2482 6740/10169/2482
f 6725/9929/1892 6726/10186/1892 6731/9926/1892 6732/9926/1892
f 6737/10187/1624 6738/9928/1624 6743/9927/1624 6744/10188/1624
f 6718/10189/1333 6719/9885/1333 6692/9888/1333 6669/10167/1333
f 6753/10190/1414 6759/10191/1831 6760/10192/2242 6754/10193/2241
f 6525/9858/1416 6755/9857/1416 6756/10194/1416 6532/10195/1416
f 6527/10196/1625 6753/10190/1625 6754/10193/1625 6526/10197/1625
f 6529/10079/1418 6750/9914/1418 6751/9917/1418 6528/10198/1418
f 6764/10199/2128 6762/10200/2128 6778/10201/2128 6779/10202/2128
f 6531/10203/1545 6752/9842/1545 6749/9845/1545 6530/10204/1545
f 6527/10205/2483 6528/10198/2483 6751/9917/2483 6753/10206/2483
f 6531/10207/1422 6532/10195/1422 6756/10194/1422 6752/10208/1422
f 6744/10188/2156 6773/10209/1424 6772/10210/2123 6737/10187/2349
f 6766/10211/2350 6767/10212/2350 6757/10213/2350 6763/10214/2350
f 6737/10168/2349 6772/10215/2123 6769/10216/2124 6740/10169/2125
f 6741/10170/2351 6776/10217/2041 6773/10218/1424 6744/10171/2156
f 6745/10172/2221 6780/10219/1433 6777/10220/2223 6748/10173/2352
f 6740/10169/2125 6769/10216/2124 6768/9923/2226 6733/9922/2266
f 6748/10173/2352 6777/10220/2223 6776/10217/2041 6741/10170/2351
f 6774/10221/2222 6775/10222/2222 6761/10223/2222 6760/10224/2222
f 6761/10223/2484 6775/10222/2484 6778/10201/2484 6762/10200/2484
f 6751/9917/1294 6758/9916/1668 6759/10225/1831 6753/10206/1414
f 6757/10213/2353 6767/10212/2353 6770/10226/2353 6758/10227/2353
f 6756/10194/2431 6762/10228/2354 6764/10229/2240 6752/10208/2239
f 6749/10078/1455 6763/10230/2014 6757/9915/1667 6750/9914/2015
f 6755/9857/2244 6761/9856/2243 6762/10228/2354 6756/10194/2431
f 6759/10231/1441 6758/10227/1441 6770/10226/1441 6771/10232/1441
f 6766/10211/2485 6765/9924/2485 6768/9923/2485 6767/10212/2485
f 6770/10226/1630 6769/10216/1630 6772/10215/1630 6771/10232/1630
f 6774/10221/2486 6773/10218/2486 6776/10217/2486 6775/10222/2486
f 6778/10201/2433 6777/10220/2433 6780/10219/2433 6779/10202/2433
f 6775/10222/2360 6776/10217/2360 6777/10220/2360 6778/10201/2360
f 6779/9851/2361 6780/10233/2361 6765/10234/2361 6766/9852/2361
f 6767/10212/1764 6768/9923/1764 6769/10216/1764 6770/10226/1764
f 6771/9919/2362 6772/10210/2362 6773/10209/2362 6774/9920/2362
f 6736/10185/2115 6765/10234/2116 6780/10233/1433 6745/10184/2221
f 7021/10611/3 7039/10612/8 7042/10613/8 7024/10614/3
f 7054/10615/63 7055/10616/63 7060/10617/63 7057/10618/63
f 7041/10619/9 7068/10620/9 7071/10621/9 7044/10621/9
f 7066/10622/2537 7067/10623/2538 7064/10624/2539 7061/10625/2540
f 7256/10626/1744 7268/10627/1831 7267/10628/1558 7253/10629/1252
f 7043/10630/5 7072/10631/1 7073/10632/1 7038/10633/5
f 7268/10634/1295 7283/10635/1295 7270/10636/1295 7267/10637/1295
f 7258/10638/1249 7264/10639/1248 7265/10640/1667 7259/10641/1291
f 7258/10638/2541 7259/10641/2541 7029/10642/2541 7030/10643/2541
f 7218/10644/2542 7098/10645/2542 7102/10646/2543 7151/10647/2543
f 7142/10648/2305 7119/10649/2305 7108/10650/2068 7167/10651/2068
f 7199/10652/1276 7099/10653/1276 7098/10645/2542 7218/10644/2542
f 7037/10654/6 7074/10655/2018 7063/10656/2018 7040/10657/6
f 7058/10658/2544 7059/10659/2140 7046/10660/2545 7047/10661/2021
f 7170/10662/2546 7103/10663/2546 7124/10664/2547 7139/10665/2547
f 7027/10666/10 7043/10630/5 7038/10633/5 7026/10667/10
f 7023/10668/9 7041/10619/9 7044/10621/9 7028/10669/9
f 7223/10670/3 7234/10671/3 7125/10672/3 7196/10673/3
f 7160/10674/1504 7161/10675/1504 7230/10676/1504 7231/10677/1504
f 7227/10678/6 7222/10679/6 7173/10680/6 7208/10681/6
f 7069/10682/4 7058/10658/4 7047/10661/4 7076/10683/4
f 7039/10612/8 7064/10624/1250 7067/10623/1250 7042/10613/8
f 7050/10684/2548 7051/10685/2549 7056/10686/2550 7053/10687/2026
f 7075/10688/4 7048/10689/4 7049/10690/1341 7062/10691/1275
f 7061/10625/1275 7050/10684/1341 7053/10687/2255 7066/10622/1268
f 7065/10692/1268 7054/10615/2255 7057/10618/4 7070/10693/4
f 7048/10689/1879 7045/10694/1879 7052/10690/1879 7049/10690/1879
f 7076/10683/45 7073/10632/45 7072/10631/45 7069/10682/45
f 7062/10691/2551 7063/10656/2552 7074/10655/2553 7075/10688/2554
f 7070/10693/2152 7071/10621/2153 7068/10620/1285 7065/10692/2555
f 7235/10695/9 7230/10696/9 7161/10697/9 7148/10698/9
f 7254/10699/1642 7261/10700/1456 7262/10701/1440 7255/10702/1757
f 7263/10703/1251 7275/10704/1251 7278/10705/1251 7264/10706/1251
f 7237/10707/2556 7272/10708/2041 7269/10709/2042 7240/10710/2557
f 7236/10711/2175 7247/10712/1351 7242/10713/907 7229/10714/907
f 7234/10671/1215 7235/10715/1215 7148/10716/1215 7125/10672/1215
f 7228/10717/1301 7239/10718/907 7250/10719/1301 7221/10720/1495
f 7231/10677/1 7226/10721/1 7209/10722/1 7160/10674/1
f 7038/10633/2157 7037/10723/2157 7025/10724/2158 7026/10667/2158
f 7021/10611/1308 7022/10725/1308 7040/10726/2558 7039/10612/2558
f 7023/10727/2559 7024/10614/2559 7042/10613/1783 7041/10728/1783
f 7027/10666/1671 7028/10729/1671 7044/10730/2560 7043/10630/2560
f 7046/10660/2545 7045/10731/2561 7048/10732/2561 7047/10661/2021
f 7050/10684/2548 7049/10733/2562 7052/10734/2562 7051/10685/2549
f 7054/10735/2563 7053/10687/2026 7056/10686/2550 7055/10736/2563
f 7058/10658/2544 7057/10737/2564 7060/10738/2564 7059/10659/2140
f 7074/10739/2553 7073/10632/2565 7076/10683/2565 7075/10740/2554
f 7070/10741/2152 7069/10682/2566 7072/10631/2566 7071/10742/2153
f 7066/10622/2537 7065/10743/2555 7068/10744/1285 7067/10623/2538
f 7062/10745/2551 7061/10625/2540 7064/10624/2539 7063/10746/2552
f 7136/10747/1508 7137/10748/1508 7045/10731/1508 7046/10660/1508
f 7175/10749/1678 7087/10750/1678 7086/10751/2567 7194/10752/2567
f 7057/10737/4 7058/10658/4 7069/10682/4 7070/10741/4
f 7075/10740/4 7076/10683/4 7047/10661/4 7048/10732/4
f 7061/10625/1275 7062/10745/1275 7049/10733/1341 7050/10684/1341
f 7184/10753/1216 7185/10754/1216 7059/10659/1216 7060/10738/1216
f 7065/10743/1268 7066/10622/1268 7053/10687/2255 7054/10735/2255
f 7099/10653/1592 7100/10755/1592 7097/10756/1592 7098/10645/1592
f 7063/10746/2278 7064/10624/2278 7039/10612/2558 7040/10726/2558
f 7041/10728/1783 7042/10613/1783 7067/10623/1858 7068/10744/1858
f 7073/10632/2170 7074/10739/2170 7037/10723/2157 7038/10633/2157
f 7043/10630/2560 7044/10730/2560 7071/10742/2568 7072/10631/2568
f 7025/10757/6 7037/10654/6 7040/10657/6 7022/10758/6
f 7215/10759/1259 7093/10760/1259 7096/10761/2175 7202/10762/2175
f 7211/10763/2184 7089/10764/2184 7092/10765/2569 7206/10766/2569
f 7176/10767/1355 7193/10768/1355 7192/10769/1355 7177/10770/1355
f 7174/10771/2570 7088/10772/2570 7091/10773/2571 7207/10773/2571
f 7198/10774/1259 7100/10775/1259 7079/10776/2572 7183/10776/2572
f 7152/10777/1333 7169/10778/1333 7168/10779/1333 7153/10780/1333
f 7156/10781/1315 7165/10782/1315 7164/10783/1315 7157/10784/1315
f 7232/10785/2175 7229/10786/907 7242/10787/907 7243/10788/2056
f 7128/10789/1365 7145/10790/1365 7144/10791/1365 7129/10792/1365
f 7194/10752/2567 7086/10751/2567 7114/10793/1330 7127/10794/1330
f 7186/10795/2573 7078/10796/2573 7122/10797/2574 7135/10798/2574
f 7143/10799/2188 7120/10800/2188 7117/10801/2575 7130/10802/2575
f 7132/10803/65 7141/10804/65 7140/10805/65 7133/10806/65
f 7139/10807/2547 7124/10808/2547 7121/10809/2576 7134/10810/2576
f 7206/10811/2569 7092/10812/2569 7087/10813/1678 7175/10814/1678
f 7180/10815/1216 7189/10816/1216 7188/10817/1216 7181/10818/1216
f 7202/10819/2175 7096/10820/2175 7083/10821/1301 7179/10822/1301
f 7150/10823/2577 7101/10824/2577 7097/10756/2578 7219/10825/2578
f 7171/10826/2579 7104/10827/2579 7101/10824/2577 7150/10823/2577
f 7146/10828/1364 7115/10829/1364 7112/10830/2175 7163/10831/2175
f 7210/10832/2580 7090/10833/2580 7110/10834/2581 7159/10835/2581
f 7214/10836/2582 7094/10837/2582 7106/10838/2583 7155/10839/2583
f 7151/10647/2543 7102/10646/2543 7103/10840/2546 7170/10841/2546
f 7200/10842/1494 7217/10843/1494 7216/10844/1494 7201/10845/1494
f 7155/10839/2583 7106/10838/2583 7107/10846/2286 7166/10847/2286
f 7189/10816/3 7132/10803/3 7133/10806/3 7188/10817/3
f 7191/10848/2022 7081/10849/2022 7084/10850/1462 7178/10851/1462
f 7051/10685/66 7052/10734/66 7172/10852/66 7149/10853/66
f 7195/10854/1261 7085/10855/1261 7088/10856/2570 7174/10857/2570
f 7205/10858/6 7176/10859/6 7177/10860/6 7204/10861/6
f 7135/10798/2574 7122/10797/2574 7123/10862/2584 7138/10863/2584
f 7159/10835/2581 7110/10834/2581 7111/10864/2585 7162/10865/2585
f 7253/10866/1643 7254/10699/1643 7033/10867/1643 7034/10868/1643
f 7138/10869/2584 7123/10870/2584 7104/10871/2579 7171/10872/2579
f 7153/10780/10 7216/10844/10 7217/10843/10 7152/10777/10
f 7141/10873/9 7168/10874/9 7169/10875/9 7140/10876/9
f 7207/10877/2571 7091/10878/2571 7090/10833/2580 7210/10832/2580
f 7190/10879/2076 7082/10880/2076 7118/10881/2055 7131/10882/2055
f 7137/10883/9 7172/10884/9 7052/10690/9 7045/10694/9
f 7193/10768/7 7128/10789/7 7129/10792/7 7192/10769/7
f 7131/10882/2055 7118/10881/2055 7119/10885/2305 7142/10886/2305
f 7182/10887/1353 7080/10888/1353 7099/10889/1276 7199/10890/1276
f 7145/10891/9 7164/10892/9 7165/10893/9 7144/10894/9
f 7232/10785/2175 7243/10788/2056 7238/10895/2056 7225/10896/1495
f 7238/10895/2056 7239/10897/907 7228/10898/1301 7225/10896/1495
f 7166/10899/2286 7107/10900/2286 7120/10901/2188 7143/10902/2188
f 7158/10903/2567 7109/10904/2567 7089/10764/2184 7211/10763/2184
f 7147/10905/2586 7116/10906/2586 7113/10907/2060 7126/10908/2060
f 7095/10909/1207 7096/10761/1207 7093/10760/1207 7094/10837/1207
f 7091/10878/2587 7092/10765/2587 7089/10764/2587 7090/10833/2587
f 7087/10750/51 7088/10856/51 7085/10855/51 7086/10751/51
f 7083/10910/2588 7084/10850/2588 7081/10849/2588 7082/10880/2588
f 7079/10911/1506 7080/10912/1506 7077/10913/1506 7078/10796/1506
f 7102/10646/2589 7101/10824/2589 7104/10827/2589 7103/10840/2589
f 7106/10838/2590 7105/10914/2590 7108/10915/2590 7107/10846/2590
f 7110/10834/2591 7109/10904/2591 7112/10916/2591 7111/10864/2591
f 7114/10793/1218 7113/10907/1218 7116/10906/1218 7115/10917/1218
f 7118/10881/2592 7117/10801/2592 7120/10800/2592 7119/10885/2592
f 7122/10797/1354 7121/10809/1354 7124/10808/1354 7123/10862/1354
f 7086/10751/3 7085/10855/3 7113/10907/3 7114/10793/3
f 7082/10880/1653 7081/10849/1653 7117/10801/1653 7118/10881/1653
f 7078/10796/7 7077/10913/7 7121/10809/7 7122/10797/7
f 7092/10812/1361 7091/10773/1361 7088/10772/1361 7087/10813/1361
f 7096/10820/1361 7095/10918/1361 7084/10919/1361 7083/10821/1361
f 7100/10775/1361 7099/10889/1361 7080/10888/1361 7079/10776/1361
f 7115/10829/1360 7116/10698/1360 7111/10920/1360 7112/10830/1360
f 7119/10649/2074 7120/10901/2074 7107/10900/2074 7108/10650/2074
f 7123/10870/1360 7124/10664/1360 7103/10663/1360 7104/10871/1360
f 7109/10904/1241 7110/10834/1241 7090/10833/1241 7089/10764/1241
f 7105/10914/2013 7106/10838/2013 7094/10837/2013 7093/10760/2013
f 7101/10824/10 7102/10646/10 7098/10645/10 7097/10756/10
f 7224/10921/1495 7251/10922/1495 7246/10923/2175 7233/10924/1321
f 7224/10921/1495 7221/10925/1495 7250/10926/1301 7251/10922/1495
f 7163/10927/2175 7112/10916/2175 7109/10904/2567 7158/10903/2567
f 7157/10784/1 7212/10928/1 7213/10929/1 7156/10781/1
f 7187/10930/2593 7077/10913/2593 7080/10912/1353 7182/10931/1353
f 7130/10802/2575 7117/10801/2575 7081/10849/2022 7191/10848/2022
f 7149/10853/1 7220/10932/1 7056/10686/1 7051/10685/1
f 7055/10736/1494 7056/10686/1494 7220/10932/1494 7197/10933/1494
f 7179/10934/1301 7083/10910/1301 7082/10880/2076 7190/10879/2076
f 7201/10935/6 7180/10936/6 7181/10937/6 7200/10938/6
f 7167/10939/2068 7108/10915/2068 7105/10914/2017 7154/10940/2017
f 7154/10940/2017 7105/10914/2017 7093/10760/1259 7215/10759/1259
f 7219/10825/2578 7097/10756/2578 7100/10755/1259 7198/10941/1259
f 7185/10754/7 7136/10747/7 7046/10660/7 7059/10659/7
f 7204/10942/1494 7213/10929/1494 7212/10928/1494 7205/10943/1494
f 7183/10944/2572 7079/10911/2572 7078/10796/2573 7186/10795/2573
f 7178/10945/1462 7084/10919/1462 7095/10918/2594 7203/10946/2594
f 7208/10947/1867 7209/10722/1867 7226/10721/1867 7227/10948/1867
f 7162/10949/2585 7111/10920/2585 7116/10698/2586 7147/10698/2586
f 7134/10810/2576 7121/10809/2576 7077/10913/2593 7187/10930/2593
f 7203/10950/2594 7095/10909/2594 7094/10837/2582 7214/10836/2582
f 7246/10923/2175 7247/10951/1351 7236/10952/2175 7233/10924/1321
f 7197/10953/6 7184/10954/6 7060/10617/6 7055/10616/6
f 7127/10794/1330 7114/10793/1330 7115/10917/1364 7146/10955/1364
f 7200/10842/2417 7199/10652/2417 7218/10644/2417 7217/10843/2417
f 7220/10932/2595 7219/10825/2595 7198/10941/2595 7197/10933/2595
f 7204/10942/1525 7203/10950/1525 7214/10836/1525 7213/10929/1525
f 7216/10844/2596 7215/10759/2596 7202/10762/2596 7201/10845/2596
f 7208/10947/2597 7207/10877/2597 7210/10832/2597 7209/10722/2597
f 7212/10928/2598 7211/10763/2598 7206/10766/2598 7205/10943/2598
f 7176/10767/2599 7175/10749/2599 7194/10752/2599 7193/10768/2599
f 7196/10673/2600 7195/10854/2600 7174/10857/2600 7173/10956/2600
f 7180/10815/2601 7179/10934/2601 7190/10879/2601 7189/10816/2601
f 7192/10769/2413 7191/10848/2413 7178/10851/2413 7177/10770/2413
f 7184/10753/2602 7183/10944/2602 7186/10795/2602 7185/10754/2602
f 7188/10817/2603 7187/10930/2603 7182/10931/2603 7181/10818/2603
f 7152/10777/2604 7151/10647/2604 7170/10841/2604 7169/10778/2604
f 7172/10852/2605 7171/10826/2605 7150/10823/2605 7149/10853/2605
f 7156/10781/2468 7155/10839/2468 7166/10847/2468 7165/10782/2468
f 7168/10779/2606 7167/10939/2606 7154/10940/2606 7153/10780/2606
f 7160/10674/2604 7159/10835/2604 7162/10865/2604 7161/10675/2604
f 7164/10783/2607 7163/10927/2607 7158/10903/2607 7157/10784/2607
f 7128/10789/2092 7127/10794/2092 7146/10955/2092 7145/10790/2092
f 7148/10716/1593 7147/10905/1593 7126/10908/1593 7125/10672/1593
f 7132/10803/2608 7131/10882/2608 7142/10886/2608 7141/10804/2608
f 7144/10791/2609 7143/10799/2609 7130/10802/2609 7129/10792/2609
f 7136/10747/2610 7135/10798/2610 7138/10863/2610 7137/10748/2610
f 7140/10805/2093 7139/10807/2093 7134/10810/2093 7133/10806/2093
f 7193/10768/1396 7194/10752/1396 7127/10794/1396 7128/10789/1396
f 7125/10672/1472 7126/10908/1472 7195/10854/1472 7196/10673/1472
f 7189/10816/1396 7190/10879/1396 7131/10882/1396 7132/10803/1396
f 7129/10792/520 7130/10802/520 7191/10848/520 7192/10769/520
f 7185/10754/1396 7186/10795/1396 7135/10798/1396 7136/10747/1396
f 7133/10806/1613 7134/10810/1613 7187/10930/1613 7188/10817/1613
f 7205/10858/50 7206/10811/50 7175/10814/50 7176/10859/50
f 7173/10680/58 7174/10771/58 7207/10773/58 7208/10681/58
f 7201/10935/50 7202/10819/50 7179/10822/50 7180/10936/50
f 7177/10860/1818 7178/10945/1818 7203/10946/1818 7204/10861/1818
f 7197/10953/1611 7198/10774/1611 7183/10776/1611 7184/10954/1611
f 7181/10937/1217 7182/10887/1217 7199/10890/1217 7200/10938/1217
f 7145/10891/48 7146/10828/48 7163/10831/48 7164/10892/48
f 7161/10697/2027 7162/10949/2027 7147/10698/2027 7148/10698/2027
f 7141/10873/1999 7142/10648/1999 7167/10651/1999 7168/10874/1999
f 7165/10893/1392 7166/10899/1392 7143/10902/1392 7144/10894/1392
f 7137/10883/2611 7138/10869/2611 7171/10872/2611 7172/10884/2611
f 7169/10875/44 7170/10662/44 7139/10665/44 7140/10876/44
f 7157/10784/56 7158/10903/56 7211/10763/56 7212/10928/56
f 7209/10722/1213 7210/10832/1213 7159/10835/1213 7160/10674/1213
f 7153/10780/1389 7154/10940/1389 7215/10759/1389 7216/10844/1389
f 7213/10929/1213 7214/10836/1213 7155/10839/1213 7156/10781/1213
f 7149/10853/1389 7150/10823/1389 7219/10825/1389 7220/10932/1389
f 7217/10843/1202 7218/10644/1202 7151/10647/1202 7152/10777/1202
f 7126/10908/2060 7113/10907/2060 7085/10855/1261 7195/10854/1261
f 7238/10895/2612 7237/10707/2612 7240/10710/2612 7239/10897/2612
f 7242/10787/2613 7241/10957/2613 7244/10958/2613 7243/10788/2613
f 7246/10923/2614 7245/10959/2614 7248/10960/2614 7247/10951/2614
f 7250/10926/2615 7249/10961/2615 7252/10962/2615 7251/10922/2615
f 7230/10963/2616 7229/10786/2616 7232/10785/2616 7231/10964/2616
f 7234/10965/2617 7233/10924/2617 7236/10952/2617 7235/10966/2617
f 7222/10967/2618 7221/10925/2618 7224/10921/2618 7223/10968/2618
f 7226/10969/2619 7225/10896/2619 7228/10898/2619 7227/10970/2619
f 7233/10924/2345 7234/10965/2345 7223/10968/2345 7224/10921/2345
f 7245/10959/2620 7246/10923/2620 7251/10922/2620 7252/10962/2620
f 7221/10720/2621 7222/10971/2621 7227/10972/2621 7228/10717/2621
f 7249/10973/1624 7250/10719/1624 7239/10718/1624 7240/10718/1624
f 7225/10896/2622 7226/10969/2622 7231/10964/2622 7232/10785/2622
f 7237/10707/1740 7238/10895/1740 7243/10788/1740 7244/10958/1740
f 7229/10714/2623 7230/10974/2623 7235/10975/2623 7236/10711/2623
f 7241/10976/2624 7242/10713/2624 7247/10712/2624 7248/10977/2624
f 7222/10978/1216 7223/10670/1216 7196/10673/1216 7173/10956/1216
f 7257/10979/1246 7263/10980/1247 7264/10981/1248 7258/10982/1249
f 7029/10642/1418 7259/10641/1418 7260/10983/1418 7036/10984/1418
f 7031/10985/1420 7257/10979/1420 7258/10982/1420 7030/10986/1420
f 7033/10867/1416 7254/10699/1416 7255/10702/1416 7032/10987/1416
f 7268/10988/1758 7266/10989/1758 7282/10990/1758 7283/10991/1758
f 7035/10992/1417 7256/10626/1417 7253/10629/1417 7034/10993/1417
f 7031/10994/1746 7032/10987/1746 7255/10702/1746 7257/10995/1746
f 7035/10996/2625 7036/10984/2625 7260/10983/2625 7256/10997/2625
f 7248/10977/2115 7277/10998/2626 7276/10999/2220 7241/10976/2627
f 7270/11000/2628 7271/11001/2628 7261/11002/2628 7267/11003/2628
f 7241/10957/2627 7276/11004/2220 7273/11005/2223 7244/10958/2629
f 7245/10959/2630 7280/11006/2631 7277/11007/2626 7248/10960/2115
f 7249/10961/2227 7284/11008/2632 7281/11009/2633 7252/10962/2228
f 7244/10958/2629 7273/11005/2223 7272/10708/2041 7237/10707/2556
f 7252/10962/2228 7281/11009/2633 7280/11006/2631 7245/10959/2630
f 7278/11010/2126 7279/11011/2126 7265/11012/2126 7264/11013/2126
f 7265/11012/1438 7279/11011/1438 7282/10990/1438 7266/10989/1438
f 7255/10702/1757 7262/10701/1440 7263/11014/1247 7257/10995/1246
f 7261/11002/1437 7271/11001/1437 7274/11015/1437 7262/11016/1437
f 7260/10983/1669 7266/11017/1668 7268/11018/1831 7256/10997/1744
f 7253/10866/1252 7267/11019/1558 7261/10700/1456 7254/10699/1642
f 7259/10641/1291 7265/10640/1667 7266/11017/1668 7260/10983/1669
f 7263/11020/2634 7262/11016/2634 7274/11015/2634 7275/11021/2634
f 7270/11000/2232 7269/10709/2232 7272/10708/2232 7271/11001/2232
f 7274/11015/2635 7273/11005/2635 7276/11004/2635 7275/11021/2635
f 7278/11010/2234 7277/11007/2234 7280/11006/2234 7279/11011/2234
f 7282/10990/2636 7281/11009/2636 7284/11008/2636 7283/10991/2636
f 7279/11011/1448 7280/11006/1448 7281/11009/1448 7282/10990/1448
f 7283/10635/2637 7284/11022/2637 7269/11023/2637 7270/10636/2637
f 7271/11001/2638 7272/10708/2638 7273/11005/2638 7274/11015/2638
f 7275/10704/2639 7276/10999/2639 7277/10998/2639 7278/10705/2639
f 7240/10718/2557 7269/11023/2042 7284/11022/2632 7249/10973/2227
usemtl solar.02
f 3397/5003/4 3400/5004/4 3399/5005/4 3404/5006/4 3403/5007/4 3402/5008/4 3401/5009/4 3398/5010/4
f 3661/5419/4 3664/5420/4 3663/5421/4 3668/5422/4 3667/5423/4 3666/5424/4 3665/5425/4 3662/5426/4
f 3925/5834/4 3928/5835/4 3927/5836/4 3932/5837/4 3931/5838/4 3930/5839/4 3929/5840/4 3926/5841/4
f 4189/6250/4 4192/6251/4 4191/6252/4 4196/6253/4 4195/6254/4 4194/6255/4 4193/6256/4 4190/6257/4
f 4453/6669/4 4456/6670/4 4455/6671/4 4460/6672/4 4459/6673/4 4458/6674/4 4457/6675/4 4454/6676/4
f 4717/7086/4 4720/7087/4 4719/7088/4 4724/7089/4 4723/7090/4 4722/7091/4 4721/7092/4 4718/7093/4
f 5461/5003/4 5464/5004/4 5463/5005/4 5468/5006/4 5467/5007/4 5466/5008/4 5465/5009/4 5462/5010/4
f 5725/6250/4 5728/6251/4 5727/6252/4 5732/6253/4 5731/6254/4 5730/6255/4 5729/6256/4 5726/6257/4
f 5989/5003/4 5992/5004/4 5991/5005/4 5996/5006/4 5995/5007/4 5994/5008/4 5993/5009/4 5990/5010/4
f 6253/5419/4 6256/5420/4 6255/5421/4 6260/5422/4 6259/5423/4 6258/5424/4 6257/5425/4 6254/5426/4
f 6517/5834/4 6520/5835/4 6519/5836/4 6524/5837/4 6523/5838/4 6522/5839/4 6521/5840/4 6518/5841/4
f 7021/6250/4 7024/6251/4 7023/6252/4 7028/6253/4 7027/6254/4 7026/6255/4 7025/6256/4 7022/6257/4
usemtl plastic.02
f 3407/4969/2 3406/4970/2 3405/4971/2 3412/4972/2 3411/4973/2 3410/4974/2 3409/4975/2 3408/4976/2
f 3671/4969/2 3670/4970/2 3669/4971/2 3676/4972/2 3675/4973/2 3674/4974/2 3673/4975/2 3672/4976/2
f 3935/4969/2 3934/4970/2 3933/4971/2 3940/4972/2 3939/4973/2 3938/4974/2 3937/4975/2 3936/4976/2
f 4199/4969/2 4198/4970/2 4197/4971/2 4204/4972/2 4203/4973/2 4202/4974/2 4201/4975/2 4200/4976/2
f 4463/4969/2 4462/4970/2 4461/4971/2 4468/4972/2 4467/4973/2 4466/4974/2 4465/4975/2 4464/4976/2
f 4727/4969/2 4726/4970/2 4725/4971/2 4732/4972/2 4731/4973/2 4730/4974/2 4729/4975/2 4728/4976/2
f 5471/4969/2 5470/4970/2 5469/4971/2 5476/4972/2 5475/4973/2 5474/4974/2 5473/4975/2 5472/4976/2
f 5735/4969/2 5734/4970/2 5733/4971/2 5740/4972/2 5739/4973/2 5738/4974/2 5737/4975/2 5736/4976/2
f 5999/4969/2 5998/4970/2 5997/4971/2 6004/4972/2 6003/4973/2 6002/4974/2 6001/4975/2 6000/4976/2
f 6263/4969/2 6262/4970/2 6261/4971/2 6268/4972/2 6267/4973/2 6266/4974/2 6265/4975/2 6264/4976/2
f 6527/4969/2 6526/4970/2 6525/4971/2 6532/4972/2 6531/4973/2 6530/4974/2 6529/4975/2 6528/4976/2
f 7031/4969/2 7030/4970/2 7029/4971/2 7036/4972/2 7035/4973/2 7034/4974/2 7033/4975/2 7032/4976/2
usemtl concrete
f 3112/4205/944 3121/4206/945 2883/4207/945 2882/4208/944
f 3132/4209/151 3135/4210/151 3052/4211/151 3042/4212/151
f 3134/4213/151 3127/4214/151 3050/4215/151 3051/4216/151
f 3115/4217/946 3118/4218/947 2886/4219/947 2885/4220/946
f 2893/4221/948 2928/4222/949 2948/4223/950 2943/4224/951 2938/4225/952 2933/4226/953 2923/4227/954 2988/4228/955 3008/4229/956 3003/4230/957 2998/4231/958 2993/4232/959 2983/4233/960 2958/4234/961 2978/4235/962 2973/4236/963 2968/4237/964 2963/4238/965 2953/4239/966 2898/4240/967 2918/4241/968 2913/4242/969 2908/4243/970 2903/4244/971
f 3146/4245/151 3137/4246/151 3053/4247/151 3056/4248/151
f 3113/4249/151 3132/4209/151 3042/4212/151 3038/4250/151
f 3156/4251/151 3153/4252/151 3059/4253/151 3060/4254/151
f 3150/4255/151 3143/4256/151 3055/4257/151 3058/4258/151
f 3143/4256/151 3141/4259/151 3054/4260/151 3055/4257/151
f 3148/4261/151 3146/4245/151 3056/4248/151 3057/4262/151
f 3122/4263/151 3111/4264/151 3045/4265/151 3048/4266/151
f 3136/4267/972 3131/4268/973 2888/4269/973 2889/4270/972
f 3135/4210/151 3134/4213/151 3051/4216/151 3052/4211/151
f 3127/4214/151 3125/4271/151 3040/4272/151 3050/4215/151
f 3121/4206/945 3124/4273/974 2884/4274/974 2883/4207/945
f 3123/4275/151 3122/4263/151 3048/4266/151 3049/4276/151
f 3137/4246/151 3119/4277/151 3047/4278/151 3053/4247/151
f 3128/4279/975 3133/4280/976 2890/4281/976 2892/4282/975
f 3154/4283/977 3155/4284/978 2877/4285/978 2878/4286/977
f 3153/4252/151 3150/4255/151 3058/4258/151 3059/4253/151
f 3142/4287/979 3144/4288/980 2879/4289/980 2874/4290/979
f 3140/4291/151 3148/4261/151 3057/4262/151 3043/4292/151
f 3116/4293/151 3123/4275/151 3049/4276/151 3039/4294/151
f 3074/4295/981 3099/4296/982 2992/4297/983 2927/4298/984
f 2937/4299/985 2927/4298/984 2926/4300/986 2936/4301/987
f 2936/4301/987 2926/4300/986 2925/4302/988 2935/4303/989
f 2935/4303/989 2925/4302/988 2924/4304/990 2934/4305/991
f 2934/4305/991 2924/4304/990 2923/4227/954 2933/4226/953
f 3078/4306/85 3080/4307/85 3015/4308/85 3013/4309/85
f 2942/4310/992 2937/4299/985 2936/4301/987 2941/4311/993
f 2941/4311/993 2936/4301/987 2935/4303/989 2940/4312/994
f 2940/4312/994 2935/4303/989 2934/4305/991 2939/4313/995
f 2939/4313/995 2934/4305/991 2933/4226/953 2938/4225/952
f 3080/4307/85 3082/4314/85 3016/4315/85 3015/4308/85
f 2947/4316/996 2942/4310/992 2941/4311/993 2946/4317/997
f 2946/4317/997 2941/4311/993 2940/4312/994 2945/4318/998
f 2945/4318/998 2940/4312/994 2939/4313/995 2944/4319/999
f 2944/4319/999 2939/4313/995 2938/4225/952 2943/4224/951
f 3082/4314/85 3084/4320/85 3017/4321/85 3016/4315/85
f 2952/4322/1000 2947/4316/996 2946/4317/997 2951/4323/1001
f 2951/4323/1001 2946/4317/997 2945/4318/998 2950/4324/1002
f 2950/4324/1002 2945/4318/998 2944/4319/999 2949/4325/1003
f 2949/4325/1003 2944/4319/999 2943/4224/951 2948/4223/950
f 3084/4320/85 3076/4326/85 3018/4327/85 3017/4321/85
f 2932/4328/1004 2952/4322/1000 2951/4323/1001 2931/4329/1005
f 2931/4329/1005 2951/4323/1001 2950/4324/1002 2930/4330/1006
f 2930/4330/1006 2950/4324/1002 2949/4325/1003 2929/4331/1007
f 2929/4331/1007 2949/4325/1003 2948/4223/950 2928/4222/949
f 3064/4332/85 3085/4333/85 3036/4334/85 3019/4335/85
f 2902/4336/1008 2919/4337/1009 2920/4338/1010 2901/4339/1011
f 2901/4339/1011 2920/4338/1010 2921/4340/1012 2900/4341/1013
f 2900/4341/1013 2921/4340/1012 2922/4342/1014 2899/4343/1015
f 2899/4343/1015 2922/4342/1014 2918/4241/968 2898/4240/967
f 3073/4344/85 3078/4306/85 3013/4309/85 3014/4345/85
f 2919/4337/1009 2914/4346/1016 2915/4347/1017 2920/4338/1010
f 2920/4338/1010 2915/4347/1017 2916/4348/1018 2921/4340/1012
f 2921/4340/1012 2916/4348/1018 2917/4349/1019 2922/4342/1014
f 2922/4342/1014 2917/4349/1019 2913/4242/969 2918/4241/968
f 3069/4350/85 3071/4351/85 3020/4352/85 3021/4353/85
f 2914/4346/1016 2909/4354/1020 2910/4355/1021 2915/4347/1017
f 2915/4347/1017 2910/4355/1021 2911/4356/1022 2916/4348/1018
f 2916/4348/1018 2911/4356/1022 2912/4357/1023 2917/4349/1019
f 2917/4349/1019 2912/4357/1023 2908/4243/970 2913/4242/969
f 3067/4358/85 3069/4350/85 3021/4353/85 3022/4359/85
f 2909/4354/1020 2904/4360/1024 2905/4361/1025 2910/4355/1021
f 2910/4355/1021 2905/4361/1025 2906/4362/1026 2911/4356/1022
f 2911/4356/1022 2906/4362/1026 2907/4363/1027 2912/4357/1023
f 2912/4357/1023 2907/4363/1027 2903/4244/971 2908/4243/970
f 3062/4364/1028 3075/4365/1029 2932/4328/1004 2894/4366/1030
f 2904/4360/1024 2894/4366/1030 2895/4367/1031 2905/4361/1025
f 2905/4361/1025 2895/4367/1031 2896/4368/1032 2906/4362/1026
f 2906/4362/1026 2896/4368/1032 2897/4369/1033 2907/4363/1027
f 2907/4363/1027 2897/4369/1033 2893/4221/948 2903/4244/971
f 3099/4296/982 3107/4370/1034 3012/4371/1035 2992/4297/983
f 2997/4372/1036 2987/4373/1037 2986/4374/1038 2996/4375/1039
f 2996/4375/1039 2986/4374/1038 2985/4376/1040 2995/4377/1041
f 2995/4377/1041 2985/4376/1040 2984/4378/1042 2994/4379/1043
f 2994/4379/1043 2984/4378/1042 2983/4233/960 2993/4232/959
f 3102/4380/85 3104/4381/85 3027/4382/85 3025/4383/85
f 3002/4384/1044 2997/4372/1036 2996/4375/1039 3001/4385/1045
f 3001/4385/1045 2996/4375/1039 2995/4377/1041 3000/4386/1046
f 3000/4386/1046 2995/4377/1041 2994/4379/1043 2999/4387/1047
f 2999/4387/1047 2994/4379/1043 2993/4232/959 2998/4231/958
f 3104/4381/85 3106/4388/85 3028/4389/85 3027/4382/85
f 3007/4390/1048 3002/4384/1044 3001/4385/1045 3006/4391/1049
f 3006/4391/1049 3001/4385/1045 3000/4386/1046 3005/4392/1050
f 3005/4392/1050 3000/4386/1046 2999/4387/1047 3004/4393/1051
f 3004/4393/1051 2999/4387/1047 2998/4231/958 3003/4230/957
f 3106/4388/85 3108/4394/85 3029/4395/85 3028/4389/85
f 3012/4371/1035 3007/4390/1048 3006/4391/1049 3011/4396/1052
f 3011/4396/1052 3006/4391/1049 3005/4392/1050 3010/4397/1053
f 3010/4397/1053 3005/4392/1050 3004/4393/1051 3009/4398/1054
f 3009/4398/1054 3004/4393/1051 3003/4230/957 3008/4229/956
f 3108/4394/85 3100/4399/85 3030/4400/85 3029/4395/85
f 2992/4297/983 3012/4371/1035 3011/4396/1052 2991/4401/1055
f 2991/4401/1055 3011/4396/1052 3010/4397/1053 2990/4402/1056
f 2990/4402/1056 3010/4397/1053 3009/4398/1054 2989/4403/1057
f 2989/4403/1057 3009/4398/1054 3008/4229/956 2988/4228/955
f 3088/4404/85 3097/4405/85 3026/4406/85 3031/4407/85
f 2962/4408/1058 2979/4409/1059 2980/4410/1060 2961/4411/1061
f 2961/4411/1061 2980/4410/1060 2981/4412/1062 2960/4413/1063
f 2960/4413/1063 2981/4412/1062 2982/4414/1064 2959/4415/1065
f 2959/4415/1065 2982/4414/1064 2978/4235/962 2958/4234/961
f 3097/4405/85 3102/4380/85 3025/4383/85 3026/4406/85
f 2979/4409/1059 2974/4416/1066 2975/4417/1067 2980/4410/1060
f 2980/4410/1060 2975/4417/1067 2976/4418/1068 2981/4412/1062
f 2981/4412/1062 2976/4418/1068 2977/4419/1069 2982/4414/1064
f 2982/4414/1064 2977/4419/1069 2973/4236/963 2978/4235/962
f 3093/4420/85 3095/4421/85 3032/4422/85 3033/4423/85
f 2974/4416/1066 2969/4424/1070 2970/4425/1071 2975/4417/1067
f 2975/4417/1067 2970/4425/1071 2971/4426/1072 2976/4418/1068
f 2976/4418/1068 2971/4426/1072 2972/4427/1073 2977/4419/1069
f 2977/4419/1069 2972/4427/1073 2968/4237/964 2973/4236/963
f 3091/4428/85 3093/4420/85 3033/4423/85 3034/4429/85
f 2969/4424/1070 2964/4430/1074 2965/4431/1075 2970/4425/1071
f 2970/4425/1071 2965/4431/1075 2966/4432/1076 2971/4426/1072
f 2971/4426/1072 2966/4432/1076 2967/4433/1077 2972/4427/1073
f 2972/4427/1073 2967/4433/1077 2963/4238/965 2968/4237/964
f 3098/4434/1078 3087/4435/1079 2962/4408/1058 2987/4373/1037
f 2964/4430/1074 2954/4436/1080 2955/4437/1081 2965/4431/1075
f 2965/4431/1075 2955/4437/1081 2956/4438/1082 2966/4432/1076
f 2966/4432/1076 2956/4438/1082 2957/4439/1083 2967/4433/1077
f 2967/4433/1077 2957/4439/1083 2953/4239/966 2963/4238/965
f 3063/4440/1084 3072/4441/1085 2919/4337/1009 2902/4336/1008
f 2954/4436/1080 2902/4336/1008 2901/4339/1011 2955/4437/1081
f 2955/4437/1081 2901/4339/1011 2900/4341/1013 2956/4438/1082
f 2956/4438/1082 2900/4341/1013 2899/4343/1015 2957/4439/1083
f 2957/4439/1083 2899/4343/1015 2898/4240/967 2953/4239/966
f 3076/4326/85 3061/4442/85 3024/4443/85 3018/4327/85
f 2894/4366/1030 2932/4328/1004 2931/4329/1005 2895/4367/1031
f 2895/4367/1031 2931/4329/1005 2930/4330/1006 2896/4368/1032
f 2896/4368/1032 2930/4330/1006 2929/4331/1007 2897/4369/1033
f 2897/4369/1033 2929/4331/1007 2928/4222/949 2893/4221/948
f 3087/4435/1079 3096/4444/1086 2979/4409/1059 2962/4408/1058
f 2987/4373/1037 2962/4408/1058 2961/4411/1061 2986/4374/1038
f 2986/4374/1038 2961/4411/1061 2960/4413/1063 2985/4376/1040
f 2985/4376/1040 2960/4413/1063 2959/4415/1065 2984/4378/1042
f 2984/4378/1042 2959/4415/1065 2958/4234/961 2983/4233/960
f 3100/4399/85 3073/4344/85 3014/4345/85 3030/4400/85
f 2927/4298/984 2992/4297/983 2991/4401/1055 2926/4300/986
f 2926/4300/986 2991/4401/1055 2990/4402/1056 2925/4302/988
f 2925/4302/988 2990/4402/1056 2989/4403/1057 2924/4304/990
f 2924/4304/990 2989/4403/1057 2988/4228/955 2923/4227/954
f 3110/4445/151 3113/4249/151 3038/4250/151 3037/4446/151
f 3101/4447/1087 3098/4434/1078 2987/4373/1037 2997/4372/1036
f 3129/4448/1088 3126/4449/1089 2891/4450/1089 2875/4451/1088
f 3111/4264/151 3110/4445/151 3037/4446/151 3045/4265/151
f 3120/4452/1090 3138/4453/1091 2870/4454/1091 2869/4455/1090
f 3133/4280/976 3136/4267/972 2889/4270/972 2890/4281/976
f 3085/4333/85 3089/4456/85 3035/4457/85 3036/4334/85
f 3071/4351/85 3064/4332/85 3019/4335/85 3020/4352/85
f 3125/4271/151 3130/4458/151 3041/4459/151 3040/4272/151
f 3109/4460/1092 3112/4205/944 2882/4208/944 2881/4461/1092
f 3130/4458/151 3151/4462/151 3044/4463/151 3041/4459/151
f 3095/4421/85 3088/4404/85 3031/4407/85 3032/4422/85
f 3118/4218/947 3120/4452/1090 2869/4455/1090 2886/4219/947
f 3119/4277/151 3117/4464/151 3046/4465/151 3047/4278/151
f 3079/4466/1093 3077/4467/1094 2937/4299/985 2942/4310/992
f 3126/4449/1089 3128/4279/975 2892/4282/975 2891/4450/1089
f 3139/4468/1095 3142/4287/979 2874/4290/979 2873/4469/1095
f 3103/4470/1096 3101/4447/1087 2997/4372/1036 3002/4384/1044
f 3072/4441/1085 3070/4471/1097 2914/4346/1016 2919/4337/1009
f 3155/4284/978 3152/4472/1098 2876/4473/1098 2877/4285/978
f 3096/4444/1086 3094/4474/1099 2974/4416/1066 2979/4409/1059
f 3117/4464/151 3116/4293/151 3039/4294/151 3046/4465/151
f 3151/4462/151 3156/4251/151 3060/4254/151 3044/4463/151
f 3065/4475/85 3067/4358/85 3022/4359/85 3023/4476/85
f 3024/4443/1100 3023/4476/1101 3045/4265/1101 3037/4446/1100
f 3020/4352/1102 3019/4335/1103 3046/4465/1103 3039/4294/1102
f 3032/4422/1104 3031/4407/1105 3054/4260/1105 3043/4292/1104
f 3033/4423/1106 3032/4422/1104 3043/4292/1104 3057/4262/1106
f 3025/4383/1107 3027/4382/977 3059/4253/977 3058/4258/1107
f 3028/4389/978 3029/4395/1108 3044/4463/1108 3060/4254/978
f 3030/4400/1109 3014/4345/1110 3040/4272/1110 3041/4459/1109
f 3019/4335/1103 3036/4334/1111 3047/4278/1111 3046/4465/1103
f 3022/4359/945 3021/4353/974 3049/4276/974 3048/4266/945
f 3036/4334/1111 3035/4457/1112 3053/4247/1112 3047/4278/1111
f 3014/4345/1110 3013/4309/1113 3050/4215/1113 3040/4272/1110
f 3015/4308/976 3016/4315/972 3052/4211/972 3051/4216/976
f 3029/4395/1108 3030/4400/1109 3041/4459/1109 3044/4463/1108
f 3023/4476/1101 3022/4359/945 3048/4266/945 3045/4265/1101
f 3034/4429/1114 3033/4423/1106 3057/4262/1106 3056/4248/1114
f 3031/4407/1105 3026/4406/1115 3055/4257/1115 3054/4260/1105
f 3026/4406/1115 3025/4383/1107 3058/4258/1107 3055/4257/1115
f 3027/4382/977 3028/4389/978 3060/4254/978 3059/4253/977
f 3017/4321/1116 3018/4327/1117 3038/4250/1117 3042/4212/1116
f 3035/4457/1112 3034/4429/1114 3056/4248/1114 3053/4247/1112
f 3021/4353/974 3020/4352/1102 3039/4294/1102 3049/4276/974
f 3013/4309/1113 3015/4308/976 3051/4216/976 3050/4215/1113
f 3016/4315/972 3017/4321/1116 3042/4212/1116 3052/4211/972
f 3018/4327/1117 3024/4443/1100 3037/4446/1100 3038/4250/1117
f 3107/4370/1034 3105/4477/1118 3007/4390/1048 3012/4371/1035
f 3077/4467/1094 3074/4295/981 2927/4298/984 2937/4299/985
f 3090/4478/1119 3086/4479/1120 2954/4436/1080 2964/4430/1074
f 3083/4480/1121 3081/4481/1122 2947/4316/996 2952/4322/1000
f 3138/4453/1091 3145/4482/1114 2871/4483/1114 2870/4454/1091
f 3066/4484/1123 3062/4364/1028 2894/4366/1030 2904/4360/1024
f 3152/4472/1098 3129/4448/1088 2875/4451/1088 2876/4473/1098
f 3105/4477/1118 3103/4470/1096 3002/4384/1044 3007/4390/1048
f 3131/4268/973 3114/4485/1124 2887/4486/1124 2888/4269/973
f 3075/4365/1029 3083/4480/1121 2952/4322/1000 2932/4328/1004
f 3092/4487/1125 3090/4478/1119 2964/4430/1074 2969/4424/1070
f 3081/4481/1122 3079/4466/1093 2942/4310/992 2947/4316/996
f 3114/4485/1124 3109/4460/1092 2881/4461/1092 2887/4486/1124
f 3068/4488/1126 3066/4484/1123 2904/4360/1024 2909/4354/1020
f 3149/4489/1127 3154/4283/977 2878/4286/977 2880/4490/1127
f 3124/4273/974 3115/4217/946 2885/4220/946 2884/4274/974
f 3086/4479/1120 3063/4440/1084 2902/4336/1008 2954/4436/1080
f 3144/4491/980 3149/4489/1127 2880/4490/1127 2879/4492/980
f 3147/4493/1106 3139/4468/1095 2873/4469/1095 2872/4494/1106
f 3094/4474/1099 3092/4487/1125 2969/4424/1070 2974/4416/1066
f 3145/4482/1114 3147/4493/1106 2872/4494/1106 2871/4483/1114
f 3070/4471/1097 3068/4488/1126 2909/4354/1020 2914/4346/1016
f 3141/4259/151 3140/4291/151 3043/4292/151 3054/4260/151
f 3089/4456/85 3091/4428/85 3034/4429/85 3035/4457/85
f 3078/4306/1128 3073/4344/1129 3074/4495/1129 3077/4496/1128
f 3080/4307/1130 3078/4306/1128 3077/4496/1128 3079/4497/1130
f 3082/4314/1131 3080/4307/1130 3079/4497/1130 3081/4498/1131
f 3084/4320/1132 3082/4314/1131 3081/4498/1131 3083/4499/1132
f 3076/4326/1133 3084/4320/1132 3083/4499/1132 3075/4500/1133
f 3064/4332/1134 3071/4351/1135 3072/4501/1135 3063/4502/1134
f 3071/4351/1135 3069/4350/1136 3070/4503/1136 3072/4501/1135
f 3069/4350/1136 3067/4358/1137 3068/4504/1137 3070/4503/1136
f 3067/4358/1137 3065/4475/1138 3066/4505/1138 3068/4504/1137
f 3065/4475/1138 3061/4442/1139 3062/4506/1139 3066/4505/1138
f 3102/4380/1140 3097/4405/1141 3098/4507/1141 3101/4508/1140
f 3104/4381/1142 3102/4380/1140 3101/4508/1140 3103/4509/1142
f 3106/4388/1143 3104/4381/1142 3103/4509/1142 3105/4510/1143
f 3108/4394/1144 3106/4388/1143 3105/4510/1143 3107/4511/1144
f 3100/4399/1145 3108/4394/1144 3107/4511/1144 3099/4512/1145
f 3088/4404/1146 3095/4421/1147 3096/4513/1147 3087/4514/1146
f 3095/4421/1147 3093/4420/1148 3094/4515/1148 3096/4513/1147
f 3093/4420/1148 3091/4428/1149 3092/4516/1149 3094/4515/1148
f 3091/4428/1149 3089/4456/1150 3090/4517/1150 3092/4516/1149
f 3089/4456/1150 3085/4333/1151 3086/4518/1151 3090/4517/1150
f 3085/4333/1151 3064/4332/1134 3063/4502/1134 3086/4518/1151
f 3061/4442/1139 3076/4326/1133 3075/4500/1133 3062/4506/1139
f 3097/4405/1141 3088/4404/1146 3087/4514/1146 3098/4507/1141
f 3073/4344/1129 3100/4399/1145 3099/4512/1145 3074/4495/1129
f 3112/4519/1152 3109/4520/1153 3110/4445/1153 3111/4264/1152
f 3118/4521/1154 3115/4522/1155 3116/4293/1155 3117/4464/1154
f 3142/4523/1156 3139/4524/1157 3140/4291/1157 3141/4259/1156
f 3139/4524/1157 3147/4525/1158 3148/4261/1158 3140/4291/1157
f 3154/4526/1159 3149/4527/1160 3150/4255/1160 3153/4252/1159
f 3152/4528/1161 3155/4529/1162 3156/4251/1162 3151/4462/1161
f 3126/4530/1163 3129/4531/1164 3130/4458/1164 3125/4271/1163
f 3120/4532/1165 3118/4521/1154 3117/4464/1154 3119/4277/1165
f 3124/4533/1166 3121/4534/1167 3122/4263/1167 3123/4275/1166
f 3138/4535/1168 3120/4532/1165 3119/4277/1165 3137/4246/1168
f 3128/4536/1169 3126/4530/1163 3125/4271/1163 3127/4214/1169
f 3136/4537/1170 3133/4538/1171 3134/4213/1171 3135/4210/1170
f 3129/4531/1164 3152/4528/1161 3151/4462/1161 3130/4458/1164
f 3121/4534/1167 3112/4519/1152 3111/4264/1152 3122/4263/1167
f 3147/4525/1158 3145/4539/1172 3146/4245/1172 3148/4261/1158
f 3144/4540/1173 3142/4523/1156 3141/4259/1156 3143/4256/1173
f 3149/4527/1160 3144/4540/1173 3143/4256/1173 3150/4255/1160
f 3155/4529/1162 3154/4526/1159 3153/4252/1159 3156/4251/1162
f 3114/4541/1174 3131/4542/1175 3132/4209/1175 3113/4249/1174
f 3145/4539/1172 3138/4535/1168 3137/4246/1168 3146/4245/1172
f 3115/4522/1155 3124/4533/1166 3123/4275/1166 3116/4293/1155
f 3133/4538/1171 3128/4536/1169 3127/4214/1169 3134/4213/1171
f 3131/4542/1175 3136/4537/1170 3135/4210/1170 3132/4209/1175
f 3109/4520/1153 3114/4541/1174 3113/4249/1174 3110/4445/1153
f 3061/4442/85 3065/4475/85 3023/4476/85 3024/4443/85
